2025-10-04 20:52:43 [INFO]: Checking system requirements...

2025-10-04 20:53:07 [INFO]: FFmpeg: ✓ Installed
2025-10-04 20:53:07 [WARN]: Whisper model not found in Ollama. Run: ollama pull whisper
2025-10-04 20:53:07 [INFO]: Apple Speech: ✓ Available
2025-10-04 20:53:07 [INFO]: Ollama Whisper: ✗ Not available
2025-10-04 20:53:07 [INFO]: Found 1 Ollama models
2025-10-04 20:55:08 [INFO]: ============================================================
2025-10-04 20:55:08 [INFO]: Instagram Video Transcription Pipeline
2025-10-04 20:55:08 [INFO]: ============================================================
2025-10-04 20:55:08 [INFO]: URL: https://www.instagram.com/p/DPQLZE_jl-f/
2025-10-04 20:55:08 [INFO]: 
[1/5] Downloading Instagram video...
2025-10-04 20:55:08 [INFO]: Initializing browser with anti-detection measures...
2025-10-04 20:55:12 [INFO]: User agent: Mozilla/5.0 (iPhone; CPU iPhone OS 18_6_2 like Mac OS X) AppleWebKit/605.1.15 (KHTML, like Gecko) Version/18.6 Mobile/15E148 Safari/604.1
2025-10-04 20:55:12 [INFO]: Browser initialized successfully
2025-10-04 20:55:12 [INFO]: Scraping video from: https://www.instagram.com/p/DPQLZE_jl-f/
2025-10-04 20:55:12 [INFO]: Video ID: DPQLZE_jl-f
2025-10-04 20:55:12 [INFO]: Navigating to Instagram page...
2025-10-04 20:55:16 [INFO]: Attempting to extract video URL from DOM...
2025-10-04 20:55:16 [INFO]: Attempting to extract video URL from meta tags...
2025-10-04 20:55:16 [INFO]: Attempting to extract video URL from page source...
2025-10-04 20:55:16 [ERROR]: Error scraping video: Could not extract video URL from page
2025-10-04 20:55:16 [ERROR]: Scraping failed: Could not extract video URL from page
2025-10-04 20:55:16 [INFO]: Browser closed
2025-10-04 20:55:55 [INFO]: ============================================================
2025-10-04 20:55:55 [INFO]: Instagram Video Transcription Pipeline
2025-10-04 20:55:55 [INFO]: ============================================================
2025-10-04 20:55:55 [INFO]: URL: https://www.instagram.com/p/DPQLZE_jl-f/
2025-10-04 20:55:55 [INFO]: 
[1/5] Downloading Instagram video...
2025-10-04 20:55:55 [INFO]: Initializing browser with anti-detection measures...
2025-10-04 20:55:56 [INFO]: User agent: Mozilla/5.0 (Linux; Android 10; K) AppleWebKit/537.36 (KHTML, like Gecko) Chrome/140.0.0.0 Mobile Safari/537.36
2025-10-04 20:55:56 [INFO]: Browser initialized successfully
2025-10-04 20:55:56 [INFO]: Scraping video from: https://www.instagram.com/p/DPQLZE_jl-f/
2025-10-04 20:55:56 [INFO]: Video ID: DPQLZE_jl-f
2025-10-04 20:55:56 [INFO]: Navigating to Instagram page...
2025-10-04 20:56:00 [INFO]: Attempting to extract video URL from DOM...
2025-10-04 20:56:00 [INFO]: Attempting to extract video URL from meta tags...
2025-10-04 20:56:00 [INFO]: Attempting to extract video URL from page source...
2025-10-04 20:56:01 [ERROR]: Error scraping video: Could not extract video URL from page
2025-10-04 20:56:01 [ERROR]: Scraping failed: Could not extract video URL from page
2025-10-04 20:56:01 [INFO]: Browser closed
2025-10-04 20:58:38 [INFO]: ============================================================
2025-10-04 20:58:38 [INFO]: Instagram Video Transcription Pipeline
2025-10-04 20:58:38 [INFO]: ============================================================
2025-10-04 20:58:38 [INFO]: URL: https://www.instagram.com/p/DPQLZE_jl-f/
2025-10-04 20:58:38 [INFO]: 
[1/5] Downloading Instagram video...
2025-10-04 20:58:38 [INFO]: Initializing browser with anti-detection measures...
2025-10-04 20:58:39 [INFO]: User agent: Mozilla/5.0 (Windows NT 10.0; Win64; x64; rv:143.0) Gecko/20100101 Firefox/143.0
2025-10-04 20:58:39 [INFO]: Browser initialized successfully
2025-10-04 20:58:39 [INFO]: Scraping video from: https://www.instagram.com/p/DPQLZE_jl-f/
2025-10-04 20:58:39 [INFO]: Video ID: DPQLZE_jl-f
2025-10-04 20:58:39 [INFO]: Navigating to Instagram page...
2025-10-04 20:58:40 [INFO]: Intercepted video URL: https://instagram.fhio2-1.fna.fbcdn.net/o1/v/t16/f2/m69/AQOFxU_yYzm-vaKFITu0pdAhVeL0sQo4-pFmd2joBQ3Efs1YF3vzv0Jlm5gZ85yLXwceVf78ZvInLYWGj4vA2tQn.mp4?strext=1&_nc_cat=103&_nc_oc=Adl8A9aOV-5F1zJxyW5o6RByhoVO4DmiSyKihX1M3Yur9U1jhalJgPZmVSEytj42sTrmR6WSidrbMatVadyFDJb3&_nc_sid=9ca052&_nc_ht=instagram.fhio2-1.fna.fbcdn.net&_nc_ohc=uM8V8l6LwvwQ7kNvwHfeLOF&efg=eyJ2ZW5jb2RlX3RhZyI6ImlnLXhwdmRzLmNsaXBzLmMyLUMzLmRhc2hfbG5faGVhYWNfdmJyM19hdWRpbyIsInZpZGVvX2lkIjpudWxsLCJvaWxfdXJsZ2VuX2FwcF9pZCI6OTM2NjE5NzQzMzkyNDU5LCJjbGllbnRfbmFtZSI6ImlnIiwieHB2X2Fzc2V0X2lkIjoxODc1OTcwNjg5OTk3NzI5LCJ2aV91c2VjYXNlX2lkIjoxMDA5OSwiZHVyYXRpb25fcyI6OTUsInVybGdlbl9zb3VyY2UiOiJ3d3cifQ%3D%3D&ccb=17-1&_nc_gid=kxedIo7H9_yzbeT-x6ZhhQ&_nc_zt=28&oh=00_AfdE9iOUPiVAUdnlfbFixhqHBB8l7MM0I0ElK2WIZuaM7Q&oe=68E7CE15&bytestart=824&byteend=1431
2025-10-04 20:58:40 [INFO]: Intercepted video URL: https://instagram.fhio2-1.fna.fbcdn.net/o1/v/t16/f2/m69/AQOFxU_yYzm-vaKFITu0pdAhVeL0sQo4-pFmd2joBQ3Efs1YF3vzv0Jlm5gZ85yLXwceVf78ZvInLYWGj4vA2tQn.mp4?strext=1&_nc_cat=103&_nc_oc=Adl8A9aOV-5F1zJxyW5o6RByhoVO4DmiSyKihX1M3Yur9U1jhalJgPZmVSEytj42sTrmR6WSidrbMatVadyFDJb3&_nc_sid=9ca052&_nc_ht=instagram.fhio2-1.fna.fbcdn.net&_nc_ohc=uM8V8l6LwvwQ7kNvwHfeLOF&efg=eyJ2ZW5jb2RlX3RhZyI6ImlnLXhwdmRzLmNsaXBzLmMyLUMzLmRhc2hfbG5faGVhYWNfdmJyM19hdWRpbyIsInZpZGVvX2lkIjpudWxsLCJvaWxfdXJsZ2VuX2FwcF9pZCI6OTM2NjE5NzQzMzkyNDU5LCJjbGllbnRfbmFtZSI6ImlnIiwieHB2X2Fzc2V0X2lkIjoxODc1OTcwNjg5OTk3NzI5LCJ2aV91c2VjYXNlX2lkIjoxMDA5OSwiZHVyYXRpb25fcyI6OTUsInVybGdlbl9zb3VyY2UiOiJ3d3cifQ%3D%3D&ccb=17-1&_nc_gid=kxedIo7H9_yzbeT-x6ZhhQ&_nc_zt=28&oh=00_AfdE9iOUPiVAUdnlfbFixhqHBB8l7MM0I0ElK2WIZuaM7Q&oe=68E7CE15&bytestart=0&byteend=823
2025-10-04 20:58:40 [INFO]: Intercepted video URL: https://instagram.fhio2-1.fna.fbcdn.net/o1/v/t2/f2/m86/AQNklfzR05kI0LCtG3mNMXpAcdzinwcj2OKnuqykw9BsGS2SiAbHbwg09BDMlV-c8ixdWMcqeVkLO-rYZK5OpH2qfN4fWZHaqO84baw.mp4?_nc_cat=102&_nc_oc=AdkZxpPubTe4PTsivPbnXbbUvr1O_Qy9MBPTOWkKwM05Oirg0YuprgArMUSCl6ylrmRg3QlKB5XNoKIHbfLjDht1&_nc_sid=9ca052&_nc_ht=instagram.fhio2-1.fna.fbcdn.net&_nc_ohc=-wBl_faHv9kQ7kNvwG6yKbZ&efg=eyJ2ZW5jb2RlX3RhZyI6ImlnLXhwdmRzLmNsaXBzLmMyLUMzLmRhc2hfYmFzZWxpbmVfM192MSIsInZpZGVvX2lkIjpudWxsLCJvaWxfdXJsZ2VuX2FwcF9pZCI6OTM2NjE5NzQzMzkyNDU5LCJjbGllbnRfbmFtZSI6ImlnIiwieHB2X2Fzc2V0X2lkIjoxODc1OTcwNjg5OTk3NzI5LCJ2aV91c2VjYXNlX2lkIjoxMDA5OSwiZHVyYXRpb25fcyI6OTUsInVybGdlbl9zb3VyY2UiOiJ3d3cifQ%3D%3D&ccb=17-1&_nc_gid=kxedIo7H9_yzbeT-x6ZhhQ&_nc_zt=28&oh=00_Afeknt1ar92hl1C6AZgBbWV0iWcNvSp011RN5rr22-bINw&oe=68E3B8A7&bytestart=887&byteend=1158
2025-10-04 20:58:40 [INFO]: Intercepted video URL: https://instagram.fhio2-1.fna.fbcdn.net/o1/v/t2/f2/m86/AQMPMUBy-bFgNJn8vfhBb4zGQNJieoR1xN8L4U1AltCUC6n4UFLHkuXIEATRcC2pbzfYhPAUVz3-w3v441VueTOvlANtEsrSO2-Cst8.mp4?_nc_cat=102&_nc_oc=AdnuaRtphWVG4ouJ9v--HusKZv9les65niJ_V29lN38Ts4ScDOvn7hu1SC_JfVAES3o-tHIm3cbfRjqTMi-Tuo0O&_nc_sid=9ca052&_nc_ht=instagram.fhio2-1.fna.fbcdn.net&_nc_ohc=DOvKI75QHCsQ7kNvwGAT9ME&efg=eyJ2ZW5jb2RlX3RhZyI6ImlnLXhwdmRzLmNsaXBzLmMyLUMzLmRhc2hfYmFzZWxpbmVfMV92MSIsInZpZGVvX2lkIjpudWxsLCJvaWxfdXJsZ2VuX2FwcF9pZCI6OTM2NjE5NzQzMzkyNDU5LCJjbGllbnRfbmFtZSI6ImlnIiwieHB2X2Fzc2V0X2lkIjoxODc1OTcwNjg5OTk3NzI5LCJ2aV91c2VjYXNlX2lkIjoxMDA5OSwiZHVyYXRpb25fcyI6OTUsInVybGdlbl9zb3VyY2UiOiJ3d3cifQ%3D%3D&ccb=17-1&_nc_gid=kxedIo7H9_yzbeT-x6ZhhQ&_nc_zt=28&oh=00_AfeagQ1KeLZdsI0a6D7FL9g6tsZNnj1TC7bo0Rgo0S0rcA&oe=68E3B0AF&bytestart=892&byteend=1163
2025-10-04 20:58:40 [INFO]: Intercepted video URL: https://instagram.fhio2-1.fna.fbcdn.net/o1/v/t2/f2/m86/AQMPMUBy-bFgNJn8vfhBb4zGQNJieoR1xN8L4U1AltCUC6n4UFLHkuXIEATRcC2pbzfYhPAUVz3-w3v441VueTOvlANtEsrSO2-Cst8.mp4?_nc_cat=102&_nc_oc=AdnuaRtphWVG4ouJ9v--HusKZv9les65niJ_V29lN38Ts4ScDOvn7hu1SC_JfVAES3o-tHIm3cbfRjqTMi-Tuo0O&_nc_sid=9ca052&_nc_ht=instagram.fhio2-1.fna.fbcdn.net&_nc_ohc=DOvKI75QHCsQ7kNvwGAT9ME&efg=eyJ2ZW5jb2RlX3RhZyI6ImlnLXhwdmRzLmNsaXBzLmMyLUMzLmRhc2hfYmFzZWxpbmVfMV92MSIsInZpZGVvX2lkIjpudWxsLCJvaWxfdXJsZ2VuX2FwcF9pZCI6OTM2NjE5NzQzMzkyNDU5LCJjbGllbnRfbmFtZSI6ImlnIiwieHB2X2Fzc2V0X2lkIjoxODc1OTcwNjg5OTk3NzI5LCJ2aV91c2VjYXNlX2lkIjoxMDA5OSwiZHVyYXRpb25fcyI6OTUsInVybGdlbl9zb3VyY2UiOiJ3d3cifQ%3D%3D&ccb=17-1&_nc_gid=kxedIo7H9_yzbeT-x6ZhhQ&_nc_zt=28&oh=00_AfeagQ1KeLZdsI0a6D7FL9g6tsZNnj1TC7bo0Rgo0S0rcA&oe=68E3B0AF&bytestart=0&byteend=891
2025-10-04 20:58:40 [INFO]: Intercepted video URL: https://instagram.fhio2-2.fna.fbcdn.net/o1/v/t2/f2/m86/AQO5n8umBskz5DkpmGBo31LnZyuSihywQmmTTtAq0cM0g37GTBPyfuEQwb6AQeriX0IoKF7OX51rfwYPS_HQer-aKLhV8VDUzigDVpg.mp4?_nc_cat=100&_nc_oc=AdlOvQZuI1jZC8llplpRL67SBUDBz8g845hL7OgVscGsH4ceVTD7IE97FIDAiG0iXcH_m5aejpp2-LbiYIiX8uWR&_nc_sid=9ca052&_nc_ht=instagram.fhio2-2.fna.fbcdn.net&_nc_ohc=766E7bgmDfEQ7kNvwHYpF7y&efg=eyJ2ZW5jb2RlX3RhZyI6ImlnLXhwdmRzLmNsaXBzLmMyLUMzLmRhc2hfYmFzZWxpbmVfMV92MSIsInZpZGVvX2lkIjpudWxsLCJvaWxfdXJsZ2VuX2FwcF9pZCI6OTM2NjE5NzQzMzkyNDU5LCJjbGllbnRfbmFtZSI6ImlnIiwieHB2X2Fzc2V0X2lkIjoxODc1OTcwNjg5OTk3NzI5LCJ2aV91c2VjYXNlX2lkIjoxMDA5OSwiZHVyYXRpb25fcyI6OTUsInVybGdlbl9zb3VyY2UiOiJ3d3cifQ%3D%3D&ccb=17-1&_nc_gid=kxedIo7H9_yzbeT-x6ZhhQ&_nc_zt=28&oh=00_AffbJifs1RPEYAPCQCUUU54Tt-piWTClWvuZucOKI-FFsg&oe=68E3CF49&bytestart=870&byteend=1141
2025-10-04 20:58:40 [INFO]: Intercepted video URL: https://instagram.fhio2-2.fna.fbcdn.net/o1/v/t2/f2/m86/AQNrl0O0mLF2tYhf0bu1DpDiTBXRn220kzmHbAPFYRQQBHO29WOFh5fpPjJSGQKbVVB02Yt5V1ld8IEmQHzb20tf9j48mcYCVopKw34.mp4?_nc_cat=110&_nc_oc=AdlUSjLzChFXi9PcBzjrkT2l1mfbnwV-Zn8n7q03bjdh8Jn5LX2m_6RjRb9L32YPVLexcQR-CiHYiHzoQnwFo8bI&_nc_sid=9ca052&_nc_ht=instagram.fhio2-2.fna.fbcdn.net&_nc_ohc=y6OKNFbrvAUQ7kNvwEbcrU5&efg=eyJ2ZW5jb2RlX3RhZyI6ImlnLXhwdmRzLmNsaXBzLmMyLUMzLmRhc2hfYmFzZWxpbmVfM192MSIsInZpZGVvX2lkIjpudWxsLCJvaWxfdXJsZ2VuX2FwcF9pZCI6OTM2NjE5NzQzMzkyNDU5LCJjbGllbnRfbmFtZSI6ImlnIiwieHB2X2Fzc2V0X2lkIjoxODc1OTcwNjg5OTk3NzI5LCJ2aV91c2VjYXNlX2lkIjoxMDA5OSwiZHVyYXRpb25fcyI6OTUsInVybGdlbl9zb3VyY2UiOiJ3d3cifQ%3D%3D&ccb=17-1&_nc_gid=kxedIo7H9_yzbeT-x6ZhhQ&_nc_zt=28&oh=00_AfcHvMAjSV0trjWTQzrkXYvpuPDXTPjWUOhHai5QjwZZmw&oe=68E3DA23&bytestart=866&byteend=1137
2025-10-04 20:58:40 [INFO]: Intercepted video URL: https://instagram.fhio2-2.fna.fbcdn.net/o1/v/t16/f2/m69/AQPhs2rVrq4nAzHiNvmnPd6Q-AMEPYw1GK5N1KBrZqAWD8oo2yPawmpD1xf2G7BKUfoCxUdOjCUMj543jle31Djy.mp4?strext=1&_nc_cat=104&_nc_oc=AdkSc41C_Ur0HKbo8t40ebTtyW2sfqm4Wg95X3Td82xQzxDTCNVvBQcD_iSEsCh-nrY864O_ESF9ODBE73X2N62L&_nc_sid=9ca052&_nc_ht=instagram.fhio2-2.fna.fbcdn.net&_nc_ohc=4pIm5R3lcswQ7kNvwF7_-Ax&efg=eyJ2ZW5jb2RlX3RhZyI6ImlnLXhwdmRzLmNsaXBzLmMyLUMzLmRhc2hfbG5faGVhYWNfdmJyM19hdWRpbyIsInZpZGVvX2lkIjpudWxsLCJvaWxfdXJsZ2VuX2FwcF9pZCI6OTM2NjE5NzQzMzkyNDU5LCJjbGllbnRfbmFtZSI6ImlnIiwieHB2X2Fzc2V0X2lkIjoxODc1OTcwNjg5OTk3NzI5LCJ2aV91c2VjYXNlX2lkIjoxMDA5OSwiZHVyYXRpb25fcyI6OTUsInVybGdlbl9zb3VyY2UiOiJ3d3cifQ%3D%3D&ccb=17-1&_nc_gid=kxedIo7H9_yzbeT-x6ZhhQ&_nc_zt=28&oh=00_AfcRQgi1lrXPxWtWYGsVMWSSBIZLJvgQXI3GiqId9Mqf5Q&oe=68E7D808&bytestart=824&byteend=1431
2025-10-04 20:58:40 [INFO]: Intercepted video URL: https://instagram.fhio2-1.fna.fbcdn.net/o1/v/t16/f2/m69/AQOFxU_yYzm-vaKFITu0pdAhVeL0sQo4-pFmd2joBQ3Efs1YF3vzv0Jlm5gZ85yLXwceVf78ZvInLYWGj4vA2tQn.mp4?strext=1&_nc_cat=103&_nc_oc=Adl8A9aOV-5F1zJxyW5o6RByhoVO4DmiSyKihX1M3Yur9U1jhalJgPZmVSEytj42sTrmR6WSidrbMatVadyFDJb3&_nc_sid=9ca052&_nc_ht=instagram.fhio2-1.fna.fbcdn.net&_nc_ohc=uM8V8l6LwvwQ7kNvwHfeLOF&efg=eyJ2ZW5jb2RlX3RhZyI6ImlnLXhwdmRzLmNsaXBzLmMyLUMzLmRhc2hfbG5faGVhYWNfdmJyM19hdWRpbyIsInZpZGVvX2lkIjpudWxsLCJvaWxfdXJsZ2VuX2FwcF9pZCI6OTM2NjE5NzQzMzkyNDU5LCJjbGllbnRfbmFtZSI6ImlnIiwieHB2X2Fzc2V0X2lkIjoxODc1OTcwNjg5OTk3NzI5LCJ2aV91c2VjYXNlX2lkIjoxMDA5OSwiZHVyYXRpb25fcyI6OTUsInVybGdlbl9zb3VyY2UiOiJ3d3cifQ%3D%3D&ccb=17-1&_nc_gid=kxedIo7H9_yzbeT-x6ZhhQ&_nc_zt=28&oh=00_AfdE9iOUPiVAUdnlfbFixhqHBB8l7MM0I0ElK2WIZuaM7Q&oe=68E7CE15&bytestart=1432&byteend=15136
2025-10-04 20:58:40 [INFO]: Intercepted video URL: https://instagram.fhio2-1.fna.fbcdn.net/o1/v/t2/f2/m86/AQMPMUBy-bFgNJn8vfhBb4zGQNJieoR1xN8L4U1AltCUC6n4UFLHkuXIEATRcC2pbzfYhPAUVz3-w3v441VueTOvlANtEsrSO2-Cst8.mp4?_nc_cat=102&_nc_oc=AdnuaRtphWVG4ouJ9v--HusKZv9les65niJ_V29lN38Ts4ScDOvn7hu1SC_JfVAES3o-tHIm3cbfRjqTMi-Tuo0O&_nc_sid=9ca052&_nc_ht=instagram.fhio2-1.fna.fbcdn.net&_nc_ohc=DOvKI75QHCsQ7kNvwGAT9ME&efg=eyJ2ZW5jb2RlX3RhZyI6ImlnLXhwdmRzLmNsaXBzLmMyLUMzLmRhc2hfYmFzZWxpbmVfMV92MSIsInZpZGVvX2lkIjpudWxsLCJvaWxfdXJsZ2VuX2FwcF9pZCI6OTM2NjE5NzQzMzkyNDU5LCJjbGllbnRfbmFtZSI6ImlnIiwieHB2X2Fzc2V0X2lkIjoxODc1OTcwNjg5OTk3NzI5LCJ2aV91c2VjYXNlX2lkIjoxMDA5OSwiZHVyYXRpb25fcyI6OTUsInVybGdlbl9zb3VyY2UiOiJ3d3cifQ%3D%3D&ccb=17-1&_nc_gid=kxedIo7H9_yzbeT-x6ZhhQ&_nc_zt=28&oh=00_AfeagQ1KeLZdsI0a6D7FL9g6tsZNnj1TC7bo0Rgo0S0rcA&oe=68E3B0AF&bytestart=1164&byteend=436975
2025-10-04 20:58:41 [INFO]: Intercepted video URL: https://instagram.fhio2-1.fna.fbcdn.net/o1/v/t16/f2/m69/AQOFxU_yYzm-vaKFITu0pdAhVeL0sQo4-pFmd2joBQ3Efs1YF3vzv0Jlm5gZ85yLXwceVf78ZvInLYWGj4vA2tQn.mp4?strext=1&_nc_cat=103&_nc_oc=Adl8A9aOV-5F1zJxyW5o6RByhoVO4DmiSyKihX1M3Yur9U1jhalJgPZmVSEytj42sTrmR6WSidrbMatVadyFDJb3&_nc_sid=9ca052&_nc_ht=instagram.fhio2-1.fna.fbcdn.net&_nc_ohc=uM8V8l6LwvwQ7kNvwHfeLOF&efg=eyJ2ZW5jb2RlX3RhZyI6ImlnLXhwdmRzLmNsaXBzLmMyLUMzLmRhc2hfbG5faGVhYWNfdmJyM19hdWRpbyIsInZpZGVvX2lkIjpudWxsLCJvaWxfdXJsZ2VuX2FwcF9pZCI6OTM2NjE5NzQzMzkyNDU5LCJjbGllbnRfbmFtZSI6ImlnIiwieHB2X2Fzc2V0X2lkIjoxODc1OTcwNjg5OTk3NzI5LCJ2aV91c2VjYXNlX2lkIjoxMDA5OSwiZHVyYXRpb25fcyI6OTUsInVybGdlbl9zb3VyY2UiOiJ3d3cifQ%3D%3D&ccb=17-1&_nc_gid=kxedIo7H9_yzbeT-x6ZhhQ&_nc_zt=28&oh=00_AfdE9iOUPiVAUdnlfbFixhqHBB8l7MM0I0ElK2WIZuaM7Q&oe=68E7CE15&bytestart=15137&byteend=42460
2025-10-04 20:58:41 [INFO]: Intercepted video URL: https://instagram.fhio2-1.fna.fbcdn.net/o1/v/t16/f2/m69/AQOFxU_yYzm-vaKFITu0pdAhVeL0sQo4-pFmd2joBQ3Efs1YF3vzv0Jlm5gZ85yLXwceVf78ZvInLYWGj4vA2tQn.mp4?strext=1&_nc_cat=103&_nc_oc=Adl8A9aOV-5F1zJxyW5o6RByhoVO4DmiSyKihX1M3Yur9U1jhalJgPZmVSEytj42sTrmR6WSidrbMatVadyFDJb3&_nc_sid=9ca052&_nc_ht=instagram.fhio2-1.fna.fbcdn.net&_nc_ohc=uM8V8l6LwvwQ7kNvwHfeLOF&efg=eyJ2ZW5jb2RlX3RhZyI6ImlnLXhwdmRzLmNsaXBzLmMyLUMzLmRhc2hfbG5faGVhYWNfdmJyM19hdWRpbyIsInZpZGVvX2lkIjpudWxsLCJvaWxfdXJsZ2VuX2FwcF9pZCI6OTM2NjE5NzQzMzkyNDU5LCJjbGllbnRfbmFtZSI6ImlnIiwieHB2X2Fzc2V0X2lkIjoxODc1OTcwNjg5OTk3NzI5LCJ2aV91c2VjYXNlX2lkIjoxMDA5OSwiZHVyYXRpb25fcyI6OTUsInVybGdlbl9zb3VyY2UiOiJ3d3cifQ%3D%3D&ccb=17-1&_nc_gid=kxedIo7H9_yzbeT-x6ZhhQ&_nc_zt=28&oh=00_AfdE9iOUPiVAUdnlfbFixhqHBB8l7MM0I0ElK2WIZuaM7Q&oe=68E7CE15&bytestart=42461&byteend=70150
2025-10-04 20:58:41 [INFO]: Intercepted video URL: https://instagram.fhio2-1.fna.fbcdn.net/o1/v/t2/f2/m86/AQMPMUBy-bFgNJn8vfhBb4zGQNJieoR1xN8L4U1AltCUC6n4UFLHkuXIEATRcC2pbzfYhPAUVz3-w3v441VueTOvlANtEsrSO2-Cst8.mp4?_nc_cat=102&_nc_oc=AdnuaRtphWVG4ouJ9v--HusKZv9les65niJ_V29lN38Ts4ScDOvn7hu1SC_JfVAES3o-tHIm3cbfRjqTMi-Tuo0O&_nc_sid=9ca052&_nc_ht=instagram.fhio2-1.fna.fbcdn.net&_nc_ohc=DOvKI75QHCsQ7kNvwGAT9ME&efg=eyJ2ZW5jb2RlX3RhZyI6ImlnLXhwdmRzLmNsaXBzLmMyLUMzLmRhc2hfYmFzZWxpbmVfMV92MSIsInZpZGVvX2lkIjpudWxsLCJvaWxfdXJsZ2VuX2FwcF9pZCI6OTM2NjE5NzQzMzkyNDU5LCJjbGllbnRfbmFtZSI6ImlnIiwieHB2X2Fzc2V0X2lkIjoxODc1OTcwNjg5OTk3NzI5LCJ2aV91c2VjYXNlX2lkIjoxMDA5OSwiZHVyYXRpb25fcyI6OTUsInVybGdlbl9zb3VyY2UiOiJ3d3cifQ%3D%3D&ccb=17-1&_nc_gid=kxedIo7H9_yzbeT-x6ZhhQ&_nc_zt=28&oh=00_AfeagQ1KeLZdsI0a6D7FL9g6tsZNnj1TC7bo0Rgo0S0rcA&oe=68E3B0AF&bytestart=436976&byteend=1241651
2025-10-04 20:58:41 [INFO]: Intercepted video URL: https://instagram.fhio2-1.fna.fbcdn.net/o1/v/t16/f2/m69/AQOFxU_yYzm-vaKFITu0pdAhVeL0sQo4-pFmd2joBQ3Efs1YF3vzv0Jlm5gZ85yLXwceVf78ZvInLYWGj4vA2tQn.mp4?strext=1&_nc_cat=103&_nc_oc=Adl8A9aOV-5F1zJxyW5o6RByhoVO4DmiSyKihX1M3Yur9U1jhalJgPZmVSEytj42sTrmR6WSidrbMatVadyFDJb3&_nc_sid=9ca052&_nc_ht=instagram.fhio2-1.fna.fbcdn.net&_nc_ohc=uM8V8l6LwvwQ7kNvwHfeLOF&efg=eyJ2ZW5jb2RlX3RhZyI6ImlnLXhwdmRzLmNsaXBzLmMyLUMzLmRhc2hfbG5faGVhYWNfdmJyM19hdWRpbyIsInZpZGVvX2lkIjpudWxsLCJvaWxfdXJsZ2VuX2FwcF9pZCI6OTM2NjE5NzQzMzkyNDU5LCJjbGllbnRfbmFtZSI6ImlnIiwieHB2X2Fzc2V0X2lkIjoxODc1OTcwNjg5OTk3NzI5LCJ2aV91c2VjYXNlX2lkIjoxMDA5OSwiZHVyYXRpb25fcyI6OTUsInVybGdlbl9zb3VyY2UiOiJ3d3cifQ%3D%3D&ccb=17-1&_nc_gid=kxedIo7H9_yzbeT-x6ZhhQ&_nc_zt=28&oh=00_AfdE9iOUPiVAUdnlfbFixhqHBB8l7MM0I0ElK2WIZuaM7Q&oe=68E7CE15&bytestart=70151&byteend=100070
2025-10-04 20:58:41 [INFO]: Intercepted video URL: https://instagram.fhio2-1.fna.fbcdn.net/o1/v/t2/f2/m86/AQMPMUBy-bFgNJn8vfhBb4zGQNJieoR1xN8L4U1AltCUC6n4UFLHkuXIEATRcC2pbzfYhPAUVz3-w3v441VueTOvlANtEsrSO2-Cst8.mp4?_nc_cat=102&_nc_oc=AdnuaRtphWVG4ouJ9v--HusKZv9les65niJ_V29lN38Ts4ScDOvn7hu1SC_JfVAES3o-tHIm3cbfRjqTMi-Tuo0O&_nc_sid=9ca052&_nc_ht=instagram.fhio2-1.fna.fbcdn.net&_nc_ohc=DOvKI75QHCsQ7kNvwGAT9ME&efg=eyJ2ZW5jb2RlX3RhZyI6ImlnLXhwdmRzLmNsaXBzLmMyLUMzLmRhc2hfYmFzZWxpbmVfMV92MSIsInZpZGVvX2lkIjpudWxsLCJvaWxfdXJsZ2VuX2FwcF9pZCI6OTM2NjE5NzQzMzkyNDU5LCJjbGllbnRfbmFtZSI6ImlnIiwieHB2X2Fzc2V0X2lkIjoxODc1OTcwNjg5OTk3NzI5LCJ2aV91c2VjYXNlX2lkIjoxMDA5OSwiZHVyYXRpb25fcyI6OTUsInVybGdlbl9zb3VyY2UiOiJ3d3cifQ%3D%3D&ccb=17-1&_nc_gid=kxedIo7H9_yzbeT-x6ZhhQ&_nc_zt=28&oh=00_AfeagQ1KeLZdsI0a6D7FL9g6tsZNnj1TC7bo0Rgo0S0rcA&oe=68E3B0AF&bytestart=1241652&byteend=2081753
2025-10-04 20:58:41 [INFO]: Intercepted video URL: https://instagram.fhio2-1.fna.fbcdn.net/o1/v/t16/f2/m69/AQOFxU_yYzm-vaKFITu0pdAhVeL0sQo4-pFmd2joBQ3Efs1YF3vzv0Jlm5gZ85yLXwceVf78ZvInLYWGj4vA2tQn.mp4?strext=1&_nc_cat=103&_nc_oc=Adl8A9aOV-5F1zJxyW5o6RByhoVO4DmiSyKihX1M3Yur9U1jhalJgPZmVSEytj42sTrmR6WSidrbMatVadyFDJb3&_nc_sid=9ca052&_nc_ht=instagram.fhio2-1.fna.fbcdn.net&_nc_ohc=uM8V8l6LwvwQ7kNvwHfeLOF&efg=eyJ2ZW5jb2RlX3RhZyI6ImlnLXhwdmRzLmNsaXBzLmMyLUMzLmRhc2hfbG5faGVhYWNfdmJyM19hdWRpbyIsInZpZGVvX2lkIjpudWxsLCJvaWxfdXJsZ2VuX2FwcF9pZCI6OTM2NjE5NzQzMzkyNDU5LCJjbGllbnRfbmFtZSI6ImlnIiwieHB2X2Fzc2V0X2lkIjoxODc1OTcwNjg5OTk3NzI5LCJ2aV91c2VjYXNlX2lkIjoxMDA5OSwiZHVyYXRpb25fcyI6OTUsInVybGdlbl9zb3VyY2UiOiJ3d3cifQ%3D%3D&ccb=17-1&_nc_gid=kxedIo7H9_yzbeT-x6ZhhQ&_nc_zt=28&oh=00_AfdE9iOUPiVAUdnlfbFixhqHBB8l7MM0I0ElK2WIZuaM7Q&oe=68E7CE15&bytestart=100071&byteend=129015
2025-10-04 20:58:46 [WARN]: Instagram is showing login wall. Consider enabling login in .env
2025-10-04 20:58:46 [INFO]: Found 16 video URLs from network interception
2025-10-04 20:58:46 [INFO]: Video URL found: https://instagram.fhio2-1.fna.fbcdn.net/o1/v/t16/f2/m69/AQOFxU_yYzm-vaKFITu0pdAhVeL0sQo4-pFmd2joBQ3E...
2025-10-04 20:58:46 [INFO]: Downloading video to: downloads/videos/DPQLZE_jl-f.mp4
2025-10-04 20:58:46 [INFO]: Video downloaded successfully
2025-10-04 20:58:46 [INFO]: Video downloaded successfully: downloads/videos/DPQLZE_jl-f.mp4
2025-10-04 20:58:46 [INFO]: Browser closed
2025-10-04 20:58:46 [INFO]: ✓ Video downloaded: downloads/videos/DPQLZE_jl-f.mp4
2025-10-04 20:58:46 [INFO]: 
[2/5] Extracting audio from video...
2025-10-04 20:58:46 [INFO]: Extracting audio from: downloads/videos/DPQLZE_jl-f.mp4
2025-10-04 20:58:46 [INFO]: Output audio file: downloads/audio/DPQLZE_jl-f.wav
2025-10-04 20:58:46 [INFO]: Format: wav, Sample rate: 16000Hz, Channels: 1
2025-10-04 20:58:46 [ERROR]: Error extracting audio: Command failed: ffmpeg -i "downloads/videos/DPQLZE_jl-f.mp4" -vn -ar 16000 -ac 1 -acodec pcm_s16le -y "downloads/audio/DPQLZE_jl-f.wav"
ffmpeg version 8.0 Copyright (c) 2000-2025 the FFmpeg developers
  built with Apple clang version 17.0.0 (clang-1700.3.19.1)
  configuration: --prefix=/opt/homebrew/Cellar/ffmpeg/8.0_1 --enable-shared --enable-pthreads --enable-version3 --cc=clang --host-cflags= --host-ldflags= --enable-ffplay --enable-gnutls --enable-gpl --enable-libaom --enable-libaribb24 --enable-libbluray --enable-libdav1d --enable-libharfbuzz --enable-libjxl --enable-libmp3lame --enable-libopus --enable-librav1e --enable-librist --enable-librubberband --enable-libsnappy --enable-libsrt --enable-libssh --enable-libsvtav1 --enable-libtesseract --enable-libtheora --enable-libvidstab --enable-libvmaf --enable-libvorbis --enable-libvpx --enable-libwebp --enable-libx264 --enable-libx265 --enable-libxml2 --enable-libxvid --enable-lzma --enable-libfontconfig --enable-libfreetype --enable-frei0r --enable-libass --enable-libopencore-amrnb --enable-libopencore-amrwb --enable-libopenjpeg --enable-libspeex --enable-libsoxr --enable-libzmq --enable-libzimg --disable-libjack --disable-indev=jack --enable-videotoolbox --enable-audiotoolbox --enable-neon
  libavutil      60.  8.100 / 60.  8.100
  libavcodec     62. 11.100 / 62. 11.100
  libavformat    62.  3.100 / 62.  3.100
  libavdevice    62.  1.100 / 62.  1.100
  libavfilter    11.  4.100 / 11.  4.100
  libswscale      9.  1.100 /  9.  1.100
  libswresample   6.  1.100 /  6.  1.100
[mov,mp4,m4a,3gp,3g2,mj2 @ 0xbad05c000] Format mov,mp4,m4a,3gp,3g2,mj2 detected only with low score of 1, misdetection possible!
[mov,mp4,m4a,3gp,3g2,mj2 @ 0xbad05c000] could not find corresponding track id 1
    Last message repeated 1 times
[mov,mp4,m4a,3gp,3g2,mj2 @ 0xbad05c000] moov atom not found
[in#0 @ 0xbacc14000] Error opening input: Invalid data found when processing input
Error opening input file downloads/videos/DPQLZE_jl-f.mp4.
Error opening input files: Invalid data found when processing input

2025-10-04 21:01:24 [INFO]: ============================================================
2025-10-04 21:01:24 [INFO]: Instagram Video Transcription Pipeline
2025-10-04 21:01:24 [INFO]: ============================================================
2025-10-04 21:01:24 [INFO]: URL: https://www.instagram.com/p/DPQLZE_jl-f/
2025-10-04 21:01:24 [INFO]: 
[1/5] Downloading Instagram video...
2025-10-04 21:01:24 [INFO]: Initializing browser with anti-detection measures...
2025-10-04 21:01:25 [INFO]: User agent: Mozilla/5.0 (Windows NT 10.0; Win64; x64) AppleWebKit/537.36 (KHTML, like Gecko) Chrome/140.0.0.0 Safari/537.36
2025-10-04 21:01:25 [INFO]: Browser initialized successfully
2025-10-04 21:01:25 [INFO]: Scraping video from: https://www.instagram.com/p/DPQLZE_jl-f/
2025-10-04 21:01:25 [INFO]: Video ID: DPQLZE_jl-f
2025-10-04 21:01:25 [INFO]: Navigating to Instagram page...
2025-10-04 21:01:27 [INFO]: Intercepted video URL: https://instagram.fhio2-1.fna.fbcdn.net/o1/v/t16/f2/m69/AQOFxU_yYzm-vaKFITu0pdAhVeL0sQo4-pFmd2joBQ3Efs1YF3vzv0Jlm5gZ85yLXwceVf78ZvInLYWGj4vA2tQn.mp4?strext=1&_nc_cat=103&_nc_oc=Adl8A9aOV-5F1zJxyW5o6RByhoVO4DmiSyKihX1M3Yur9U1jhalJgPZmVSEytj42sTrmR6WSidrbMatVadyFDJb3&_nc_sid=9ca052&_nc_ht=instagram.fhio2-1.fna.fbcdn.net&_nc_ohc=uM8V8l6LwvwQ7kNvwHfeLOF&efg=eyJ2ZW5jb2RlX3RhZyI6ImlnLXhwdmRzLmNsaXBzLmMyLUMzLmRhc2hfbG5faGVhYWNfdmJyM19hdWRpbyIsInZpZGVvX2lkIjpudWxsLCJvaWxfdXJsZ2VuX2FwcF9pZCI6OTM2NjE5NzQzMzkyNDU5LCJjbGllbnRfbmFtZSI6ImlnIiwieHB2X2Fzc2V0X2lkIjoxODc1OTcwNjg5OTk3NzI5LCJ2aV91c2VjYXNlX2lkIjoxMDA5OSwiZHVyYXRpb25fcyI6OTUsInVybGdlbl9zb3VyY2UiOiJ3d3cifQ%3D%3D&ccb=17-1&_nc_gid=cI4Tau7rXnd5AYmpxKAr0g&_nc_zt=28&oh=00_AfdSNcdbMoH_srGdHp-KyNseQgq_D64LZdguZkR91PgEiA&oe=68E7CE15&bytestart=824&byteend=1431
2025-10-04 21:01:27 [INFO]: Intercepted video URL: https://instagram.fhio2-1.fna.fbcdn.net/o1/v/t16/f2/m69/AQOFxU_yYzm-vaKFITu0pdAhVeL0sQo4-pFmd2joBQ3Efs1YF3vzv0Jlm5gZ85yLXwceVf78ZvInLYWGj4vA2tQn.mp4?strext=1&_nc_cat=103&_nc_oc=Adl8A9aOV-5F1zJxyW5o6RByhoVO4DmiSyKihX1M3Yur9U1jhalJgPZmVSEytj42sTrmR6WSidrbMatVadyFDJb3&_nc_sid=9ca052&_nc_ht=instagram.fhio2-1.fna.fbcdn.net&_nc_ohc=uM8V8l6LwvwQ7kNvwHfeLOF&efg=eyJ2ZW5jb2RlX3RhZyI6ImlnLXhwdmRzLmNsaXBzLmMyLUMzLmRhc2hfbG5faGVhYWNfdmJyM19hdWRpbyIsInZpZGVvX2lkIjpudWxsLCJvaWxfdXJsZ2VuX2FwcF9pZCI6OTM2NjE5NzQzMzkyNDU5LCJjbGllbnRfbmFtZSI6ImlnIiwieHB2X2Fzc2V0X2lkIjoxODc1OTcwNjg5OTk3NzI5LCJ2aV91c2VjYXNlX2lkIjoxMDA5OSwiZHVyYXRpb25fcyI6OTUsInVybGdlbl9zb3VyY2UiOiJ3d3cifQ%3D%3D&ccb=17-1&_nc_gid=cI4Tau7rXnd5AYmpxKAr0g&_nc_zt=28&oh=00_AfdSNcdbMoH_srGdHp-KyNseQgq_D64LZdguZkR91PgEiA&oe=68E7CE15&bytestart=0&byteend=823
2025-10-04 21:01:27 [INFO]: Intercepted video URL: https://instagram.fhio2-2.fna.fbcdn.net/o1/v/t16/f2/m69/AQPhs2rVrq4nAzHiNvmnPd6Q-AMEPYw1GK5N1KBrZqAWD8oo2yPawmpD1xf2G7BKUfoCxUdOjCUMj543jle31Djy.mp4?strext=1&_nc_cat=104&_nc_oc=AdkSc41C_Ur0HKbo8t40ebTtyW2sfqm4Wg95X3Td82xQzxDTCNVvBQcD_iSEsCh-nrY864O_ESF9ODBE73X2N62L&_nc_sid=9ca052&_nc_ht=instagram.fhio2-2.fna.fbcdn.net&_nc_ohc=4pIm5R3lcswQ7kNvwF7_-Ax&efg=eyJ2ZW5jb2RlX3RhZyI6ImlnLXhwdmRzLmNsaXBzLmMyLUMzLmRhc2hfbG5faGVhYWNfdmJyM19hdWRpbyIsInZpZGVvX2lkIjpudWxsLCJvaWxfdXJsZ2VuX2FwcF9pZCI6OTM2NjE5NzQzMzkyNDU5LCJjbGllbnRfbmFtZSI6ImlnIiwieHB2X2Fzc2V0X2lkIjoxODc1OTcwNjg5OTk3NzI5LCJ2aV91c2VjYXNlX2lkIjoxMDA5OSwiZHVyYXRpb25fcyI6OTUsInVybGdlbl9zb3VyY2UiOiJ3d3cifQ%3D%3D&ccb=17-1&_nc_gid=cI4Tau7rXnd5AYmpxKAr0g&_nc_zt=28&oh=00_Aff35ycqNr6Fh3lPjnWM_gFwK0-lZYf7ZHAl76b02YRrpg&oe=68E7D808&bytestart=824&byteend=1431
2025-10-04 21:01:27 [INFO]: Intercepted video URL: https://instagram.fhio2-1.fna.fbcdn.net/o1/v/t2/f2/m367/AQMYjsEX2S58ejsys_BaJz-U_MJDBp2dEeFhrzIsh5WMTqqp8XFzini7jurwSHi8uyd-Yf1rMq7w4dsTf2fecIvckPV3pniN63qVC32EQqv8gw.mp4?_nc_cat=108&_nc_oc=AdmkzuK1ogzrPe7lyH5mrjTkAtz0NPj0C3QTeJY8lasR4ALrgVl2ehBhuC1F9klbhnd7DskKAxUx2aScNAcab0WO&_nc_sid=9ca052&_nc_ht=instagram.fhio2-1.fna.fbcdn.net&_nc_ohc=Pg6BM0xHnHQQ7kNvwH6rnqb&efg=eyJ2ZW5jb2RlX3RhZyI6ImlnLXhwdmRzLmNsaXBzLmMyLUMzLmRhc2hfdnA5LWJhc2ljLWdlbjJfNzIwcCIsInZpZGVvX2lkIjpudWxsLCJvaWxfdXJsZ2VuX2FwcF9pZCI6OTM2NjE5NzQzMzkyNDU5LCJjbGllbnRfbmFtZSI6ImlnIiwieHB2X2Fzc2V0X2lkIjoxODc1OTcwNjg5OTk3NzI5LCJ2aV91c2VjYXNlX2lkIjoxMDA5OSwiZHVyYXRpb25fcyI6OTUsInVybGdlbl9zb3VyY2UiOiJ3d3cifQ%3D%3D&ccb=17-1&_nc_gid=cI4Tau7rXnd5AYmpxKAr0g&_nc_zt=28&oh=00_AfduD6c3zuD4jUPd61B7wwfM9u7vCEMhFyMHDYHls1tUTA&oe=68E7C290&bytestart=818&byteend=1089
2025-10-04 21:01:27 [INFO]: Intercepted video URL: https://instagram.fhio2-1.fna.fbcdn.net/o1/v/t16/f2/m69/AQOFxU_yYzm-vaKFITu0pdAhVeL0sQo4-pFmd2joBQ3Efs1YF3vzv0Jlm5gZ85yLXwceVf78ZvInLYWGj4vA2tQn.mp4?strext=1&_nc_cat=103&_nc_oc=Adl8A9aOV-5F1zJxyW5o6RByhoVO4DmiSyKihX1M3Yur9U1jhalJgPZmVSEytj42sTrmR6WSidrbMatVadyFDJb3&_nc_sid=9ca052&_nc_ht=instagram.fhio2-1.fna.fbcdn.net&_nc_ohc=uM8V8l6LwvwQ7kNvwHfeLOF&efg=eyJ2ZW5jb2RlX3RhZyI6ImlnLXhwdmRzLmNsaXBzLmMyLUMzLmRhc2hfbG5faGVhYWNfdmJyM19hdWRpbyIsInZpZGVvX2lkIjpudWxsLCJvaWxfdXJsZ2VuX2FwcF9pZCI6OTM2NjE5NzQzMzkyNDU5LCJjbGllbnRfbmFtZSI6ImlnIiwieHB2X2Fzc2V0X2lkIjoxODc1OTcwNjg5OTk3NzI5LCJ2aV91c2VjYXNlX2lkIjoxMDA5OSwiZHVyYXRpb25fcyI6OTUsInVybGdlbl9zb3VyY2UiOiJ3d3cifQ%3D%3D&ccb=17-1&_nc_gid=cI4Tau7rXnd5AYmpxKAr0g&_nc_zt=28&oh=00_AfdSNcdbMoH_srGdHp-KyNseQgq_D64LZdguZkR91PgEiA&oe=68E7CE15&bytestart=1432&byteend=15136
2025-10-04 21:01:27 [INFO]: Intercepted video URL: https://instagram.fhio2-1.fna.fbcdn.net/o1/v/t2/f2/m367/AQMSS3bEuBlwwDBDxhdqkMxQZuEvx-DWfzdjxMfVgwM0bBU0HhWZM72jL2aB60o1SgghXM1FudIhi04ZyMhL9jJVD8i-_1eGLNeOxDPO7J1UxA.mp4?_nc_cat=102&_nc_oc=AdnzcukfQdIQylmvIFo8up8H8CKGxFbv2b8_4ZKZh_QYO8aBX47osqQgrMZtqYdrulNBNBXhKUp82j4jYnymxXSb&_nc_sid=9ca052&_nc_ht=instagram.fhio2-1.fna.fbcdn.net&_nc_ohc=zJkgV2T3Z6wQ7kNvwHGP0Mq&efg=eyJ2ZW5jb2RlX3RhZyI6ImlnLXhwdmRzLmNsaXBzLmMyLUMzLmRhc2hfdnA5LWJhc2ljLWdlbjJfNTQwcCIsInZpZGVvX2lkIjpudWxsLCJvaWxfdXJsZ2VuX2FwcF9pZCI6OTM2NjE5NzQzMzkyNDU5LCJjbGllbnRfbmFtZSI6ImlnIiwieHB2X2Fzc2V0X2lkIjoxODc1OTcwNjg5OTk3NzI5LCJ2aV91c2VjYXNlX2lkIjoxMDA5OSwiZHVyYXRpb25fcyI6OTUsInVybGdlbl9zb3VyY2UiOiJ3d3cifQ%3D%3D&ccb=17-1&_nc_gid=cI4Tau7rXnd5AYmpxKAr0g&_nc_zt=28&oh=00_Afe_gNCMzRUOqg93F9t9ETkXKlZHKnhCk9URo5uebEgjGQ&oe=68E7C9D6&bytestart=799&byteend=1070
2025-10-04 21:01:27 [INFO]: Intercepted video URL: https://instagram.fhio2-1.fna.fbcdn.net/o1/v/t2/f2/m367/AQNLst4OHf0Qrh8TIClw3doL_XbMbQ120wL7nI-LIyvcvlLx4A1-jJkXIl1W8q8claw14-9iWqfhWec_MkRL4MlNKJEZvYiwZUvNDGL4BJbIvQ.mp4?_nc_cat=102&_nc_oc=AdkkZYl-m1OE3_6ibE6w-te2J0TZ98sMhKn7A39Eu1lU1aIcFOqUDa1R5K-GGRcSBCt9W2nDgUoGqnm4VJoffBrC&_nc_sid=9ca052&_nc_ht=instagram.fhio2-1.fna.fbcdn.net&_nc_ohc=mYyYV1ZA-8EQ7kNvwF7tKCq&efg=eyJ2ZW5jb2RlX3RhZyI6ImlnLXhwdmRzLmNsaXBzLmMyLUMzLmRhc2hfdnA5LWJhc2ljLWdlbjJfNzIwcCIsInZpZGVvX2lkIjpudWxsLCJvaWxfdXJsZ2VuX2FwcF9pZCI6OTM2NjE5NzQzMzkyNDU5LCJjbGllbnRfbmFtZSI6ImlnIiwieHB2X2Fzc2V0X2lkIjoxODc1OTcwNjg5OTk3NzI5LCJ2aV91c2VjYXNlX2lkIjoxMDA5OSwiZHVyYXRpb25fcyI6OTUsInVybGdlbl9zb3VyY2UiOiJ3d3cifQ%3D%3D&ccb=17-1&_nc_gid=cI4Tau7rXnd5AYmpxKAr0g&_nc_zt=28&oh=00_AffZaO3GXdweg4UAHp7_qm4KgH4OyJ_JrBfBn2mOd7zypg&oe=68E7BD1E&bytestart=799&byteend=1070
2025-10-04 21:01:27 [INFO]: Intercepted video URL: https://instagram.fhio2-2.fna.fbcdn.net/o1/v/t2/f2/m367/AQNnKyMFOG8kevRUeePhGQt_ss0Z424NoxZbI1YeOaWOprrOyM4mNx4oa_HZUrTValezopmS2PDR9h96A4A04K8pbldz6_jjMIrL7ul7SuXs0Q.mp4?_nc_cat=104&_nc_oc=Adne3aIb5gY9k5fPpry1JhYIoDJVHnF7lafLu3SBGfegEtP7EEa2j1fWu3K2j91N90--J-I4y_CjqcQ-HNmTaLj2&_nc_sid=9ca052&_nc_ht=instagram.fhio2-2.fna.fbcdn.net&_nc_ohc=vbmjPZxDifQQ7kNvwH_wvrQ&efg=eyJ2ZW5jb2RlX3RhZyI6ImlnLXhwdmRzLmNsaXBzLmMyLUMzLmRhc2hfdnA5LWJhc2ljLWdlbjJfMzYwcCIsInZpZGVvX2lkIjpudWxsLCJvaWxfdXJsZ2VuX2FwcF9pZCI6OTM2NjE5NzQzMzkyNDU5LCJjbGllbnRfbmFtZSI6ImlnIiwieHB2X2Fzc2V0X2lkIjoxODc1OTcwNjg5OTk3NzI5LCJ2aV91c2VjYXNlX2lkIjoxMDA5OSwiZHVyYXRpb25fcyI6OTUsInVybGdlbl9zb3VyY2UiOiJ3d3cifQ%3D%3D&ccb=17-1&_nc_gid=cI4Tau7rXnd5AYmpxKAr0g&_nc_zt=28&oh=00_AfdlQz9ShpLFFWZ473-ZVhlxfTa_4AXpxhSQwDxQEVI3IA&oe=68E7C45C&bytestart=818&byteend=1089
2025-10-04 21:01:27 [INFO]: Intercepted video URL: https://instagram.fhio2-2.fna.fbcdn.net/o1/v/t2/f2/m367/AQOobTbKGa5jiiT9Hi4iKhycPBpLlWSPQVAbZunOKUit1QinRNgzpqbNL5T9L40Dhua3ik8dI7H1Q6DBeHHQh-4KLe3PbS8-k4WnARQPwfcZWQ.mp4?_nc_cat=104&_nc_oc=AdnbMFew1RvIO1CAPJmqOU2UcL9z8VawaUzk1-WNKSXl57jhb7l4soCbZra7KaFOCcFgsHn6oJL3D29sFec2MD4l&_nc_sid=9ca052&_nc_ht=instagram.fhio2-2.fna.fbcdn.net&_nc_ohc=ImsTaL0ck4EQ7kNvwFcU7Dr&efg=eyJ2ZW5jb2RlX3RhZyI6ImlnLXhwdmRzLmNsaXBzLmMyLUMzLmRhc2hfdnA5LWJhc2ljLWdlbjJfMzYwcCIsInZpZGVvX2lkIjpudWxsLCJvaWxfdXJsZ2VuX2FwcF9pZCI6OTM2NjE5NzQzMzkyNDU5LCJjbGllbnRfbmFtZSI6ImlnIiwieHB2X2Fzc2V0X2lkIjoxODc1OTcwNjg5OTk3NzI5LCJ2aV91c2VjYXNlX2lkIjoxMDA5OSwiZHVyYXRpb25fcyI6OTUsInVybGdlbl9zb3VyY2UiOiJ3d3cifQ%3D%3D&ccb=17-1&_nc_gid=cI4Tau7rXnd5AYmpxKAr0g&_nc_zt=28&oh=00_Afde3pZ2py9zRtzk0N5DbibZGdmdJrixcweawEWeYwVCDg&oe=68E7C440&bytestart=799&byteend=1070
2025-10-04 21:01:27 [INFO]: Intercepted video URL: https://instagram.fhio2-2.fna.fbcdn.net/o1/v/t2/f2/m367/AQNnKyMFOG8kevRUeePhGQt_ss0Z424NoxZbI1YeOaWOprrOyM4mNx4oa_HZUrTValezopmS2PDR9h96A4A04K8pbldz6_jjMIrL7ul7SuXs0Q.mp4?_nc_cat=104&_nc_oc=Adne3aIb5gY9k5fPpry1JhYIoDJVHnF7lafLu3SBGfegEtP7EEa2j1fWu3K2j91N90--J-I4y_CjqcQ-HNmTaLj2&_nc_sid=9ca052&_nc_ht=instagram.fhio2-2.fna.fbcdn.net&_nc_ohc=vbmjPZxDifQQ7kNvwH_wvrQ&efg=eyJ2ZW5jb2RlX3RhZyI6ImlnLXhwdmRzLmNsaXBzLmMyLUMzLmRhc2hfdnA5LWJhc2ljLWdlbjJfMzYwcCIsInZpZGVvX2lkIjpudWxsLCJvaWxfdXJsZ2VuX2FwcF9pZCI6OTM2NjE5NzQzMzkyNDU5LCJjbGllbnRfbmFtZSI6ImlnIiwieHB2X2Fzc2V0X2lkIjoxODc1OTcwNjg5OTk3NzI5LCJ2aV91c2VjYXNlX2lkIjoxMDA5OSwiZHVyYXRpb25fcyI6OTUsInVybGdlbl9zb3VyY2UiOiJ3d3cifQ%3D%3D&ccb=17-1&_nc_gid=cI4Tau7rXnd5AYmpxKAr0g&_nc_zt=28&oh=00_AfdlQz9ShpLFFWZ473-ZVhlxfTa_4AXpxhSQwDxQEVI3IA&oe=68E7C45C&bytestart=0&byteend=817
2025-10-04 21:01:27 [INFO]: Intercepted video URL: https://instagram.fhio2-1.fna.fbcdn.net/o1/v/t2/f2/m367/AQN0DkXSP5Khu1x2c3nIFhYUrUH6Rg3Sz27arAlZ5Q8NAD3_i9yg5bpRy5pJgooQEtihfgjFYOQNY_AEwpqXAFwxdNLrebdWc4GG-h7ni08wHw.mp4?_nc_cat=105&_nc_oc=AdnP5qiPByrcJH0L06_aqaRQemLK-oBUz1kOxHp-F1uLVuI_o4B-FFr8daJvxsjBbSr9WPIwnoNZzH8UhuOf9vcg&_nc_sid=9ca052&_nc_ht=instagram.fhio2-1.fna.fbcdn.net&_nc_ohc=kEdb2ds-ReoQ7kNvwEnrD2-&efg=eyJ2ZW5jb2RlX3RhZyI6ImlnLXhwdmRzLmNsaXBzLmMyLUMzLmRhc2hfdnA5LWJhc2ljLWdlbjJfNTQwcCIsInZpZGVvX2lkIjpudWxsLCJvaWxfdXJsZ2VuX2FwcF9pZCI6OTM2NjE5NzQzMzkyNDU5LCJjbGllbnRfbmFtZSI6ImlnIiwieHB2X2Fzc2V0X2lkIjoxODc1OTcwNjg5OTk3NzI5LCJ2aV91c2VjYXNlX2lkIjoxMDA5OSwiZHVyYXRpb25fcyI6OTUsInVybGdlbl9zb3VyY2UiOiJ3d3cifQ%3D%3D&ccb=17-1&_nc_gid=cI4Tau7rXnd5AYmpxKAr0g&_nc_zt=28&oh=00_AffdohvpcWjvl6bcXHUZv-khrC8ntw5R38kn3wXdQ89szw&oe=68E7B957&bytestart=818&byteend=1089
2025-10-04 21:01:27 [INFO]: Intercepted video URL: https://instagram.fhio2-1.fna.fbcdn.net/o1/v/t16/f2/m69/AQOFxU_yYzm-vaKFITu0pdAhVeL0sQo4-pFmd2joBQ3Efs1YF3vzv0Jlm5gZ85yLXwceVf78ZvInLYWGj4vA2tQn.mp4?strext=1&_nc_cat=103&_nc_oc=Adl8A9aOV-5F1zJxyW5o6RByhoVO4DmiSyKihX1M3Yur9U1jhalJgPZmVSEytj42sTrmR6WSidrbMatVadyFDJb3&_nc_sid=9ca052&_nc_ht=instagram.fhio2-1.fna.fbcdn.net&_nc_ohc=uM8V8l6LwvwQ7kNvwHfeLOF&efg=eyJ2ZW5jb2RlX3RhZyI6ImlnLXhwdmRzLmNsaXBzLmMyLUMzLmRhc2hfbG5faGVhYWNfdmJyM19hdWRpbyIsInZpZGVvX2lkIjpudWxsLCJvaWxfdXJsZ2VuX2FwcF9pZCI6OTM2NjE5NzQzMzkyNDU5LCJjbGllbnRfbmFtZSI6ImlnIiwieHB2X2Fzc2V0X2lkIjoxODc1OTcwNjg5OTk3NzI5LCJ2aV91c2VjYXNlX2lkIjoxMDA5OSwiZHVyYXRpb25fcyI6OTUsInVybGdlbl9zb3VyY2UiOiJ3d3cifQ%3D%3D&ccb=17-1&_nc_gid=cI4Tau7rXnd5AYmpxKAr0g&_nc_zt=28&oh=00_AfdSNcdbMoH_srGdHp-KyNseQgq_D64LZdguZkR91PgEiA&oe=68E7CE15&bytestart=15137&byteend=42460
2025-10-04 21:01:27 [INFO]: Intercepted video URL: https://instagram.fhio2-2.fna.fbcdn.net/o1/v/t2/f2/m367/AQOxNQJZkPwvAGB48MgMvxw60QNeCxGHfcKIPG97Kl1-L0jIO1FsD-WJsI5EdKLteOUmJf20nM1bX03F0j863qg_guGx4zaqAMa8XIyxzty0rw.mp4?_nc_cat=107&_nc_oc=Adm7ARGLub_LeTfCbsvo00JuSR9Tb5EvureiDraOKdFo-nZUUdsmup0LaAQJ9kSFEV1xspGvvospuJGVgRVnDdOr&_nc_sid=9ca052&_nc_ht=instagram.fhio2-2.fna.fbcdn.net&_nc_ohc=h4SgKV3c_m4Q7kNvwGOyfkl&efg=eyJ2ZW5jb2RlX3RhZyI6ImlnLXhwdmRzLmNsaXBzLmMyLUMzLmRhc2hfdnA5LWJhc2ljLWdlbjJfMTA4MHAiLCJ2aWRlb19pZCI6bnVsbCwib2lsX3VybGdlbl9hcHBfaWQiOjkzNjYxOTc0MzM5MjQ1OSwiY2xpZW50X25hbWUiOiJpZyIsInhwdl9hc3NldF9pZCI6MTg3NTk3MDY4OTk5NzcyOSwidmlfdXNlY2FzZV9pZCI6MTAwOTksImR1cmF0aW9uX3MiOjk1LCJ1cmxnZW5fc291cmNlIjoid3d3In0%3D&ccb=17-1&_nc_gid=cI4Tau7rXnd5AYmpxKAr0g&_nc_zt=28&oh=00_AffEDy4rfcpFYiKLsN9rkNFQ_MDBnnA6xzxL9SRbZRuv-A&oe=68E7C499&bytestart=799&byteend=1070
2025-10-04 21:01:27 [INFO]: Intercepted video URL: https://instagram.fhio2-2.fna.fbcdn.net/o1/v/t2/f2/m367/AQNnKyMFOG8kevRUeePhGQt_ss0Z424NoxZbI1YeOaWOprrOyM4mNx4oa_HZUrTValezopmS2PDR9h96A4A04K8pbldz6_jjMIrL7ul7SuXs0Q.mp4?_nc_cat=104&_nc_oc=Adne3aIb5gY9k5fPpry1JhYIoDJVHnF7lafLu3SBGfegEtP7EEa2j1fWu3K2j91N90--J-I4y_CjqcQ-HNmTaLj2&_nc_sid=9ca052&_nc_ht=instagram.fhio2-2.fna.fbcdn.net&_nc_ohc=vbmjPZxDifQQ7kNvwH_wvrQ&efg=eyJ2ZW5jb2RlX3RhZyI6ImlnLXhwdmRzLmNsaXBzLmMyLUMzLmRhc2hfdnA5LWJhc2ljLWdlbjJfMzYwcCIsInZpZGVvX2lkIjpudWxsLCJvaWxfdXJsZ2VuX2FwcF9pZCI6OTM2NjE5NzQzMzkyNDU5LCJjbGllbnRfbmFtZSI6ImlnIiwieHB2X2Fzc2V0X2lkIjoxODc1OTcwNjg5OTk3NzI5LCJ2aV91c2VjYXNlX2lkIjoxMDA5OSwiZHVyYXRpb25fcyI6OTUsInVybGdlbl9zb3VyY2UiOiJ3d3cifQ%3D%3D&ccb=17-1&_nc_gid=cI4Tau7rXnd5AYmpxKAr0g&_nc_zt=28&oh=00_AfdlQz9ShpLFFWZ473-ZVhlxfTa_4AXpxhSQwDxQEVI3IA&oe=68E7C45C&bytestart=1090&byteend=84864
2025-10-04 21:01:27 [INFO]: Intercepted video URL: https://instagram.fhio2-1.fna.fbcdn.net/o1/v/t2/f2/m367/AQPZYhTR9SdJ62Z1g9Yul7wUC_x56WMj5QRyXUjEv9xUnT7uovf-jfZ9D7uyZpjhpypuJUfMXgPtUSfLjmbLYzxki5Om5XqlBoy5BkAVOSljvw.mp4?_nc_cat=106&_nc_oc=Adk5XE3NX6YbIxYga0WjfSHBEArCpQRCIPZ9X9w4Jm_wpf9DlQogZ78mIE5rGT_DkMwK7TGlFAP9zlWS6Fvrb7-j&_nc_sid=9ca052&_nc_ht=instagram.fhio2-1.fna.fbcdn.net&_nc_ohc=fleStg5at2cQ7kNvwEkESh6&efg=eyJ2ZW5jb2RlX3RhZyI6ImlnLXhwdmRzLmNsaXBzLmMyLUMzLmRhc2hfdnA5LWJhc2ljLWdlbjJfMTA4MHAiLCJ2aWRlb19pZCI6bnVsbCwib2lsX3VybGdlbl9hcHBfaWQiOjkzNjYxOTc0MzM5MjQ1OSwiY2xpZW50X25hbWUiOiJpZyIsInhwdl9hc3NldF9pZCI6MTg3NTk3MDY4OTk5NzcyOSwidmlfdXNlY2FzZV9pZCI6MTAwOTksImR1cmF0aW9uX3MiOjk1LCJ1cmxnZW5fc291cmNlIjoid3d3In0%3D&ccb=17-1&_nc_gid=cI4Tau7rXnd5AYmpxKAr0g&_nc_zt=28&oh=00_Afe1VpZiomCPT2AGOb6qkv0xpm75Y_qixkCKgJh4lDh9vg&oe=68E7D466&bytestart=818&byteend=1089
2025-10-04 21:01:27 [INFO]: Intercepted video URL: https://instagram.fhio2-1.fna.fbcdn.net/o1/v/t16/f2/m69/AQOFxU_yYzm-vaKFITu0pdAhVeL0sQo4-pFmd2joBQ3Efs1YF3vzv0Jlm5gZ85yLXwceVf78ZvInLYWGj4vA2tQn.mp4?strext=1&_nc_cat=103&_nc_oc=Adl8A9aOV-5F1zJxyW5o6RByhoVO4DmiSyKihX1M3Yur9U1jhalJgPZmVSEytj42sTrmR6WSidrbMatVadyFDJb3&_nc_sid=9ca052&_nc_ht=instagram.fhio2-1.fna.fbcdn.net&_nc_ohc=uM8V8l6LwvwQ7kNvwHfeLOF&efg=eyJ2ZW5jb2RlX3RhZyI6ImlnLXhwdmRzLmNsaXBzLmMyLUMzLmRhc2hfbG5faGVhYWNfdmJyM19hdWRpbyIsInZpZGVvX2lkIjpudWxsLCJvaWxfdXJsZ2VuX2FwcF9pZCI6OTM2NjE5NzQzMzkyNDU5LCJjbGllbnRfbmFtZSI6ImlnIiwieHB2X2Fzc2V0X2lkIjoxODc1OTcwNjg5OTk3NzI5LCJ2aV91c2VjYXNlX2lkIjoxMDA5OSwiZHVyYXRpb25fcyI6OTUsInVybGdlbl9zb3VyY2UiOiJ3d3cifQ%3D%3D&ccb=17-1&_nc_gid=cI4Tau7rXnd5AYmpxKAr0g&_nc_zt=28&oh=00_AfdSNcdbMoH_srGdHp-KyNseQgq_D64LZdguZkR91PgEiA&oe=68E7CE15&bytestart=42461&byteend=70150
2025-10-04 21:01:27 [INFO]: Intercepted video URL: https://instagram.fhio2-1.fna.fbcdn.net/o1/v/t16/f2/m69/AQOFxU_yYzm-vaKFITu0pdAhVeL0sQo4-pFmd2joBQ3Efs1YF3vzv0Jlm5gZ85yLXwceVf78ZvInLYWGj4vA2tQn.mp4?strext=1&_nc_cat=103&_nc_oc=Adl8A9aOV-5F1zJxyW5o6RByhoVO4DmiSyKihX1M3Yur9U1jhalJgPZmVSEytj42sTrmR6WSidrbMatVadyFDJb3&_nc_sid=9ca052&_nc_ht=instagram.fhio2-1.fna.fbcdn.net&_nc_ohc=uM8V8l6LwvwQ7kNvwHfeLOF&efg=eyJ2ZW5jb2RlX3RhZyI6ImlnLXhwdmRzLmNsaXBzLmMyLUMzLmRhc2hfbG5faGVhYWNfdmJyM19hdWRpbyIsInZpZGVvX2lkIjpudWxsLCJvaWxfdXJsZ2VuX2FwcF9pZCI6OTM2NjE5NzQzMzkyNDU5LCJjbGllbnRfbmFtZSI6ImlnIiwieHB2X2Fzc2V0X2lkIjoxODc1OTcwNjg5OTk3NzI5LCJ2aV91c2VjYXNlX2lkIjoxMDA5OSwiZHVyYXRpb25fcyI6OTUsInVybGdlbl9zb3VyY2UiOiJ3d3cifQ%3D%3D&ccb=17-1&_nc_gid=cI4Tau7rXnd5AYmpxKAr0g&_nc_zt=28&oh=00_AfdSNcdbMoH_srGdHp-KyNseQgq_D64LZdguZkR91PgEiA&oe=68E7CE15&bytestart=70151&byteend=100070
2025-10-04 21:01:27 [INFO]: Intercepted video URL: https://instagram.fhio2-1.fna.fbcdn.net/o1/v/t16/f2/m69/AQOFxU_yYzm-vaKFITu0pdAhVeL0sQo4-pFmd2joBQ3Efs1YF3vzv0Jlm5gZ85yLXwceVf78ZvInLYWGj4vA2tQn.mp4?strext=1&_nc_cat=103&_nc_oc=Adl8A9aOV-5F1zJxyW5o6RByhoVO4DmiSyKihX1M3Yur9U1jhalJgPZmVSEytj42sTrmR6WSidrbMatVadyFDJb3&_nc_sid=9ca052&_nc_ht=instagram.fhio2-1.fna.fbcdn.net&_nc_ohc=uM8V8l6LwvwQ7kNvwHfeLOF&efg=eyJ2ZW5jb2RlX3RhZyI6ImlnLXhwdmRzLmNsaXBzLmMyLUMzLmRhc2hfbG5faGVhYWNfdmJyM19hdWRpbyIsInZpZGVvX2lkIjpudWxsLCJvaWxfdXJsZ2VuX2FwcF9pZCI6OTM2NjE5NzQzMzkyNDU5LCJjbGllbnRfbmFtZSI6ImlnIiwieHB2X2Fzc2V0X2lkIjoxODc1OTcwNjg5OTk3NzI5LCJ2aV91c2VjYXNlX2lkIjoxMDA5OSwiZHVyYXRpb25fcyI6OTUsInVybGdlbl9zb3VyY2UiOiJ3d3cifQ%3D%3D&ccb=17-1&_nc_gid=cI4Tau7rXnd5AYmpxKAr0g&_nc_zt=28&oh=00_AfdSNcdbMoH_srGdHp-KyNseQgq_D64LZdguZkR91PgEiA&oe=68E7CE15&bytestart=100071&byteend=129015
2025-10-04 21:01:27 [INFO]: Intercepted video URL: https://instagram.fhio2-1.fna.fbcdn.net/o1/v/t2/f2/m367/AQPZYhTR9SdJ62Z1g9Yul7wUC_x56WMj5QRyXUjEv9xUnT7uovf-jfZ9D7uyZpjhpypuJUfMXgPtUSfLjmbLYzxki5Om5XqlBoy5BkAVOSljvw.mp4?_nc_cat=106&_nc_oc=Adk5XE3NX6YbIxYga0WjfSHBEArCpQRCIPZ9X9w4Jm_wpf9DlQogZ78mIE5rGT_DkMwK7TGlFAP9zlWS6Fvrb7-j&_nc_sid=9ca052&_nc_ht=instagram.fhio2-1.fna.fbcdn.net&_nc_ohc=fleStg5at2cQ7kNvwEkESh6&efg=eyJ2ZW5jb2RlX3RhZyI6ImlnLXhwdmRzLmNsaXBzLmMyLUMzLmRhc2hfdnA5LWJhc2ljLWdlbjJfMTA4MHAiLCJ2aWRlb19pZCI6bnVsbCwib2lsX3VybGdlbl9hcHBfaWQiOjkzNjYxOTc0MzM5MjQ1OSwiY2xpZW50X25hbWUiOiJpZyIsInhwdl9hc3NldF9pZCI6MTg3NTk3MDY4OTk5NzcyOSwidmlfdXNlY2FzZV9pZCI6MTAwOTksImR1cmF0aW9uX3MiOjk1LCJ1cmxnZW5fc291cmNlIjoid3d3In0%3D&ccb=17-1&_nc_gid=cI4Tau7rXnd5AYmpxKAr0g&_nc_zt=28&oh=00_Afe1VpZiomCPT2AGOb6qkv0xpm75Y_qixkCKgJh4lDh9vg&oe=68E7D466&bytestart=0&byteend=817
2025-10-04 21:01:27 [INFO]: Intercepted video URL: https://instagram.fhio2-1.fna.fbcdn.net/o1/v/t2/f2/m367/AQPZYhTR9SdJ62Z1g9Yul7wUC_x56WMj5QRyXUjEv9xUnT7uovf-jfZ9D7uyZpjhpypuJUfMXgPtUSfLjmbLYzxki5Om5XqlBoy5BkAVOSljvw.mp4?_nc_cat=106&_nc_oc=Adk5XE3NX6YbIxYga0WjfSHBEArCpQRCIPZ9X9w4Jm_wpf9DlQogZ78mIE5rGT_DkMwK7TGlFAP9zlWS6Fvrb7-j&_nc_sid=9ca052&_nc_ht=instagram.fhio2-1.fna.fbcdn.net&_nc_ohc=fleStg5at2cQ7kNvwEkESh6&efg=eyJ2ZW5jb2RlX3RhZyI6ImlnLXhwdmRzLmNsaXBzLmMyLUMzLmRhc2hfdnA5LWJhc2ljLWdlbjJfMTA4MHAiLCJ2aWRlb19pZCI6bnVsbCwib2lsX3VybGdlbl9hcHBfaWQiOjkzNjYxOTc0MzM5MjQ1OSwiY2xpZW50X25hbWUiOiJpZyIsInhwdl9hc3NldF9pZCI6MTg3NTk3MDY4OTk5NzcyOSwidmlfdXNlY2FzZV9pZCI6MTAwOTksImR1cmF0aW9uX3MiOjk1LCJ1cmxnZW5fc291cmNlIjoid3d3In0%3D&ccb=17-1&_nc_gid=cI4Tau7rXnd5AYmpxKAr0g&_nc_zt=28&oh=00_Afe1VpZiomCPT2AGOb6qkv0xpm75Y_qixkCKgJh4lDh9vg&oe=68E7D466&bytestart=601987&byteend=1614327
2025-10-04 21:01:27 [INFO]: Intercepted video URL: https://instagram.fhio2-1.fna.fbcdn.net/o1/v/t2/f2/m367/AQPZYhTR9SdJ62Z1g9Yul7wUC_x56WMj5QRyXUjEv9xUnT7uovf-jfZ9D7uyZpjhpypuJUfMXgPtUSfLjmbLYzxki5Om5XqlBoy5BkAVOSljvw.mp4?_nc_cat=106&_nc_oc=Adk5XE3NX6YbIxYga0WjfSHBEArCpQRCIPZ9X9w4Jm_wpf9DlQogZ78mIE5rGT_DkMwK7TGlFAP9zlWS6Fvrb7-j&_nc_sid=9ca052&_nc_ht=instagram.fhio2-1.fna.fbcdn.net&_nc_ohc=fleStg5at2cQ7kNvwEkESh6&efg=eyJ2ZW5jb2RlX3RhZyI6ImlnLXhwdmRzLmNsaXBzLmMyLUMzLmRhc2hfdnA5LWJhc2ljLWdlbjJfMTA4MHAiLCJ2aWRlb19pZCI6bnVsbCwib2lsX3VybGdlbl9hcHBfaWQiOjkzNjYxOTc0MzM5MjQ1OSwiY2xpZW50X25hbWUiOiJpZyIsInhwdl9hc3NldF9pZCI6MTg3NTk3MDY4OTk5NzcyOSwidmlfdXNlY2FzZV9pZCI6MTAwOTksImR1cmF0aW9uX3MiOjk1LCJ1cmxnZW5fc291cmNlIjoid3d3In0%3D&ccb=17-1&_nc_gid=cI4Tau7rXnd5AYmpxKAr0g&_nc_zt=28&oh=00_Afe1VpZiomCPT2AGOb6qkv0xpm75Y_qixkCKgJh4lDh9vg&oe=68E7D466&bytestart=1614328&byteend=2678866
2025-10-04 21:01:32 [WARN]: Instagram is showing login wall. Consider enabling login in .env
2025-10-04 21:01:32 [INFO]: Found 21 video URLs from network interception
2025-10-04 21:01:32 [INFO]: Filtered to 21 video URLs (excluding audio-only)
2025-10-04 21:01:32 [INFO]: All URLs are DASH fragments, cleaning and prioritizing baseline quality...
2025-10-04 21:01:32 [INFO]: Selected URL: https://instagram.fhio2-1.fna.fbcdn.net/o1/v/t16/f2/m69/AQOFxU_yYzm-vaKFITu0pdAhVeL0sQo4-pFmd2joBQ3Efs1YF3vzv0Jlm5gZ85yL...
2025-10-04 21:01:32 [INFO]: Video URL found: https://instagram.fhio2-1.fna.fbcdn.net/o1/v/t16/f2/m69/AQOFxU_yYzm-vaKFITu0pdAhVeL0sQo4-pFmd2joBQ3E...
2025-10-04 21:01:32 [INFO]: Downloading video to: downloads/videos/DPQLZE_jl-f.mp4
2025-10-04 21:01:32 [INFO]: Downloaded 0.64 MB
2025-10-04 21:01:32 [INFO]: Video downloaded successfully
2025-10-04 21:01:32 [INFO]: Video downloaded successfully: downloads/videos/DPQLZE_jl-f.mp4
2025-10-04 21:01:32 [INFO]: Browser closed
2025-10-04 21:01:32 [INFO]: ✓ Video downloaded: downloads/videos/DPQLZE_jl-f.mp4
2025-10-04 21:01:32 [INFO]: 
[2/5] Extracting audio from video...
2025-10-04 21:01:32 [INFO]: Extracting audio from: downloads/videos/DPQLZE_jl-f.mp4
2025-10-04 21:01:32 [INFO]: Output audio file: downloads/audio/DPQLZE_jl-f.wav
2025-10-04 21:01:32 [INFO]: Format: wav, Sample rate: 16000Hz, Channels: 1
2025-10-04 21:01:32 [INFO]: Audio extraction completed successfully
2025-10-04 21:01:32 [INFO]: ✓ Audio extracted: downloads/audio/DPQLZE_jl-f.wav
2025-10-04 21:01:33 [INFO]:   Duration: 95.88s
2025-10-04 21:01:33 [INFO]:   Sample Rate: 16000Hz
2025-10-04 21:01:33 [INFO]:   Channels: 1
2025-10-04 21:01:33 [INFO]: 
[3/5] Transcribing audio...
2025-10-04 21:01:33 [INFO]: Transcription method: auto
2025-10-04 21:01:33 [INFO]: Using Apple Speech Recognition...
2025-10-04 21:01:33 [INFO]: Transcribing with Apple Speech Recognition: downloads/audio/DPQLZE_jl-f.wav
2025-10-04 21:01:46 [ERROR]: Apple Speech transcription failed: Unexpected end of JSON input
2025-10-04 21:01:46 [WARN]: Apple Speech not available: Apple Speech transcription failed: Unexpected end of JSON input
2025-10-04 21:01:46 [INFO]: Using Python Speech Recognition...
2025-10-04 21:01:46 [INFO]: Transcribing with Python Speech Recognition: downloads/audio/DPQLZE_jl-f.wav
2025-10-04 21:01:46 [ERROR]: Python speech transcription failed: Command failed: python3 "/tmp/transcribe_python.py" "downloads/audio/DPQLZE_jl-f.wav"
Traceback (most recent call last):
  File "/tmp/transcribe_python.py", line 2, in <module>
    import speech_recognition as sr
ModuleNotFoundError: No module named 'speech_recognition'

2025-10-04 21:01:46 [WARN]: Python Speech Recognition failed: Command failed: python3 "/tmp/transcribe_python.py" "downloads/audio/DPQLZE_jl-f.wav"
Traceback (most recent call last):
  File "/tmp/transcribe_python.py", line 2, in <module>
    import speech_recognition as sr
ModuleNotFoundError: No module named 'speech_recognition'

2025-10-04 21:01:46 [WARN]: Whisper model not found in Ollama. Run: ollama pull whisper
2025-10-04 21:01:46 [INFO]: Using Whisper CLI...
2025-10-04 21:01:46 [INFO]: Transcribing with Whisper CLI: downloads/audio/DPQLZE_jl-f.wav
2025-10-04 21:01:46 [ERROR]: Whisper CLI transcription failed: Whisper CLI not found. Install with: pip install openai-whisper
2025-10-04 21:18:53 [INFO]: ============================================================
2025-10-04 21:18:53 [INFO]: Instagram Video Transcription Pipeline
2025-10-04 21:18:53 [INFO]: ============================================================
2025-10-04 21:18:53 [INFO]: URL: https://www.instagram.com/p/DPQLZE_jl-f/
2025-10-04 21:18:53 [INFO]: 
[1/5] Downloading Instagram video...
2025-10-04 21:18:53 [INFO]: Initializing browser with anti-detection measures...
2025-10-04 21:18:54 [INFO]: User agent: Mozilla/5.0 (iPhone; CPU iPhone OS 18_6_2 like Mac OS X) AppleWebKit/605.1.15 (KHTML, like Gecko) Version/18.6 Mobile/15E148 Safari/604.1
2025-10-04 21:18:54 [INFO]: Browser initialized successfully
2025-10-04 21:18:54 [INFO]: Scraping video from: https://www.instagram.com/p/DPQLZE_jl-f/
2025-10-04 21:18:54 [INFO]: Video ID: DPQLZE_jl-f
2025-10-04 21:18:54 [INFO]: Navigating to Instagram page...
2025-10-04 21:19:00 [INFO]: Attempting to extract video URL from DOM...
2025-10-04 21:19:00 [INFO]: Attempting to extract video URL from meta tags...
2025-10-04 21:19:00 [INFO]: Attempting to extract video URL from page source...
2025-10-04 21:19:00 [INFO]: Waiting for video element to load...
2025-10-04 21:19:10 [WARN]: Video element not found or timeout
2025-10-04 21:19:10 [ERROR]: Error scraping video: Could not extract video URL from page. Try enabling DEBUG_SCRAPER=true in .env to save debug files
2025-10-04 21:19:10 [ERROR]: Scraping failed: Could not extract video URL from page. Try enabling DEBUG_SCRAPER=true in .env to save debug files
2025-10-04 21:19:10 [INFO]: Browser closed
2025-10-04 21:19:40 [INFO]: Transcription method: ollama
2025-10-04 21:19:40 [INFO]: Found Whisper model: dimavz/whisper-tiny:latest
2025-10-04 21:20:26 [INFO]: ============================================================
2025-10-04 21:20:26 [INFO]: Instagram Video Transcription Pipeline
2025-10-04 21:20:26 [INFO]: ============================================================
2025-10-04 21:20:26 [INFO]: URL: https://www.instagram.com/p/DPQLZE_jl-f/
2025-10-04 21:20:26 [INFO]: 
[1/5] Downloading Instagram video...
2025-10-04 21:20:26 [INFO]: Initializing browser with anti-detection measures...
2025-10-04 21:20:27 [INFO]: User agent: Mozilla/5.0 (iPhone; CPU iPhone OS 18_3_2 like Mac OS X) AppleWebKit/605.1.15 (KHTML, like Gecko) Version/18.3.1 Mobile/15E148 Safari/604.1
2025-10-04 21:20:27 [INFO]: Browser initialized successfully
2025-10-04 21:20:27 [INFO]: Scraping video from: https://www.instagram.com/p/DPQLZE_jl-f/
2025-10-04 21:20:27 [INFO]: Video ID: DPQLZE_jl-f
2025-10-04 21:20:27 [INFO]: Navigating to Instagram page...
2025-10-04 21:20:32 [INFO]: Attempting to extract video URL from DOM...
2025-10-04 21:20:32 [INFO]: Attempting to extract video URL from meta tags...
2025-10-04 21:20:32 [INFO]: Attempting to extract video URL from page source...
2025-10-04 21:20:33 [INFO]: Waiting for video element to load...
2025-10-04 21:20:43 [WARN]: Video element not found or timeout
2025-10-04 21:20:43 [ERROR]: Error scraping video: Could not extract video URL from page. Try enabling DEBUG_SCRAPER=true in .env to save debug files
2025-10-04 21:20:43 [ERROR]: Scraping failed: Could not extract video URL from page. Try enabling DEBUG_SCRAPER=true in .env to save debug files
2025-10-04 21:20:43 [INFO]: Browser closed
2025-10-04 21:24:43 [INFO]: ============================================================
2025-10-04 21:24:43 [INFO]: Instagram Video Transcription Pipeline
2025-10-04 21:24:43 [INFO]: ============================================================
2025-10-04 21:24:43 [INFO]: URL: https://www.instagram.com/p/DPQLZE_jl-f/
2025-10-04 21:24:43 [INFO]: 
[1/5] Downloading Instagram video...
2025-10-04 21:24:43 [INFO]: Initializing browser with anti-detection measures...
2025-10-04 21:24:44 [INFO]: User agent: Mozilla/5.0 (Linux; Android 10; K) AppleWebKit/537.36 (KHTML, like Gecko) Chrome/140.0.0.0 Mobile Safari/537.36
2025-10-04 21:24:44 [INFO]: Browser initialized successfully
2025-10-04 21:24:44 [INFO]: Attempting to login to Instagram...
2025-10-04 21:24:58 [ERROR]: Login failed: No element found for selector: button[type="submit"]
2025-10-04 21:24:58 [ERROR]: Scraping failed: Instagram login failed
2025-10-04 21:24:58 [INFO]: Browser closed
2025-10-04 21:25:37 [INFO]: ============================================================
2025-10-04 21:25:37 [INFO]: Instagram Video Transcription Pipeline
2025-10-04 21:25:37 [INFO]: ============================================================
2025-10-04 21:25:37 [INFO]: URL: https://www.instagram.com/p/DPQLZE_jl-f/
2025-10-04 21:25:37 [INFO]: 
[1/5] Downloading Instagram video...
2025-10-04 21:25:37 [INFO]: Initializing browser with anti-detection measures...
2025-10-04 21:25:38 [INFO]: User agent: Mozilla/5.0 (iPhone; CPU iPhone OS 18_6_2 like Mac OS X) AppleWebKit/605.1.15 (KHTML, like Gecko) Version/18.6 Mobile/15E148 Safari/604.1
2025-10-04 21:25:38 [INFO]: Browser initialized successfully
2025-10-04 21:25:38 [INFO]: Attempting to login to Instagram...
2025-10-04 21:26:02 [INFO]: Trying to login by pressing Enter key...
2025-10-04 21:26:37 [WARN]: Navigation timeout after login, continuing...
2025-10-04 21:26:37 [INFO]: Login successful
2025-10-04 21:26:47 [INFO]: Scraping video from: https://www.instagram.com/p/DPQLZE_jl-f/
2025-10-04 21:26:47 [INFO]: Video ID: DPQLZE_jl-f
2025-10-04 21:26:47 [INFO]: Navigating to Instagram page...
2025-10-04 21:26:52 [INFO]: Attempting to extract video URL from DOM...
2025-10-04 21:26:52 [INFO]: Attempting to extract video URL from meta tags...
2025-10-04 21:26:52 [INFO]: Attempting to extract video URL from page source...
2025-10-04 21:26:52 [INFO]: Waiting for video element to load...
2025-10-04 21:27:02 [WARN]: Video element not found or timeout
2025-10-04 21:27:02 [ERROR]: Error scraping video: Could not extract video URL from page. Try enabling DEBUG_SCRAPER=true in .env to save debug files
2025-10-04 21:27:02 [ERROR]: Scraping failed: Could not extract video URL from page. Try enabling DEBUG_SCRAPER=true in .env to save debug files
2025-10-04 21:27:02 [INFO]: Browser closed
2025-10-04 21:28:40 [INFO]: ============================================================
2025-10-04 21:28:40 [INFO]: Instagram Video Transcription Pipeline
2025-10-04 21:28:40 [INFO]: ============================================================
2025-10-04 21:28:40 [INFO]: URL: https://www.instagram.com/p/DPQLZE_jl-f/
2025-10-04 21:28:40 [INFO]: 
[1/5] Downloading Instagram video...
2025-10-04 21:28:40 [INFO]: Initializing browser with anti-detection measures...
2025-10-04 21:28:42 [INFO]: User agent: Mozilla/5.0 (iPhone; CPU iPhone OS 18_6_2 like Mac OS X) AppleWebKit/605.1.15 (KHTML, like Gecko) Version/18.6 Mobile/15E148 Safari/604.1
2025-10-04 21:28:42 [INFO]: Browser initialized successfully
2025-10-04 21:28:42 [INFO]: Attempting to login to Instagram...
2025-10-04 21:29:06 [INFO]: Trying to login by pressing Enter key...
2025-10-04 21:29:40 [WARN]: Navigation timeout after login, continuing...
2025-10-04 21:29:40 [INFO]: Login successful
2025-10-04 21:29:50 [INFO]: Scraping video from: https://www.instagram.com/p/DPQLZE_jl-f/
2025-10-04 21:29:50 [INFO]: Video ID: DPQLZE_jl-f
2025-10-04 21:29:50 [INFO]: Navigating to Instagram page...
2025-10-04 21:29:54 [INFO]: Attempting to extract video URL from DOM...
2025-10-04 21:29:54 [INFO]: Attempting to extract video URL from meta tags...
2025-10-04 21:29:54 [INFO]: Attempting to extract video URL from page source...
2025-10-04 21:29:54 [INFO]: Waiting for video element to load...
2025-10-04 21:30:04 [WARN]: Video element not found or timeout
2025-10-04 21:30:04 [ERROR]: Error scraping video: Could not extract video URL from page. Try enabling DEBUG_SCRAPER=true in .env to save debug files
2025-10-04 21:30:04 [ERROR]: Scraping failed: Could not extract video URL from page. Try enabling DEBUG_SCRAPER=true in .env to save debug files
2025-10-04 21:30:04 [INFO]: Browser closed
2025-10-04 21:36:09 [INFO]: Checking system requirements...

2025-10-04 21:36:15 [INFO]: yt-dlp: ✓ Installed
2025-10-04 21:36:15 [INFO]: FFmpeg: ✓ Installed
2025-10-04 21:36:15 [INFO]: Found Whisper model: dimavz/whisper-tiny:latest
2025-10-04 21:36:15 [INFO]: Apple Speech: ✓ Available
2025-10-04 21:36:15 [INFO]: Ollama Whisper: ✓ Available
2025-10-04 21:36:15 [INFO]: Found 2 Ollama models
2025-10-04 21:36:27 [INFO]: ============================================================
2025-10-04 21:36:27 [INFO]: Instagram Video Transcription Pipeline
2025-10-04 21:36:27 [INFO]: ============================================================
2025-10-04 21:36:27 [INFO]: URL: https://www.instagram.com/p/DPQLZE_jl-f/
2025-10-04 21:36:27 [INFO]: 
[1/5] Downloading Instagram video...
2025-10-04 21:36:28 [INFO]: Using yt-dlp for download...
2025-10-04 21:36:28 [INFO]: Downloading Instagram video with yt-dlp: https://www.instagram.com/p/DPQLZE_jl-f/
2025-10-04 21:36:28 [INFO]: Output: downloads/videos/DPQLZE_jl-f.mp4
2025-10-04 21:36:30 [INFO]: ✓ Video downloaded successfully with yt-dlp
2025-10-04 21:36:30 [INFO]: ✓ Video downloaded: downloads/videos/DPQLZE_jl-f.mp4
2025-10-04 21:36:30 [INFO]: 
[2/5] Extracting audio from video...
2025-10-04 21:36:30 [INFO]: Extracting audio from: downloads/videos/DPQLZE_jl-f.mp4
2025-10-04 21:36:30 [INFO]: Output audio file: downloads/audio/DPQLZE_jl-f.wav
2025-10-04 21:36:30 [INFO]: Format: wav, Sample rate: 16000Hz, Channels: 1
2025-10-04 21:36:30 [INFO]: Audio extraction completed successfully
2025-10-04 21:36:30 [INFO]: ✓ Audio extracted: downloads/audio/DPQLZE_jl-f.wav
2025-10-04 21:36:31 [INFO]:   Duration: 95.88s
2025-10-04 21:36:31 [INFO]:   Sample Rate: 16000Hz
2025-10-04 21:36:31 [INFO]:   Channels: 1
2025-10-04 21:36:31 [INFO]: 
[3/5] Transcribing audio...
2025-10-04 21:36:31 [INFO]: Transcription method: auto
2025-10-04 21:36:31 [INFO]: Using Apple Speech Recognition...
2025-10-04 21:36:31 [INFO]: Transcribing with Apple Speech Recognition: downloads/audio/DPQLZE_jl-f.wav
2025-10-04 21:36:33 [ERROR]: Apple Speech transcription failed: Unexpected end of JSON input
2025-10-04 21:36:33 [WARN]: Apple Speech not available: Apple Speech transcription failed: Unexpected end of JSON input
2025-10-04 21:36:33 [INFO]: Using Python Speech Recognition...
2025-10-04 21:36:33 [INFO]: Transcribing with Python Speech Recognition: downloads/audio/DPQLZE_jl-f.wav
2025-10-04 21:36:33 [ERROR]: Python speech transcription failed: Command failed: python3 "/tmp/transcribe_python.py" "downloads/audio/DPQLZE_jl-f.wav"
Traceback (most recent call last):
  File "/tmp/transcribe_python.py", line 2, in <module>
    import speech_recognition as sr
ModuleNotFoundError: No module named 'speech_recognition'

2025-10-04 21:36:33 [WARN]: Python Speech Recognition failed: Command failed: python3 "/tmp/transcribe_python.py" "downloads/audio/DPQLZE_jl-f.wav"
Traceback (most recent call last):
  File "/tmp/transcribe_python.py", line 2, in <module>
    import speech_recognition as sr
ModuleNotFoundError: No module named 'speech_recognition'

2025-10-04 21:36:33 [INFO]: Found Whisper model: dimavz/whisper-tiny:latest
2025-10-04 21:36:33 [INFO]: Using Ollama Whisper...
2025-10-04 21:36:33 [INFO]: Attempting transcription with Whisper CLI...
2025-10-04 21:36:33 [INFO]: Transcribing with Whisper CLI: downloads/audio/DPQLZE_jl-f.wav
2025-10-04 21:36:33 [ERROR]: Whisper CLI transcription failed: Whisper CLI not found. Install with: pip install openai-whisper
2025-10-04 21:36:33 [WARN]: Whisper CLI not available, trying alternative methods...
2025-10-04 21:36:33 [INFO]: Using Ollama Whisper (no precise timestamps)...
2025-10-04 21:36:33 [INFO]: Transcribing audio: downloads/audio/DPQLZE_jl-f.wav
2025-10-04 21:36:33 [ERROR]: Ollama transcription failed: Request failed with status code 500
2025-10-04 21:36:33 [ERROR]: All transcription methods failed: Transcription failed: Request failed with status code 500
2025-10-04 21:36:33 [WARN]: Ollama Whisper failed: Transcription failed: Transcription failed: Request failed with status code 500
2025-10-04 21:36:33 [INFO]: Using Whisper CLI...
2025-10-04 21:36:33 [INFO]: Transcribing with Whisper CLI: downloads/audio/DPQLZE_jl-f.wav
2025-10-04 21:36:33 [ERROR]: Whisper CLI transcription failed: Whisper CLI not found. Install with: pip install openai-whisper
2025-10-04 21:37:56 [INFO]: ============================================================
2025-10-04 21:37:56 [INFO]: Instagram Video Transcription Pipeline
2025-10-04 21:37:56 [INFO]: ============================================================
2025-10-04 21:37:56 [INFO]: URL: https://www.instagram.com/p/DPQLZE_jl-f/
2025-10-04 21:37:56 [INFO]: 
[1/5] Downloading Instagram video...
2025-10-04 21:37:56 [INFO]: Using yt-dlp for download...
2025-10-04 21:37:57 [INFO]: Downloading Instagram video with yt-dlp: https://www.instagram.com/p/DPQLZE_jl-f/
2025-10-04 21:37:57 [INFO]: Output: downloads/videos/DPQLZE_jl-f.mp4
2025-10-04 21:37:58 [INFO]: ✓ Video downloaded successfully with yt-dlp
2025-10-04 21:37:58 [INFO]: ✓ Video downloaded: downloads/videos/DPQLZE_jl-f.mp4
2025-10-04 21:37:58 [INFO]: 
[2/5] Extracting audio from video...
2025-10-04 21:37:58 [INFO]: Extracting audio from: downloads/videos/DPQLZE_jl-f.mp4
2025-10-04 21:37:58 [INFO]: Output audio file: downloads/audio/DPQLZE_jl-f.wav
2025-10-04 21:37:58 [INFO]: Format: wav, Sample rate: 16000Hz, Channels: 1
2025-10-04 21:37:59 [INFO]: Audio extraction completed successfully
2025-10-04 21:37:59 [INFO]: ✓ Audio extracted: downloads/audio/DPQLZE_jl-f.wav
2025-10-04 21:37:59 [INFO]:   Duration: 95.88s
2025-10-04 21:37:59 [INFO]:   Sample Rate: 16000Hz
2025-10-04 21:37:59 [INFO]:   Channels: 1
2025-10-04 21:37:59 [INFO]: 
[3/5] Transcribing audio...
2025-10-04 21:37:59 [INFO]: Transcription method: auto
2025-10-04 21:37:59 [INFO]: Using Apple Speech Recognition...
2025-10-04 21:37:59 [INFO]: Transcribing with Apple Speech Recognition: downloads/audio/DPQLZE_jl-f.wav
2025-10-04 21:38:00 [ERROR]: Apple Speech transcription failed: Unexpected end of JSON input
2025-10-04 21:38:00 [WARN]: Apple Speech not available: Apple Speech transcription failed: Unexpected end of JSON input
2025-10-04 21:38:00 [INFO]: Using Python Speech Recognition...
2025-10-04 21:38:00 [INFO]: Transcribing with Python Speech Recognition: downloads/audio/DPQLZE_jl-f.wav
2025-10-04 21:38:00 [ERROR]: Python speech transcription failed: Command failed: python3 "/tmp/transcribe_python.py" "downloads/audio/DPQLZE_jl-f.wav"
Traceback (most recent call last):
  File "/tmp/transcribe_python.py", line 2, in <module>
    import speech_recognition as sr
ModuleNotFoundError: No module named 'speech_recognition'

2025-10-04 21:38:00 [WARN]: Python Speech Recognition failed: Command failed: python3 "/tmp/transcribe_python.py" "downloads/audio/DPQLZE_jl-f.wav"
Traceback (most recent call last):
  File "/tmp/transcribe_python.py", line 2, in <module>
    import speech_recognition as sr
ModuleNotFoundError: No module named 'speech_recognition'

2025-10-04 21:38:00 [INFO]: Found Whisper model: dimavz/whisper-tiny:latest
2025-10-04 21:38:00 [INFO]: Using Ollama Whisper...
2025-10-04 21:38:00 [INFO]: Attempting transcription with Whisper CLI...
2025-10-04 21:38:00 [INFO]: Transcribing with Whisper CLI: downloads/audio/DPQLZE_jl-f.wav
2025-10-04 21:38:49 [ERROR]: Whisper CLI transcription failed: Whisper did not produce JSON output
2025-10-04 21:38:49 [WARN]: Whisper CLI not available, trying alternative methods...
2025-10-04 21:38:49 [INFO]: Using Ollama Whisper (no precise timestamps)...
2025-10-04 21:38:49 [INFO]: Transcribing audio: downloads/audio/DPQLZE_jl-f.wav
2025-10-04 21:38:49 [ERROR]: Ollama transcription failed: Request failed with status code 500
2025-10-04 21:38:49 [ERROR]: All transcription methods failed: Transcription failed: Request failed with status code 500
2025-10-04 21:38:49 [WARN]: Ollama Whisper failed: Transcription failed: Transcription failed: Request failed with status code 500
2025-10-04 21:38:49 [INFO]: Using Whisper CLI...
2025-10-04 21:38:49 [INFO]: Transcribing with Whisper CLI: downloads/audio/DPQLZE_jl-f.wav
2025-10-04 21:39:09 [ERROR]: Whisper CLI transcription failed: Whisper did not produce JSON output
2025-10-04 21:39:37 [INFO]: ============================================================
2025-10-04 21:39:37 [INFO]: Instagram Video Transcription Pipeline
2025-10-04 21:39:37 [INFO]: ============================================================
2025-10-04 21:39:37 [INFO]: URL: https://www.instagram.com/p/DPQLZE_jl-f/
2025-10-04 21:39:37 [INFO]: 
[1/5] Downloading Instagram video...
2025-10-04 21:39:37 [INFO]: Using yt-dlp for download...
2025-10-04 21:39:38 [INFO]: Downloading Instagram video with yt-dlp: https://www.instagram.com/p/DPQLZE_jl-f/
2025-10-04 21:39:38 [INFO]: Output: downloads/videos/DPQLZE_jl-f.mp4
2025-10-04 21:39:39 [INFO]: ✓ Video downloaded successfully with yt-dlp
2025-10-04 21:39:39 [INFO]: ✓ Video downloaded: downloads/videos/DPQLZE_jl-f.mp4
2025-10-04 21:39:39 [INFO]: 
[2/5] Extracting audio from video...
2025-10-04 21:39:39 [INFO]: Extracting audio from: downloads/videos/DPQLZE_jl-f.mp4
2025-10-04 21:39:39 [INFO]: Output audio file: downloads/audio/DPQLZE_jl-f.wav
2025-10-04 21:39:39 [INFO]: Format: wav, Sample rate: 16000Hz, Channels: 1
2025-10-04 21:39:39 [INFO]: Audio extraction completed successfully
2025-10-04 21:39:39 [INFO]: ✓ Audio extracted: downloads/audio/DPQLZE_jl-f.wav
2025-10-04 21:39:39 [INFO]:   Duration: 95.88s
2025-10-04 21:39:39 [INFO]:   Sample Rate: 16000Hz
2025-10-04 21:39:39 [INFO]:   Channels: 1
2025-10-04 21:39:39 [INFO]: 
[3/5] Transcribing audio...
2025-10-04 21:39:39 [INFO]: Transcription method: auto
2025-10-04 21:39:39 [INFO]: Using Apple Speech Recognition...
2025-10-04 21:39:39 [INFO]: Transcribing with Apple Speech Recognition: downloads/audio/DPQLZE_jl-f.wav
2025-10-04 21:39:41 [ERROR]: Apple Speech transcription failed: Unexpected end of JSON input
2025-10-04 21:39:41 [WARN]: Apple Speech not available: Apple Speech transcription failed: Unexpected end of JSON input
2025-10-04 21:39:41 [INFO]: Using Python Speech Recognition...
2025-10-04 21:39:41 [INFO]: Transcribing with Python Speech Recognition: downloads/audio/DPQLZE_jl-f.wav
2025-10-04 21:39:41 [ERROR]: Python speech transcription failed: Command failed: python3 "/tmp/transcribe_python.py" "downloads/audio/DPQLZE_jl-f.wav"
Traceback (most recent call last):
  File "/tmp/transcribe_python.py", line 2, in <module>
    import speech_recognition as sr
ModuleNotFoundError: No module named 'speech_recognition'

2025-10-04 21:39:41 [WARN]: Python Speech Recognition failed: Command failed: python3 "/tmp/transcribe_python.py" "downloads/audio/DPQLZE_jl-f.wav"
Traceback (most recent call last):
  File "/tmp/transcribe_python.py", line 2, in <module>
    import speech_recognition as sr
ModuleNotFoundError: No module named 'speech_recognition'

2025-10-04 21:39:41 [INFO]: Found Whisper model: dimavz/whisper-tiny:latest
2025-10-04 21:39:41 [INFO]: Using Ollama Whisper...
2025-10-04 21:39:41 [INFO]: Attempting transcription with Whisper CLI...
2025-10-04 21:39:41 [INFO]: Transcribing with Whisper CLI: downloads/audio/DPQLZE_jl-f.wav
2025-10-04 21:39:54 [INFO]: Transcription with timestamps completed
2025-10-04 21:39:54 [INFO]: ✓ Transcription completed
2025-10-04 21:39:54 [INFO]:   Text length: 1552 characters
2025-10-04 21:39:54 [INFO]:   Segments: 16
2025-10-04 21:39:54 [INFO]: 
[4/5] Writing results to CSV...
2025-10-04 21:39:54 [INFO]: Writing transcription to CSV: ./output/transcriptions.csv
2025-10-04 21:39:54 [INFO]: Successfully wrote 16 segments to CSV
2025-10-04 21:39:54 [INFO]: ✓ CSV written: ./output/transcriptions.csv
2025-10-04 21:39:54 [INFO]: 
[5/5] AI Processing with Ollama...
2025-10-04 21:39:54 [INFO]: Found 2 Ollama models
2025-10-04 21:39:54 [INFO]:   Available models: dimavz/whisper-tiny:latest, gemma3:4b
2025-10-04 21:39:54 [INFO]:   Generating summary...
2025-10-04 21:39:54 [INFO]: Generating with Ollama model: gemma3
2025-10-04 21:39:54 [ERROR]: Ollama generation failed: Request failed with status code 404
2025-10-04 21:40:28 [INFO]: Generating with Ollama model: gemma3:4b
2025-10-04 21:42:02 [INFO]: Generation completed
2025-10-04 21:42:02 [INFO]: Generating with Ollama model: gemma3:4b
2025-10-04 21:42:27 [INFO]: Generation completed
2025-10-04 21:44:37 [INFO]: ============================================================
2025-10-04 21:44:37 [INFO]: Instagram Video Transcription Pipeline
2025-10-04 21:44:37 [INFO]: ============================================================
2025-10-04 21:44:37 [INFO]: URL: https://www.instagram.com/p/DPQLZE_jl-f/
2025-10-04 21:44:37 [INFO]: 
[1/5] Downloading Instagram video...
2025-10-04 21:44:38 [INFO]: Using yt-dlp for download...
2025-10-04 21:44:38 [INFO]: Downloading Instagram video with yt-dlp: https://www.instagram.com/p/DPQLZE_jl-f/
2025-10-04 21:44:38 [INFO]: Output: downloads/videos/DPQLZE_jl-f.mp4
2025-10-04 21:44:39 [INFO]: ✓ Video downloaded successfully with yt-dlp
2025-10-04 21:44:39 [INFO]: ✓ Video downloaded: downloads/videos/DPQLZE_jl-f.mp4
2025-10-04 21:44:39 [INFO]: 
[2/5] Extracting audio from video...
2025-10-04 21:44:39 [INFO]: Extracting audio from: downloads/videos/DPQLZE_jl-f.mp4
2025-10-04 21:44:39 [INFO]: Output audio file: downloads/audio/DPQLZE_jl-f.wav
2025-10-04 21:44:39 [INFO]: Format: wav, Sample rate: 16000Hz, Channels: 1
2025-10-04 21:44:40 [INFO]: Audio extraction completed successfully
2025-10-04 21:44:40 [INFO]: ✓ Audio extracted: downloads/audio/DPQLZE_jl-f.wav
2025-10-04 21:44:40 [INFO]:   Duration: 95.88s
2025-10-04 21:44:40 [INFO]:   Sample Rate: 16000Hz
2025-10-04 21:44:40 [INFO]:   Channels: 1
2025-10-04 21:44:40 [INFO]: 
[3/5] Transcribing audio...
2025-10-04 21:44:40 [INFO]: Transcription method: auto
2025-10-04 21:44:40 [INFO]: Using Apple Speech Recognition...
2025-10-04 21:44:40 [INFO]: Transcribing with Apple Speech Recognition: downloads/audio/DPQLZE_jl-f.wav
2025-10-04 21:44:42 [ERROR]: Apple Speech transcription failed: Unexpected end of JSON input
2025-10-04 21:44:42 [WARN]: Apple Speech not available: Apple Speech transcription failed: Unexpected end of JSON input
2025-10-04 21:44:42 [INFO]: Using Python Speech Recognition...
2025-10-04 21:44:42 [INFO]: Transcribing with Python Speech Recognition: downloads/audio/DPQLZE_jl-f.wav
2025-10-04 21:44:42 [ERROR]: Python speech transcription failed: Command failed: python3 "/tmp/transcribe_python.py" "downloads/audio/DPQLZE_jl-f.wav"
Traceback (most recent call last):
  File "/tmp/transcribe_python.py", line 2, in <module>
    import speech_recognition as sr
ModuleNotFoundError: No module named 'speech_recognition'

2025-10-04 21:44:42 [WARN]: Python Speech Recognition failed: Command failed: python3 "/tmp/transcribe_python.py" "downloads/audio/DPQLZE_jl-f.wav"
Traceback (most recent call last):
  File "/tmp/transcribe_python.py", line 2, in <module>
    import speech_recognition as sr
ModuleNotFoundError: No module named 'speech_recognition'

2025-10-04 21:44:42 [INFO]: Found Whisper model: dimavz/whisper-tiny:latest
2025-10-04 21:44:42 [INFO]: Using Ollama Whisper...
2025-10-04 21:44:42 [INFO]: Attempting transcription with Whisper CLI...
2025-10-04 21:44:42 [INFO]: Transcribing with Whisper CLI: downloads/audio/DPQLZE_jl-f.wav
2025-10-04 21:44:54 [INFO]: Transcription with timestamps completed
2025-10-04 21:44:54 [INFO]: ✓ Transcription completed
2025-10-04 21:44:54 [INFO]:   Text length: 1552 characters
2025-10-04 21:44:54 [INFO]:   Segments: 16
2025-10-04 21:44:54 [INFO]: 
[4/5] Writing results to CSV...
2025-10-04 21:44:54 [INFO]: Writing transcription to CSV: ./output/transcriptions.csv
2025-10-04 21:44:54 [INFO]: Successfully wrote 16 segments to CSV
2025-10-04 21:44:54 [INFO]: ✓ CSV written: ./output/transcriptions.csv
2025-10-04 21:44:54 [INFO]: 
[5/5] AI Processing with Ollama...
2025-10-04 21:44:54 [INFO]: Found 2 Ollama models
2025-10-04 21:44:54 [INFO]:   Available models: dimavz/whisper-tiny:latest, gemma3:4b
2025-10-04 21:44:54 [INFO]:   Generating summary...
2025-10-04 21:44:54 [INFO]: Generating with Ollama model: gemma3:4b
2025-10-04 21:45:08 [INFO]: Generation completed
2025-10-04 21:45:08 [INFO]: 
--- SUMMARY ---
Here’s a concise summary of the video transcription:

The video demonstrates Claude’s surprisingly proactive approach to assisting with business organization. By connecting to the user’s file system, Claude has created a comprehensive system – including a vision board turned into a 15-slide deck – to track tasks, build institutional memory, and present strategic insights. The key takeaway is that AI like Claude shouldn’t just be for automation; it should be a system builder, proactively managing context and helping to establish a structured approach to business operations. It’s about creating a “smarter system” rather than just a smarter AI.

2025-10-04 21:45:08 [INFO]:   Extracting key topics...
2025-10-04 21:45:08 [INFO]: Generating with Ollama model: gemma3:4b
2025-10-04 21:45:31 [INFO]: Generation completed
2025-10-04 22:00:45 [INFO]: ============================================================
2025-10-04 22:00:45 [INFO]: Instagram Video Transcription Pipeline
2025-10-04 22:00:45 [INFO]: ============================================================
2025-10-04 22:00:45 [INFO]: URL: https://www.instagram.com/p/DPQLZE_jl-f/
2025-10-04 22:00:45 [INFO]: 
[1/5] Downloading Instagram video...
2025-10-04 22:00:46 [INFO]: Downloading Instagram video with yt-dlp: https://www.instagram.com/p/DPQLZE_jl-f/
2025-10-04 22:00:46 [INFO]: Output: downloads/videos/DPQLZE_jl-f.mp4
2025-10-04 22:00:47 [INFO]: ✓ Video downloaded successfully with yt-dlp
2025-10-04 22:00:47 [INFO]: ✓ Video downloaded: downloads/videos/DPQLZE_jl-f.mp4
2025-10-04 22:00:47 [INFO]: 
[2/5] Extracting audio from video...
2025-10-04 22:00:48 [INFO]: Extracting audio from: downloads/videos/DPQLZE_jl-f.mp4
2025-10-04 22:00:48 [INFO]: Output audio file: downloads/audio/DPQLZE_jl-f.wav
2025-10-04 22:00:48 [INFO]: Format: wav, Sample rate: 16000Hz, Channels: 1
2025-10-04 22:00:48 [INFO]: Audio extraction completed successfully
2025-10-04 22:00:48 [INFO]: ✓ Audio extracted: downloads/audio/DPQLZE_jl-f.wav
2025-10-04 22:00:48 [INFO]:   Duration: 95.88s
2025-10-04 22:00:48 [INFO]:   Sample Rate: 16000Hz
2025-10-04 22:00:48 [INFO]:   Channels: 1
2025-10-04 22:00:48 [INFO]: 
[3/5] Transcribing audio...
2025-10-04 22:00:48 [INFO]: Transcription method: auto
2025-10-04 22:00:48 [INFO]: Using Whisper CLI...
2025-10-04 22:00:48 [INFO]: Transcribing with Whisper CLI: downloads/audio/DPQLZE_jl-f.wav
2025-10-04 22:01:14 [INFO]: Transcription with timestamps completed
2025-10-04 22:01:14 [INFO]: ✓ Transcription completed
2025-10-04 22:01:14 [INFO]:   Text length: 1552 characters
2025-10-04 22:01:14 [INFO]:   Segments: 16
2025-10-04 22:01:14 [INFO]: 
[4/5] AI Processing with Ollama...
2025-10-04 22:01:14 [INFO]: Found 3 Ollama models
2025-10-04 22:01:14 [INFO]:   Available models: deepseek-r1:14b, dimavz/whisper-tiny:latest, gemma3:4b
2025-10-04 22:01:14 [INFO]:   Generating summary...
2025-10-04 22:01:14 [INFO]: Generating with Ollama model: gemma3:4b
2025-10-04 22:04:04 [INFO]: ============================================================
2025-10-04 22:04:04 [INFO]: Instagram Account Video Scraper
2025-10-04 22:04:04 [INFO]: ============================================================
2025-10-04 22:04:04 [INFO]: Username: techtiff.ai
2025-10-04 22:04:04 [INFO]: Output file: urls.txt
2025-10-04 22:04:04 [INFO]: 
Extracting video URLs from profile...
2025-10-04 22:04:04 [INFO]: This may take a moment depending on account size...

2025-10-04 22:04:05 [ERROR]: 
Error: Command failed: yt-dlp --flat-playlist --print url "https://www.instagram.com/techtiff.ai/"
WARNING: The program functionality for this site has been marked as broken, and will probably not work.
ERROR: [instagram:user] techtiff.ai: Unable to extract data; please report this issue on  https://github.com/yt-dlp/yt-dlp/issues?q= , filling out the appropriate issue template. Confirm you are on the latest version using  yt-dlp -U

2025-10-04 22:05:40 [INFO]: ============================================================
2025-10-04 22:05:40 [INFO]: Instagram Account Video Scraper
2025-10-04 22:05:40 [INFO]: ============================================================
2025-10-04 22:05:40 [INFO]: Username: techtiff.ai
2025-10-04 22:05:40 [INFO]: Output file: urls.txt
2025-10-04 22:05:40 [INFO]: 
Extracting video URLs from profile...
2025-10-04 22:05:40 [INFO]: This may take a moment depending on account size...

2025-10-04 22:05:41 [ERROR]: 
Error: Command failed: yt-dlp --flat-playlist --print url "https://www.instagram.com/techtiff.ai/"
WARNING: The program functionality for this site has been marked as broken, and will probably not work.
ERROR: [instagram:user] techtiff.ai: Unable to extract data; please report this issue on  https://github.com/yt-dlp/yt-dlp/issues?q= , filling out the appropriate issue template. Confirm you are on the latest version using  yt-dlp -U

2025-10-04 22:20:49 [INFO]: ============================================================
2025-10-04 22:20:49 [INFO]: Instagram Account Video Scraper
2025-10-04 22:20:49 [INFO]: ============================================================
2025-10-04 22:20:49 [INFO]: Username: techtiff.ai
2025-10-04 22:20:49 [INFO]: Output file: urls.txt
2025-10-04 22:20:49 [INFO]: 
Extracting video URLs from profile...
2025-10-04 22:20:49 [INFO]: This may take a moment depending on account size...

2025-10-04 22:20:50 [ERROR]: 
Error: Command failed: yt-dlp --flat-playlist --print url "https://www.instagram.com/techtiff.ai/"
WARNING: The program functionality for this site has been marked as broken, and will probably not work.
ERROR: [instagram:user] techtiff.ai: Unable to extract data; please report this issue on  https://github.com/yt-dlp/yt-dlp/issues?q= , filling out the appropriate issue template. Confirm you are on the latest version using  yt-dlp -U

2025-10-04 22:32:01 [INFO]: Processing 104 Instagram URLs...

2025-10-04 22:32:01 [INFO]: 
[1/104] Processing: https://www.instagram.com/techtiff.ai/reel/DOu4VSSDq7m/
2025-10-04 22:32:01 [ERROR]: 
✗ Pipeline failed: Invalid Instagram URL: https://www.instagram.com/techtiff.ai/reel/DOu4VSSDq7m/
2025-10-04 22:32:01 [ERROR]: Error: Invalid Instagram URL: https://www.instagram.com/techtiff.ai/reel/DOu4VSSDq7m/
    at processInstagramVideo (file:///Users/cypher/Documents/coding/ig_transcribe/index.js:28:13)
    at batchProcess (file:///Users/cypher/Documents/coding/ig_transcribe/examples/batch-process.js:44:28)
    at file:///Users/cypher/Documents/coding/ig_transcribe/examples/batch-process.js:137:1
    at ModuleJob.run (node:internal/modules/esm/module_job:345:25)
    at async onImport.tracePromise.__proto__ (node:internal/modules/esm/loader:665:26)
    at async asyncRunEntryPointWithESMLoader (node:internal/modules/run_main:117:5)
2025-10-04 22:32:01 [ERROR]: ✗ Failed: Invalid Instagram URL: https://www.instagram.com/techtiff.ai/reel/DOu4VSSDq7m/
2025-10-04 22:32:01 [INFO]: Waiting 12.0s before next video...
2025-10-04 22:32:13 [INFO]: 
[2/104] Processing: https://www.instagram.com/techtiff.ai/reel/DOsIn_hjlJL/
2025-10-04 22:32:13 [ERROR]: 
✗ Pipeline failed: Invalid Instagram URL: https://www.instagram.com/techtiff.ai/reel/DOsIn_hjlJL/
2025-10-04 22:32:13 [ERROR]: Error: Invalid Instagram URL: https://www.instagram.com/techtiff.ai/reel/DOsIn_hjlJL/
    at processInstagramVideo (file:///Users/cypher/Documents/coding/ig_transcribe/index.js:28:13)
    at batchProcess (file:///Users/cypher/Documents/coding/ig_transcribe/examples/batch-process.js:44:28)
2025-10-04 22:32:13 [ERROR]: ✗ Failed: Invalid Instagram URL: https://www.instagram.com/techtiff.ai/reel/DOsIn_hjlJL/
2025-10-04 22:32:13 [INFO]: Waiting 12.0s before next video...
2025-10-04 22:37:55 [INFO]: Processing 104 Instagram URLs...

2025-10-04 22:37:55 [INFO]: 
[1/104] Processing: https://www.instagram.com/techtiff.ai/reel/DOu4VSSDq7m/
2025-10-04 22:37:55 [INFO]: ============================================================
2025-10-04 22:37:55 [INFO]: Instagram Video Transcription Pipeline
2025-10-04 22:37:55 [INFO]: ============================================================
2025-10-04 22:37:55 [INFO]: URL: https://www.instagram.com/techtiff.ai/reel/DOu4VSSDq7m/
2025-10-04 22:37:55 [INFO]: 
[1/5] Downloading Instagram video...
2025-10-04 22:37:55 [INFO]: Downloading Instagram video with yt-dlp: https://www.instagram.com/techtiff.ai/reel/DOu4VSSDq7m/
2025-10-04 22:37:55 [INFO]: Output: downloads/videos/DOu4VSSDq7m.mp4
2025-10-04 22:37:57 [INFO]: ✓ Video downloaded successfully with yt-dlp
2025-10-04 22:37:57 [INFO]: ✓ Video downloaded: downloads/videos/DOu4VSSDq7m.mp4
2025-10-04 22:37:57 [INFO]: 
[2/5] Extracting audio from video...
2025-10-04 22:37:57 [INFO]: Extracting audio from: downloads/videos/DOu4VSSDq7m.mp4
2025-10-04 22:37:57 [INFO]: Output audio file: downloads/audio/DOu4VSSDq7m.wav
2025-10-04 22:37:57 [INFO]: Format: wav, Sample rate: 16000Hz, Channels: 1
2025-10-04 22:37:57 [INFO]: Audio extraction completed successfully
2025-10-04 22:37:57 [INFO]: ✓ Audio extracted: downloads/audio/DOu4VSSDq7m.wav
2025-10-04 22:37:58 [INFO]:   Duration: 78.04s
2025-10-04 22:37:58 [INFO]:   Sample Rate: 16000Hz
2025-10-04 22:37:58 [INFO]:   Channels: 1
2025-10-04 22:37:58 [INFO]: 
[3/5] Transcribing audio...
2025-10-04 22:37:58 [INFO]: Transcription method: auto
2025-10-04 22:37:58 [INFO]: Using Whisper CLI...
2025-10-04 22:37:58 [INFO]: Transcribing with Whisper CLI: downloads/audio/DOu4VSSDq7m.wav
2025-10-04 22:38:07 [INFO]: Transcription with timestamps completed
2025-10-04 22:38:07 [INFO]: ✓ Transcription completed
2025-10-04 22:38:07 [INFO]:   Text length: 1216 characters
2025-10-04 22:38:07 [INFO]:   Segments: 13
2025-10-04 22:38:07 [INFO]: 
[4/5] AI Processing with Ollama...
2025-10-04 22:38:07 [INFO]: Found 3 Ollama models
2025-10-04 22:38:07 [INFO]:   Available models: deepseek-r1:14b, dimavz/whisper-tiny:latest, gemma3:4b
2025-10-04 22:38:07 [INFO]:   Generating summary...
2025-10-04 22:38:07 [INFO]: Generating with Ollama model: gemma3:4b
2025-10-04 22:38:21 [INFO]: Generation completed
2025-10-04 22:38:21 [INFO]: 
--- SUMMARY ---
Here’s a concise summary of the video:

The video highlights that the NFC chip on most debit cards, even expired ones, can be repurposed on iPhones. Instead of just being for payments, the NFC chip can be used to create automated “shortcuts” – triggering actions like silencing distractions, launching specific apps, or responding to location or text triggers. Essentially, an expired debit card can transform your iPhone into a powerful productivity tool.

2025-10-04 22:38:21 [INFO]:   Extracting key topics...
2025-10-04 22:38:21 [INFO]: Generating with Ollama model: gemma3:4b
2025-10-04 22:38:37 [INFO]: Generation completed
2025-10-04 22:38:37 [INFO]: 
--- KEY TOPICS ---
Here’s a breakdown of the main topics and themes discussed in the video transcription, presented as bullet points:

*   **NFC Technology:** The core of the video – explaining what NFC (Near Field Communication) is and its function.
*   **Expired Debit Cards & NFC Functionality:** The surprising fact that the NFC chip on old debit cards still works and can be utilized.
*   **iPhone Shortcuts & Automation:** How the NFC chip can be used to trigger automated actions within the Shortcuts app on an iPhone.
*   **Productivity & Distraction Blocking:** The potential of using this setup to create a focused, productivity-oriented environment.
*   **Critique of Current iPhone Usage:** A lighthearted jab at people who carry iPhones as remote controls instead of utilizing their full capabilities.

Would you like me to elaborate on any of these points or perhaps summarize a specific aspect of the video?

2025-10-04 22:38:37 [INFO]: 
[5/5] Writing results to CSV...
2025-10-04 22:38:37 [INFO]: Writing Notion-friendly CSV: ./output/transcriptions-notion.csv
2025-10-04 22:38:37 [INFO]: Successfully wrote video to Notion CSV
2025-10-04 22:38:37 [INFO]: ✓ Notion CSV written: ./output/transcriptions-notion.csv
2025-10-04 22:38:37 [INFO]: 
============================================================
2025-10-04 22:38:37 [INFO]: ✓ Pipeline completed successfully
2025-10-04 22:38:37 [INFO]:   Total time: 42.36s
2025-10-04 22:38:37 [INFO]: ============================================================
2025-10-04 22:38:37 [INFO]: ✓ Success
2025-10-04 22:38:37 [INFO]: Waiting 12.0s before next video...
2025-10-04 22:38:49 [INFO]: 
[2/104] Processing: https://www.instagram.com/techtiff.ai/reel/DOsIn_hjlJL/
2025-10-04 22:38:49 [INFO]: ============================================================
2025-10-04 22:38:49 [INFO]: Instagram Video Transcription Pipeline
2025-10-04 22:38:49 [INFO]: ============================================================
2025-10-04 22:38:49 [INFO]: URL: https://www.instagram.com/techtiff.ai/reel/DOsIn_hjlJL/
2025-10-04 22:38:49 [INFO]: 
[1/5] Downloading Instagram video...
2025-10-04 22:38:50 [INFO]: Downloading Instagram video with yt-dlp: https://www.instagram.com/techtiff.ai/reel/DOsIn_hjlJL/
2025-10-04 22:38:50 [INFO]: Output: downloads/videos/DOsIn_hjlJL.mp4
2025-10-04 22:38:51 [INFO]: ✓ Video downloaded successfully with yt-dlp
2025-10-04 22:38:51 [INFO]: ✓ Video downloaded: downloads/videos/DOsIn_hjlJL.mp4
2025-10-04 22:38:51 [INFO]: 
[2/5] Extracting audio from video...
2025-10-04 22:38:52 [INFO]: Extracting audio from: downloads/videos/DOsIn_hjlJL.mp4
2025-10-04 22:38:52 [INFO]: Output audio file: downloads/audio/DOsIn_hjlJL.wav
2025-10-04 22:38:52 [INFO]: Format: wav, Sample rate: 16000Hz, Channels: 1
2025-10-04 22:38:52 [INFO]: Audio extraction completed successfully
2025-10-04 22:38:52 [INFO]: ✓ Audio extracted: downloads/audio/DOsIn_hjlJL.wav
2025-10-04 22:38:52 [INFO]:   Duration: 85.61s
2025-10-04 22:38:52 [INFO]:   Sample Rate: 16000Hz
2025-10-04 22:38:52 [INFO]:   Channels: 1
2025-10-04 22:38:52 [INFO]: 
[3/5] Transcribing audio...
2025-10-04 22:38:52 [INFO]: Transcription method: auto
2025-10-04 22:38:52 [INFO]: Using Whisper CLI...
2025-10-04 22:38:52 [INFO]: Transcribing with Whisper CLI: downloads/audio/DOsIn_hjlJL.wav
2025-10-04 22:39:02 [INFO]: Transcription with timestamps completed
2025-10-04 22:39:02 [INFO]: ✓ Transcription completed
2025-10-04 22:39:02 [INFO]:   Text length: 1308 characters
2025-10-04 22:39:02 [INFO]:   Segments: 30
2025-10-04 22:39:02 [INFO]: 
[4/5] AI Processing with Ollama...
2025-10-04 22:39:02 [INFO]: Found 3 Ollama models
2025-10-04 22:39:02 [INFO]:   Available models: deepseek-r1:14b, dimavz/whisper-tiny:latest, gemma3:4b
2025-10-04 22:39:02 [INFO]:   Generating summary...
2025-10-04 22:39:02 [INFO]: Generating with Ollama model: gemma3:4b
2025-10-04 22:39:12 [INFO]: Generation completed
2025-10-04 22:39:12 [INFO]: 
--- SUMMARY ---
Here’s a concise summary of the video transcription:

This video highlights a new iOS shortcut that utilizes ChatGPT to streamline task management. The shortcut, accessible via a link in the speaker’s bio, allows users to input a goal and have ChatGPT automatically break it down into actionable tasks and a structured to-do list. It leverages iOS 26’s integration with ChatGPT within the Shortcuts app. The speaker encourages viewers to try the shortcut to combat procrastination and let their iPhone handle the initial steps of organizing their goals.

2025-10-04 22:39:12 [INFO]:   Extracting key topics...
2025-10-04 22:39:12 [INFO]: Generating with Ollama model: gemma3:4b
2025-10-04 22:39:29 [INFO]: Generation completed
2025-10-04 22:39:29 [INFO]: 
--- KEY TOPICS ---
Here’s a breakdown of the main topics and themes discussed in the video transcription, presented as bullet points:

*   **ChatGPT in Shortcuts:** The core topic is utilizing ChatGPT within the Shortcuts app on iPhone.
*   **Task Management & Project Breakdown:** The video focuses on using ChatGPT to break down large goals into manageable, actionable tasks.
*   **iOS 26 Features:** Specifically mentions the new functionality of using ChatGPT within the Shortcuts app introduced with iOS 26.
*   **Shortcut Creation & Usage:** Demonstrates how to set up and use a specific shortcut for project management.
*   **Overcoming Procrastination:** Addresses the common issue of procrastination and how this shortcut can help users get started.
*   **Leveraging iPhone Capabilities:** Encourages users to utilize their iPhone’s full potential.

Would you like me to elaborate on any of these points, or perhaps summarize a specific aspect of the video?

2025-10-04 22:39:29 [INFO]: 
[5/5] Writing results to CSV...
2025-10-04 22:39:29 [INFO]: Writing Notion-friendly CSV: ./output/transcriptions-notion.csv
2025-10-04 22:39:29 [INFO]: Successfully wrote video to Notion CSV
2025-10-04 22:39:29 [INFO]: ✓ Notion CSV written: ./output/transcriptions-notion.csv
2025-10-04 22:39:29 [INFO]: 
============================================================
2025-10-04 22:39:29 [INFO]: ✓ Pipeline completed successfully
2025-10-04 22:39:29 [INFO]:   Total time: 39.97s
2025-10-04 22:39:29 [INFO]: ============================================================
2025-10-04 22:39:29 [INFO]: ✓ Success
2025-10-04 22:39:29 [INFO]: Waiting 12.0s before next video...
2025-10-04 22:39:41 [INFO]: 
[3/104] Processing: https://www.instagram.com/techtiff.ai/reel/DOpZo95kbVX/
2025-10-04 22:39:41 [INFO]: ============================================================
2025-10-04 22:39:41 [INFO]: Instagram Video Transcription Pipeline
2025-10-04 22:39:41 [INFO]: ============================================================
2025-10-04 22:39:41 [INFO]: URL: https://www.instagram.com/techtiff.ai/reel/DOpZo95kbVX/
2025-10-04 22:39:41 [INFO]: 
[1/5] Downloading Instagram video...
2025-10-04 22:39:42 [INFO]: Downloading Instagram video with yt-dlp: https://www.instagram.com/techtiff.ai/reel/DOpZo95kbVX/
2025-10-04 22:39:42 [INFO]: Output: downloads/videos/DOpZo95kbVX.mp4
2025-10-04 22:39:44 [INFO]: ✓ Video downloaded successfully with yt-dlp
2025-10-04 22:39:44 [INFO]: ✓ Video downloaded: downloads/videos/DOpZo95kbVX.mp4
2025-10-04 22:39:44 [INFO]: 
[2/5] Extracting audio from video...
2025-10-04 22:39:44 [INFO]: Extracting audio from: downloads/videos/DOpZo95kbVX.mp4
2025-10-04 22:39:44 [INFO]: Output audio file: downloads/audio/DOpZo95kbVX.wav
2025-10-04 22:39:44 [INFO]: Format: wav, Sample rate: 16000Hz, Channels: 1
2025-10-04 22:39:44 [INFO]: Audio extraction completed successfully
2025-10-04 22:39:44 [INFO]: ✓ Audio extracted: downloads/audio/DOpZo95kbVX.wav
2025-10-04 22:39:45 [INFO]:   Duration: 66.48s
2025-10-04 22:39:45 [INFO]:   Sample Rate: 16000Hz
2025-10-04 22:39:45 [INFO]:   Channels: 1
2025-10-04 22:39:45 [INFO]: 
[3/5] Transcribing audio...
2025-10-04 22:39:45 [INFO]: Transcription method: auto
2025-10-04 22:39:45 [INFO]: Using Whisper CLI...
2025-10-04 22:39:45 [INFO]: Transcribing with Whisper CLI: downloads/audio/DOpZo95kbVX.wav
2025-10-04 22:39:53 [INFO]: Transcription with timestamps completed
2025-10-04 22:39:53 [INFO]: ✓ Transcription completed
2025-10-04 22:39:53 [INFO]:   Text length: 1118 characters
2025-10-04 22:39:53 [INFO]:   Segments: 17
2025-10-04 22:39:53 [INFO]: 
[4/5] AI Processing with Ollama...
2025-10-04 22:39:53 [INFO]: Found 3 Ollama models
2025-10-04 22:39:53 [INFO]:   Available models: deepseek-r1:14b, dimavz/whisper-tiny:latest, gemma3:4b
2025-10-04 22:39:53 [INFO]:   Generating summary...
2025-10-04 22:39:53 [INFO]: Generating with Ollama model: gemma3:4b
2025-10-04 22:40:03 [INFO]: Generation completed
2025-10-04 22:40:03 [INFO]: 
--- SUMMARY ---
Here’s a concise summary of the video transcription:

The video argues that ChatGPT’s underwhelming results often stem from vague prompts. The key takeaway is to use “meta prompts” – prompts that essentially ask ChatGPT to help you refine your original request. Specifically, tell it you’re working on a task, share what you’ve written, and ask what you’re missing. Then, save your prompts and projects so ChatGPT remembers the context for future use. Essentially, be explicit about your desired outcome.

2025-10-04 22:40:03 [INFO]:   Extracting key topics...
2025-10-04 22:40:03 [INFO]: Generating with Ollama model: gemma3:4b
2025-10-04 22:40:15 [INFO]: Generation completed
2025-10-04 22:40:15 [INFO]: 
--- KEY TOPICS ---
Here’s a breakdown of the main topics and themes discussed in the video transcription:

*   **Improving ChatGPT Prompts:** The central theme is how to get better results from ChatGPT.
*   **The Role of Specificity:** The video emphasizes the importance of providing detailed and specific instructions to ChatGPT.
*   **Meta Prompting:** Introducing and explaining the technique of using meta prompts to guide ChatGPT.
*   **Prompt Saving & Organization:**  Highlighting the need to save and clearly name prompts within a project for future use.
*   **Addressing "Mid" Results:** The video directly tackles the frustration of getting underwhelming responses from ChatGPT.

Would you like me to elaborate on any of these points?

2025-10-04 22:40:15 [INFO]: 
[5/5] Writing results to CSV...
2025-10-04 22:40:15 [INFO]: Writing Notion-friendly CSV: ./output/transcriptions-notion.csv
2025-10-04 22:40:15 [INFO]: Successfully wrote video to Notion CSV
2025-10-04 22:40:15 [INFO]: ✓ Notion CSV written: ./output/transcriptions-notion.csv
2025-10-04 22:40:15 [INFO]: 
============================================================
2025-10-04 22:40:15 [INFO]: ✓ Pipeline completed successfully
2025-10-04 22:40:15 [INFO]:   Total time: 33.40s
2025-10-04 22:40:15 [INFO]: ============================================================
2025-10-04 22:40:15 [INFO]: ✓ Success
2025-10-04 22:40:15 [INFO]: Waiting 12.0s before next video...
2025-10-04 22:40:27 [INFO]: 
[4/104] Processing: https://www.instagram.com/techtiff.ai/reel/DOmtR0yj11r/
2025-10-04 22:40:27 [INFO]: ============================================================
2025-10-04 22:40:27 [INFO]: Instagram Video Transcription Pipeline
2025-10-04 22:40:27 [INFO]: ============================================================
2025-10-04 22:40:27 [INFO]: URL: https://www.instagram.com/techtiff.ai/reel/DOmtR0yj11r/
2025-10-04 22:40:27 [INFO]: 
[1/5] Downloading Instagram video...
2025-10-04 22:40:27 [INFO]: Downloading Instagram video with yt-dlp: https://www.instagram.com/techtiff.ai/reel/DOmtR0yj11r/
2025-10-04 22:40:27 [INFO]: Output: downloads/videos/DOmtR0yj11r.mp4
2025-10-04 22:40:28 [INFO]: ✓ Video downloaded successfully with yt-dlp
2025-10-04 22:40:28 [INFO]: ✓ Video downloaded: downloads/videos/DOmtR0yj11r.mp4
2025-10-04 22:40:28 [INFO]: 
[2/5] Extracting audio from video...
2025-10-04 22:40:29 [INFO]: Extracting audio from: downloads/videos/DOmtR0yj11r.mp4
2025-10-04 22:40:29 [INFO]: Output audio file: downloads/audio/DOmtR0yj11r.wav
2025-10-04 22:40:29 [INFO]: Format: wav, Sample rate: 16000Hz, Channels: 1
2025-10-04 22:40:29 [INFO]: Audio extraction completed successfully
2025-10-04 22:40:29 [INFO]: ✓ Audio extracted: downloads/audio/DOmtR0yj11r.wav
2025-10-04 22:40:29 [INFO]:   Duration: 101.54s
2025-10-04 22:40:29 [INFO]:   Sample Rate: 16000Hz
2025-10-04 22:40:29 [INFO]:   Channels: 1
2025-10-04 22:40:29 [INFO]: 
[3/5] Transcribing audio...
2025-10-04 22:40:29 [INFO]: Transcription method: auto
2025-10-04 22:40:29 [INFO]: Using Whisper CLI...
2025-10-04 22:40:29 [INFO]: Transcribing with Whisper CLI: downloads/audio/DOmtR0yj11r.wav
2025-10-04 22:40:35 [INFO]: Transcription with timestamps completed
2025-10-04 22:40:35 [INFO]: ✓ Transcription completed
2025-10-04 22:40:35 [INFO]:   Text length: 1647 characters
2025-10-04 22:40:35 [INFO]:   Segments: 19
2025-10-04 22:40:35 [INFO]: 
[4/5] AI Processing with Ollama...
2025-10-04 22:40:35 [INFO]: Found 3 Ollama models
2025-10-04 22:40:35 [INFO]:   Available models: deepseek-r1:14b, dimavz/whisper-tiny:latest, gemma3:4b
2025-10-04 22:40:35 [INFO]:   Generating summary...
2025-10-04 22:40:35 [INFO]: Generating with Ollama model: gemma3:4b
2025-10-04 22:40:44 [INFO]: Generation completed
2025-10-04 22:40:44 [INFO]: 
--- SUMMARY ---
Here’s a concise summary of the video’s key takeaways:

ChatGPT isn’t a magic solution for creating million-dollar businesses. Instead, use it strategically to *validate* market opportunities. The video suggests four steps:

1.  **Identify Pain Points:** Use ChatGPT to analyze existing customer complaints in related industries.
2.  **Study Successful Products:**  Look at adjacent industries to understand unmet needs.
3.  **Analyze Gaps:** Determine the difference between what customers want and what’s currently available.
4.  **Research Search Trends:** Find areas where people are actively searching for solutions but aren’t finding them.

Ultimately, the video emphasizes using ChatGPT to *find proof* of demand, rather than relying on it for creative idea generation.


---

Would you like me to elaborate on any specific point, or perhaps generate a slightly different version of the summary?

2025-10-04 22:40:44 [INFO]:   Extracting key topics...
2025-10-04 22:40:44 [INFO]: Generating with Ollama model: gemma3:4b
2025-10-04 22:40:54 [INFO]: Generation completed
2025-10-04 22:40:54 [INFO]: 
--- KEY TOPICS ---
Here’s a breakdown of the main topics and themes discussed in the video transcription, presented as bullet points:

*   **ChatGPT as a Tool, Not a Magic Solution:** The core message is that ChatGPT shouldn’t be seen as a way to instantly generate million-dollar business ideas, but rather as a research and validation tool.
*   **Validating Markets with ChatGPT:** The video outlines four key strategies for using ChatGPT to identify viable market opportunities.
*   **Identifying Customer Pain Points:** Using ChatGPT to analyze product reviews and find recurring complaints.
*   **Competitive Analysis:** Studying successful products in adjacent industries to understand unmet needs.
*   **Gap Analysis:** Examining the difference between customer desires and existing product offerings.
*   **Keyword Research & Unmet Demand:** Utilizing ChatGPT to identify search terms that reveal a lack of suitable solutions.
*   **Market Size & Competition Assessment:**  Leveraging ChatGPT to estimate market size and competition levels to determine real demand.
*   **Focus on Validation:** The importance of proving a gap exists before investing time and resources.

Would you like me to elaborate on any of these points, or perhaps summarize the video's overall argument?

2025-10-04 22:40:54 [INFO]: 
[5/5] Writing results to CSV...
2025-10-04 22:40:54 [INFO]: Writing Notion-friendly CSV: ./output/transcriptions-notion.csv
2025-10-04 22:40:54 [INFO]: Successfully wrote video to Notion CSV
2025-10-04 22:40:54 [INFO]: ✓ Notion CSV written: ./output/transcriptions-notion.csv
2025-10-04 22:40:54 [INFO]: 
============================================================
2025-10-04 22:40:54 [INFO]: ✓ Pipeline completed successfully
2025-10-04 22:40:54 [INFO]:   Total time: 27.12s
2025-10-04 22:40:54 [INFO]: ============================================================
2025-10-04 22:40:54 [INFO]: ✓ Success
2025-10-04 22:40:54 [INFO]: Waiting 12.0s before next video...
2025-10-04 22:41:06 [INFO]: 
[5/104] Processing: https://www.instagram.com/techtiff.ai/reel/DOhhGVqj-rP/
2025-10-04 22:41:06 [INFO]: ============================================================
2025-10-04 22:41:06 [INFO]: Instagram Video Transcription Pipeline
2025-10-04 22:41:06 [INFO]: ============================================================
2025-10-04 22:41:06 [INFO]: URL: https://www.instagram.com/techtiff.ai/reel/DOhhGVqj-rP/
2025-10-04 22:41:06 [INFO]: 
[1/5] Downloading Instagram video...
2025-10-04 22:41:06 [INFO]: Downloading Instagram video with yt-dlp: https://www.instagram.com/techtiff.ai/reel/DOhhGVqj-rP/
2025-10-04 22:41:06 [INFO]: Output: downloads/videos/DOhhGVqj-rP.mp4
2025-10-04 22:41:08 [INFO]: ✓ Video downloaded successfully with yt-dlp
2025-10-04 22:41:08 [INFO]: ✓ Video downloaded: downloads/videos/DOhhGVqj-rP.mp4
2025-10-04 22:41:08 [INFO]: 
[2/5] Extracting audio from video...
2025-10-04 22:41:09 [INFO]: Extracting audio from: downloads/videos/DOhhGVqj-rP.mp4
2025-10-04 22:41:09 [INFO]: Output audio file: downloads/audio/DOhhGVqj-rP.wav
2025-10-04 22:41:09 [INFO]: Format: wav, Sample rate: 16000Hz, Channels: 1
2025-10-04 22:41:09 [INFO]: Audio extraction completed successfully
2025-10-04 22:41:09 [INFO]: ✓ Audio extracted: downloads/audio/DOhhGVqj-rP.wav
2025-10-04 22:41:09 [INFO]:   Duration: 62.86s
2025-10-04 22:41:09 [INFO]:   Sample Rate: 16000Hz
2025-10-04 22:41:09 [INFO]:   Channels: 1
2025-10-04 22:41:09 [INFO]: 
[3/5] Transcribing audio...
2025-10-04 22:41:09 [INFO]: Transcription method: auto
2025-10-04 22:41:09 [INFO]: Using Whisper CLI...
2025-10-04 22:41:09 [INFO]: Transcribing with Whisper CLI: downloads/audio/DOhhGVqj-rP.wav
2025-10-04 22:41:13 [INFO]: Transcription with timestamps completed
2025-10-04 22:41:13 [INFO]: ✓ Transcription completed
2025-10-04 22:41:13 [INFO]:   Text length: 1020 characters
2025-10-04 22:41:13 [INFO]:   Segments: 11
2025-10-04 22:41:13 [INFO]: 
[4/5] AI Processing with Ollama...
2025-10-04 22:41:13 [INFO]: Found 3 Ollama models
2025-10-04 22:41:13 [INFO]:   Available models: deepseek-r1:14b, dimavz/whisper-tiny:latest, gemma3:4b
2025-10-04 22:41:13 [INFO]:   Generating summary...
2025-10-04 22:41:13 [INFO]: Generating with Ollama model: gemma3:4b
2025-10-04 22:41:18 [INFO]: Generation completed
2025-10-04 22:41:18 [INFO]: 
--- SUMMARY ---
Here’s a concise summary of the video transcription:

The video highlights the inefficiency of relying on memory for tasks like remembering birthdays and to-dos. It advocates using the “Cloud” app on your iPhone to connect your calendar events with reminders. The key takeaway is to proactively set reminders within the Cloud app based on your calendar, rather than relying on memory. It’s presented as a solution to avoid constantly apologizing for forgetting things and emphasizes the importance of connecting your calendar with actionable reminders.

2025-10-04 22:41:18 [INFO]:   Extracting key topics...
2025-10-04 22:41:18 [INFO]: Generating with Ollama model: gemma3:4b
2025-10-04 22:41:24 [INFO]: Generation completed
2025-10-04 22:41:24 [INFO]: 
--- KEY TOPICS ---
Here’s a breakdown of the main topics and themes discussed in the video transcription, presented as bullet points:

*   **Using Cloud for Reminders:** The core topic is demonstrating how to utilize the Cloud app on an iPhone to manage and automate reminders.
*   **Combating Forgetfulness:** The video addresses the common frustration of forgetting important tasks and appointments.
*   **Calendar-Reminder Connection:** It emphasizes the importance of linking calendars and reminders for effective task management.
*   **Automation vs. Relying on Memory:** The video contrasts the benefit of automated reminders with the inefficiency of relying solely on optimistic memory.
*   **Taking Control of Your Schedule:** The overall message encourages viewers to actively manage their schedules rather than passively hoping for reminders.

Would you like me to elaborate on any of these points or perhaps summarize the video’s overall message?

2025-10-04 22:41:24 [INFO]: 
[5/5] Writing results to CSV...
2025-10-04 22:41:24 [INFO]: Writing Notion-friendly CSV: ./output/transcriptions-notion.csv
2025-10-04 22:41:24 [INFO]: Successfully wrote video to Notion CSV
2025-10-04 22:41:24 [INFO]: ✓ Notion CSV written: ./output/transcriptions-notion.csv
2025-10-04 22:41:24 [INFO]: 
============================================================
2025-10-04 22:41:24 [INFO]: ✓ Pipeline completed successfully
2025-10-04 22:41:24 [INFO]:   Total time: 18.77s
2025-10-04 22:41:24 [INFO]: ============================================================
2025-10-04 22:41:24 [INFO]: ✓ Success
2025-10-04 22:41:24 [INFO]: Waiting 12.0s before next video...
2025-10-04 22:41:36 [INFO]: 
[6/104] Processing: https://www.instagram.com/techtiff.ai/reel/DOe6Q26j_06/
2025-10-04 22:41:36 [INFO]: ============================================================
2025-10-04 22:41:36 [INFO]: Instagram Video Transcription Pipeline
2025-10-04 22:41:36 [INFO]: ============================================================
2025-10-04 22:41:36 [INFO]: URL: https://www.instagram.com/techtiff.ai/reel/DOe6Q26j_06/
2025-10-04 22:41:36 [INFO]: 
[1/5] Downloading Instagram video...
2025-10-04 22:41:37 [INFO]: Downloading Instagram video with yt-dlp: https://www.instagram.com/techtiff.ai/reel/DOe6Q26j_06/
2025-10-04 22:41:37 [INFO]: Output: downloads/videos/DOe6Q26j_06.mp4
2025-10-04 22:41:39 [INFO]: ✓ Video downloaded successfully with yt-dlp
2025-10-04 22:41:39 [INFO]: ✓ Video downloaded: downloads/videos/DOe6Q26j_06.mp4
2025-10-04 22:41:39 [INFO]: 
[2/5] Extracting audio from video...
2025-10-04 22:41:39 [INFO]: Extracting audio from: downloads/videos/DOe6Q26j_06.mp4
2025-10-04 22:41:39 [INFO]: Output audio file: downloads/audio/DOe6Q26j_06.wav
2025-10-04 22:41:39 [INFO]: Format: wav, Sample rate: 16000Hz, Channels: 1
2025-10-04 22:41:39 [INFO]: Audio extraction completed successfully
2025-10-04 22:41:39 [INFO]: ✓ Audio extracted: downloads/audio/DOe6Q26j_06.wav
2025-10-04 22:41:39 [INFO]:   Duration: 77.07s
2025-10-04 22:41:39 [INFO]:   Sample Rate: 16000Hz
2025-10-04 22:41:39 [INFO]:   Channels: 1
2025-10-04 22:41:39 [INFO]: 
[3/5] Transcribing audio...
2025-10-04 22:41:39 [INFO]: Transcription method: auto
2025-10-04 22:41:39 [INFO]: Using Whisper CLI...
2025-10-04 22:41:39 [INFO]: Transcribing with Whisper CLI: downloads/audio/DOe6Q26j_06.wav
2025-10-04 22:41:45 [INFO]: Transcription with timestamps completed
2025-10-04 22:41:45 [INFO]: ✓ Transcription completed
2025-10-04 22:41:45 [INFO]:   Text length: 1177 characters
2025-10-04 22:41:45 [INFO]:   Segments: 19
2025-10-04 22:41:45 [INFO]: 
[4/5] AI Processing with Ollama...
2025-10-04 22:41:45 [INFO]: Found 3 Ollama models
2025-10-04 22:41:45 [INFO]:   Available models: deepseek-r1:14b, dimavz/whisper-tiny:latest, gemma3:4b
2025-10-04 22:41:45 [INFO]:   Generating summary...
2025-10-04 22:41:45 [INFO]: Generating with Ollama model: gemma3:4b
2025-10-04 22:41:51 [INFO]: Generation completed
2025-10-04 22:41:51 [INFO]: 
--- SUMMARY ---
Here’s a concise summary of the video:

The creator is frustrated with language models (like GPT) giving confidently incorrect answers. They’ve created a modified version of GPT-5, “ChaggipyT,” that’s been instructed to explicitly state its confidence level before providing an answer. This forces ChaggipyT to acknowledge uncertainty, moving away from simply offering confident, potentially fabricated, responses. The key takeaway is that by adding this confidence-assessment instruction, the user can get a more honest and transparent response from the AI, rather than relying on its potentially misleading “best guesses.”

2025-10-04 22:41:51 [INFO]:   Extracting key topics...
2025-10-04 22:41:51 [INFO]: Generating with Ollama model: gemma3:4b
2025-10-04 22:41:59 [INFO]: Generation completed
2025-10-04 22:41:59 [INFO]: 
--- KEY TOPICS ---
Here’s a breakdown of the main topics and themes discussed in the video transcription, presented as bullet points:

*   **Gaslighting by Language Models:** The core issue is the feeling of being manipulated or misled by AI language models (specifically GPT).
*   **Training AI to be Transparent:** The video focuses on a method for “training” GPT-5 (and potentially others) to reveal its uncertainty.
*   **Confidence Ratings & Explicit Disclosure:** The key technique is instructing the AI to assess and state its confidence level in its answers.
*   **Distinguishing Reliable Responses from Guesswork:** The video highlights the importance of differentiating between confident, justified answers and AI simply generating confident-sounding but unfounded responses.
*   **Critiquing Uncritical Acceptance of AI Output:** There’s a subtle critique of blindly trusting AI responses without questioning their basis.

Would you like me to elaborate on any of these points, or perhaps summarize the overall message of the video?

2025-10-04 22:41:59 [INFO]: 
[5/5] Writing results to CSV...
2025-10-04 22:41:59 [INFO]: Writing Notion-friendly CSV: ./output/transcriptions-notion.csv
2025-10-04 22:41:59 [INFO]: Successfully wrote video to Notion CSV
2025-10-04 22:41:59 [INFO]: ✓ Notion CSV written: ./output/transcriptions-notion.csv
2025-10-04 22:41:59 [INFO]: 
============================================================
2025-10-04 22:41:59 [INFO]: ✓ Pipeline completed successfully
2025-10-04 22:41:59 [INFO]:   Total time: 22.09s
2025-10-04 22:41:59 [INFO]: ============================================================
2025-10-04 22:41:59 [INFO]: ✓ Success
2025-10-04 22:41:59 [INFO]: Waiting 12.0s before next video...
2025-10-04 22:42:11 [INFO]: 
[7/104] Processing: https://www.instagram.com/techtiff.ai/reel/DOdcbcYDgAW/
2025-10-04 22:42:11 [INFO]: ============================================================
2025-10-04 22:42:11 [INFO]: Instagram Video Transcription Pipeline
2025-10-04 22:42:11 [INFO]: ============================================================
2025-10-04 22:42:11 [INFO]: URL: https://www.instagram.com/techtiff.ai/reel/DOdcbcYDgAW/
2025-10-04 22:42:11 [INFO]: 
[1/5] Downloading Instagram video...
2025-10-04 22:42:11 [INFO]: Downloading Instagram video with yt-dlp: https://www.instagram.com/techtiff.ai/reel/DOdcbcYDgAW/
2025-10-04 22:42:11 [INFO]: Output: downloads/videos/DOdcbcYDgAW.mp4
2025-10-04 22:42:13 [INFO]: ✓ Video downloaded successfully with yt-dlp
2025-10-04 22:42:13 [INFO]: ✓ Video downloaded: downloads/videos/DOdcbcYDgAW.mp4
2025-10-04 22:42:13 [INFO]: 
[2/5] Extracting audio from video...
2025-10-04 22:42:13 [INFO]: Extracting audio from: downloads/videos/DOdcbcYDgAW.mp4
2025-10-04 22:42:13 [INFO]: Output audio file: downloads/audio/DOdcbcYDgAW.wav
2025-10-04 22:42:13 [INFO]: Format: wav, Sample rate: 16000Hz, Channels: 1
2025-10-04 22:42:13 [INFO]: Audio extraction completed successfully
2025-10-04 22:42:13 [INFO]: ✓ Audio extracted: downloads/audio/DOdcbcYDgAW.wav
2025-10-04 22:42:13 [INFO]:   Duration: 73.45s
2025-10-04 22:42:13 [INFO]:   Sample Rate: 16000Hz
2025-10-04 22:42:13 [INFO]:   Channels: 1
2025-10-04 22:42:13 [INFO]: 
[3/5] Transcribing audio...
2025-10-04 22:42:13 [INFO]: Transcription method: auto
2025-10-04 22:42:13 [INFO]: Using Whisper CLI...
2025-10-04 22:42:13 [INFO]: Transcribing with Whisper CLI: downloads/audio/DOdcbcYDgAW.wav
2025-10-04 22:42:18 [INFO]: Transcription with timestamps completed
2025-10-04 22:42:18 [INFO]: ✓ Transcription completed
2025-10-04 22:42:18 [INFO]:   Text length: 1138 characters
2025-10-04 22:42:18 [INFO]:   Segments: 13
2025-10-04 22:42:18 [INFO]: 
[4/5] AI Processing with Ollama...
2025-10-04 22:42:18 [INFO]: Found 3 Ollama models
2025-10-04 22:42:18 [INFO]:   Available models: deepseek-r1:14b, dimavz/whisper-tiny:latest, gemma3:4b
2025-10-04 22:42:18 [INFO]:   Generating summary...
2025-10-04 22:42:18 [INFO]: Generating with Ollama model: gemma3:4b
2025-10-04 22:42:22 [INFO]: Generation completed
2025-10-04 22:42:22 [INFO]: 
--- SUMMARY ---
Here’s a concise summary of the video:

The video demonstrates how AI (Claude) can now significantly accelerate business idea development. The creator used Claude to transform their market research into a complete “investor-ready” package, including an executive summary, pitch deck, financial projections, and FAQs. Claude essentially acted as an unpaid co-founder, dramatically reducing the time and effort needed to prepare for investment. The key takeaway is that AI can now handle much of the groundwork required to present a business idea to potential investors.

2025-10-04 22:42:22 [INFO]:   Extracting key topics...
2025-10-04 22:42:22 [INFO]: Generating with Ollama model: gemma3:4b
2025-10-04 22:42:31 [INFO]: Generation completed
2025-10-04 22:42:31 [INFO]: 
--- KEY TOPICS ---
Here’s a breakdown of the main topics and themes discussed in the video transcription, presented as bullet points:

*   **AI-Powered Business Research:** The core topic is using AI (Claude) to conduct market research for a business idea.
*   **AI’s Increasing Capabilities:** The video highlights Claude’s advancements – specifically its ability to generate complete “investor-ready” packages from research.
*   **AI as a Business Partner:** The presenter frames Claude as an “unpaid co-founder,” illustrating the potential for AI to take on significant tasks in business development.
*   **Streamlining Business Processes:** The video emphasizes how AI can eliminate “busy work” and accelerate the process of preparing a business plan for investors.
*   **Investor Readiness:** A key focus is on the creation of materials (executive summary, pitch deck, financial projections, FAQs) designed to impress potential investors.

Would you like me to elaborate on any of these points or perhaps identify any underlying themes (e.g., the future of entrepreneurship, the changing role of investors)?

2025-10-04 22:42:31 [INFO]: 
[5/5] Writing results to CSV...
2025-10-04 22:42:31 [INFO]: Writing Notion-friendly CSV: ./output/transcriptions-notion.csv
2025-10-04 22:42:31 [INFO]: Successfully wrote video to Notion CSV
2025-10-04 22:42:31 [INFO]: ✓ Notion CSV written: ./output/transcriptions-notion.csv
2025-10-04 22:42:31 [INFO]: 
============================================================
2025-10-04 22:42:31 [INFO]: ✓ Pipeline completed successfully
2025-10-04 22:42:31 [INFO]:   Total time: 20.47s
2025-10-04 22:42:31 [INFO]: ============================================================
2025-10-04 22:42:31 [INFO]: ✓ Success
2025-10-04 22:42:31 [INFO]: Waiting 12.0s before next video...
2025-10-04 22:42:43 [INFO]: 
[8/104] Processing: https://www.instagram.com/techtiff.ai/reel/DOZ8D7RkTH2/
2025-10-04 22:42:43 [INFO]: ============================================================
2025-10-04 22:42:43 [INFO]: Instagram Video Transcription Pipeline
2025-10-04 22:42:43 [INFO]: ============================================================
2025-10-04 22:42:43 [INFO]: URL: https://www.instagram.com/techtiff.ai/reel/DOZ8D7RkTH2/
2025-10-04 22:42:43 [INFO]: 
[1/5] Downloading Instagram video...
2025-10-04 22:42:43 [INFO]: Downloading Instagram video with yt-dlp: https://www.instagram.com/techtiff.ai/reel/DOZ8D7RkTH2/
2025-10-04 22:42:43 [INFO]: Output: downloads/videos/DOZ8D7RkTH2.mp4
2025-10-04 22:42:46 [INFO]: ✓ Video downloaded successfully with yt-dlp
2025-10-04 22:42:46 [INFO]: ✓ Video downloaded: downloads/videos/DOZ8D7RkTH2.mp4
2025-10-04 22:42:46 [INFO]: 
[2/5] Extracting audio from video...
2025-10-04 22:42:46 [INFO]: Extracting audio from: downloads/videos/DOZ8D7RkTH2.mp4
2025-10-04 22:42:46 [INFO]: Output audio file: downloads/audio/DOZ8D7RkTH2.wav
2025-10-04 22:42:46 [INFO]: Format: wav, Sample rate: 16000Hz, Channels: 1
2025-10-04 22:42:46 [INFO]: Audio extraction completed successfully
2025-10-04 22:42:46 [INFO]: ✓ Audio extracted: downloads/audio/DOZ8D7RkTH2.wav
2025-10-04 22:42:46 [INFO]:   Duration: 78.74s
2025-10-04 22:42:46 [INFO]:   Sample Rate: 16000Hz
2025-10-04 22:42:46 [INFO]:   Channels: 1
2025-10-04 22:42:46 [INFO]: 
[3/5] Transcribing audio...
2025-10-04 22:42:46 [INFO]: Transcription method: auto
2025-10-04 22:42:46 [INFO]: Using Whisper CLI...
2025-10-04 22:42:46 [INFO]: Transcribing with Whisper CLI: downloads/audio/DOZ8D7RkTH2.wav
2025-10-04 22:42:52 [INFO]: Transcription with timestamps completed
2025-10-04 22:42:52 [INFO]: ✓ Transcription completed
2025-10-04 22:42:52 [INFO]:   Text length: 1317 characters
2025-10-04 22:42:52 [INFO]:   Segments: 14
2025-10-04 22:42:52 [INFO]: 
[4/5] AI Processing with Ollama...
2025-10-04 22:42:52 [INFO]: Found 3 Ollama models
2025-10-04 22:42:52 [INFO]:   Available models: deepseek-r1:14b, dimavz/whisper-tiny:latest, gemma3:4b
2025-10-04 22:42:52 [INFO]:   Generating summary...
2025-10-04 22:42:52 [INFO]: Generating with Ollama model: gemma3:4b
2025-10-04 22:42:57 [INFO]: Generation completed
2025-10-04 22:42:57 [INFO]: 
--- SUMMARY ---
Here’s a concise summary of the video:

The video demonstrates how to use ChatGPT to manage large, overwhelming projects. The key takeaway is to break down a project into 5 daily, actionable steps by simply prompting ChatGPT with “break this down into 5 daily action steps.”  ChatGPT then provides a clear daily task and prepares you for the next day, eliminating guesswork and allowing for consistent progress. It’s presented as a way to avoid feeling overwhelmed and maintain momentum on projects.

2025-10-04 22:42:57 [INFO]:   Extracting key topics...
2025-10-04 22:42:57 [INFO]: Generating with Ollama model: gemma3:4b
2025-10-04 22:43:06 [INFO]: Generation completed
2025-10-04 22:43:06 [INFO]: 
--- KEY TOPICS ---
Here’s a breakdown of the main topics and themes discussed in the video transcription, presented as bullet points:

*   **Using ChatGPT for Project Management:** The core topic is leveraging ChatGPT to manage and break down large, overwhelming projects.
*   **Task Breakdown:** The video focuses on using ChatGPT to decompose a single, complex project into smaller, daily actionable steps.
*   **Daily Scheduling & Reminders:** Utilizing ChatGPT to create and deliver daily prompts with specific tasks and preparation steps.
*   **Reducing Overwhelm:** The technique aims to combat feelings of being overwhelmed by providing a clear, manageable plan.
*   **Specificity & Information Input:** Emphasizing the importance of providing ChatGPT with detailed information (project scope, time constraints, etc.) for optimal results.
*   **Personal Project Manager:** Positioning ChatGPT as a tool to act as a personal project manager, guiding the user’s progress.

Would you like me to elaborate on any of these points, or perhaps summarize a particular aspect of the video?

2025-10-04 22:43:06 [INFO]: 
[5/5] Writing results to CSV...
2025-10-04 22:43:06 [INFO]: Writing Notion-friendly CSV: ./output/transcriptions-notion.csv
2025-10-04 22:43:06 [INFO]: Successfully wrote video to Notion CSV
2025-10-04 22:43:06 [INFO]: ✓ Notion CSV written: ./output/transcriptions-notion.csv
2025-10-04 22:43:06 [INFO]: 
============================================================
2025-10-04 22:43:06 [INFO]: ✓ Pipeline completed successfully
2025-10-04 22:43:06 [INFO]:   Total time: 22.54s
2025-10-04 22:43:06 [INFO]: ============================================================
2025-10-04 22:43:06 [INFO]: ✓ Success
2025-10-04 22:43:06 [INFO]: Waiting 12.0s before next video...
2025-10-04 22:43:18 [INFO]: 
[9/104] Processing: https://www.instagram.com/techtiff.ai/reel/DOSPnTgkVdb/
2025-10-04 22:43:18 [INFO]: ============================================================
2025-10-04 22:43:18 [INFO]: Instagram Video Transcription Pipeline
2025-10-04 22:43:18 [INFO]: ============================================================
2025-10-04 22:43:18 [INFO]: URL: https://www.instagram.com/techtiff.ai/reel/DOSPnTgkVdb/
2025-10-04 22:43:18 [INFO]: 
[1/5] Downloading Instagram video...
2025-10-04 22:43:18 [INFO]: Downloading Instagram video with yt-dlp: https://www.instagram.com/techtiff.ai/reel/DOSPnTgkVdb/
2025-10-04 22:43:18 [INFO]: Output: downloads/videos/DOSPnTgkVdb.mp4
2025-10-04 22:43:20 [INFO]: ✓ Video downloaded successfully with yt-dlp
2025-10-04 22:43:20 [INFO]: ✓ Video downloaded: downloads/videos/DOSPnTgkVdb.mp4
2025-10-04 22:43:20 [INFO]: 
[2/5] Extracting audio from video...
2025-10-04 22:43:20 [INFO]: Extracting audio from: downloads/videos/DOSPnTgkVdb.mp4
2025-10-04 22:43:20 [INFO]: Output audio file: downloads/audio/DOSPnTgkVdb.wav
2025-10-04 22:43:20 [INFO]: Format: wav, Sample rate: 16000Hz, Channels: 1
2025-10-04 22:43:20 [INFO]: Audio extraction completed successfully
2025-10-04 22:43:20 [INFO]: ✓ Audio extracted: downloads/audio/DOSPnTgkVdb.wav
2025-10-04 22:43:20 [INFO]:   Duration: 102.80s
2025-10-04 22:43:20 [INFO]:   Sample Rate: 16000Hz
2025-10-04 22:43:20 [INFO]:   Channels: 1
2025-10-04 22:43:20 [INFO]: 
[3/5] Transcribing audio...
2025-10-04 22:43:20 [INFO]: Transcription method: auto
2025-10-04 22:43:20 [INFO]: Using Whisper CLI...
2025-10-04 22:43:20 [INFO]: Transcribing with Whisper CLI: downloads/audio/DOSPnTgkVdb.wav
2025-10-04 22:43:28 [INFO]: Transcription with timestamps completed
2025-10-04 22:43:28 [INFO]: ✓ Transcription completed
2025-10-04 22:43:28 [INFO]:   Text length: 1619 characters
2025-10-04 22:43:28 [INFO]:   Segments: 27
2025-10-04 22:43:28 [INFO]: 
[4/5] AI Processing with Ollama...
2025-10-04 22:43:28 [INFO]: Found 3 Ollama models
2025-10-04 22:43:28 [INFO]:   Available models: deepseek-r1:14b, dimavz/whisper-tiny:latest, gemma3:4b
2025-10-04 22:43:28 [INFO]:   Generating summary...
2025-10-04 22:43:28 [INFO]: Generating with Ollama model: gemma3:4b
2025-10-04 22:43:34 [INFO]: Generation completed
2025-10-04 22:43:34 [INFO]: 
--- SUMMARY ---
Here’s a concise summary of the video transcription:

The video highlights a common problem: people losing valuable ideas within the Apple Notes app due to a lack of organization. The creator developed a system using Apple Notes, Claude, and ChatGPT to manage their ideas effectively. This system involves creating labeled folders, linking notes together with an index, and integrating the AI tools to allow for real-time updates and collaboration. Essentially, Apple Notes is now being used as a central hub for managing ideas and leveraging AI assistance.

2025-10-04 22:43:34 [INFO]:   Extracting key topics...
2025-10-04 22:43:34 [INFO]: Generating with Ollama model: gemma3:4b
2025-10-04 22:43:41 [INFO]: Generation completed
2025-10-04 22:43:41 [INFO]: 
--- KEY TOPICS ---
Here’s a breakdown of the main topics and themes discussed in the video transcription, presented as bullet points:

*   **Apple Notes as a Productivity Problem:** The core issue is highlighting how Apple Notes can become a disorganized space for ideas, leading to lost potential.
*   **Systemization of Ideas:** The video focuses on the creator’s process of building a system to manage and utilize ideas effectively.
*   **Integration of AI Tools:** A key element is the integration of AI tools (Claude and ChatGPT) with Apple Notes.
*   **Workflow Automation:** The system aims to automate content creation and updates by connecting AI tools to notes.
*   **Cross-Platform Accessibility:** The system ensures AI tools can access and update information regardless of the device (laptop vs. phone).

Would you like me to elaborate on any of these points, or perhaps summarize the overall message of the video?

2025-10-04 22:43:41 [INFO]: 
[5/5] Writing results to CSV...
2025-10-04 22:43:41 [INFO]: Writing Notion-friendly CSV: ./output/transcriptions-notion.csv
2025-10-04 22:43:41 [INFO]: Successfully wrote video to Notion CSV
2025-10-04 22:43:41 [INFO]: ✓ Notion CSV written: ./output/transcriptions-notion.csv
2025-10-04 22:43:41 [INFO]: 
============================================================
2025-10-04 22:43:41 [INFO]: ✓ Pipeline completed successfully
2025-10-04 22:43:41 [INFO]:   Total time: 23.73s
2025-10-04 22:43:41 [INFO]: ============================================================
2025-10-04 22:43:41 [INFO]: ✓ Success
2025-10-04 22:43:41 [INFO]: Waiting 12.0s before next video...
2025-10-04 22:43:53 [INFO]: 
[10/104] Processing: https://www.instagram.com/techtiff.ai/reel/DOPFmafkseU/
2025-10-04 22:43:53 [INFO]: ============================================================
2025-10-04 22:43:53 [INFO]: Instagram Video Transcription Pipeline
2025-10-04 22:43:53 [INFO]: ============================================================
2025-10-04 22:43:53 [INFO]: URL: https://www.instagram.com/techtiff.ai/reel/DOPFmafkseU/
2025-10-04 22:43:53 [INFO]: 
[1/5] Downloading Instagram video...
2025-10-04 22:43:54 [INFO]: Downloading Instagram video with yt-dlp: https://www.instagram.com/techtiff.ai/reel/DOPFmafkseU/
2025-10-04 22:43:54 [INFO]: Output: downloads/videos/DOPFmafkseU.mp4
2025-10-04 22:43:56 [INFO]: ✓ Video downloaded successfully with yt-dlp
2025-10-04 22:43:56 [INFO]: ✓ Video downloaded: downloads/videos/DOPFmafkseU.mp4
2025-10-04 22:43:56 [INFO]: 
[2/5] Extracting audio from video...
2025-10-04 22:43:56 [INFO]: Extracting audio from: downloads/videos/DOPFmafkseU.mp4
2025-10-04 22:43:56 [INFO]: Output audio file: downloads/audio/DOPFmafkseU.wav
2025-10-04 22:43:56 [INFO]: Format: wav, Sample rate: 16000Hz, Channels: 1
2025-10-04 22:43:56 [INFO]: Audio extraction completed successfully
2025-10-04 22:43:56 [INFO]: ✓ Audio extracted: downloads/audio/DOPFmafkseU.wav
2025-10-04 22:43:56 [INFO]:   Duration: 86.03s
2025-10-04 22:43:56 [INFO]:   Sample Rate: 16000Hz
2025-10-04 22:43:56 [INFO]:   Channels: 1
2025-10-04 22:43:56 [INFO]: 
[3/5] Transcribing audio...
2025-10-04 22:43:56 [INFO]: Transcription method: auto
2025-10-04 22:43:56 [INFO]: Using Whisper CLI...
2025-10-04 22:43:56 [INFO]: Transcribing with Whisper CLI: downloads/audio/DOPFmafkseU.wav
2025-10-04 22:44:02 [INFO]: Transcription with timestamps completed
2025-10-04 22:44:02 [INFO]: ✓ Transcription completed
2025-10-04 22:44:02 [INFO]:   Text length: 1378 characters
2025-10-04 22:44:02 [INFO]:   Segments: 31
2025-10-04 22:44:02 [INFO]: 
[4/5] AI Processing with Ollama...
2025-10-04 22:44:02 [INFO]: Found 3 Ollama models
2025-10-04 22:44:02 [INFO]:   Available models: deepseek-r1:14b, dimavz/whisper-tiny:latest, gemma3:4b
2025-10-04 22:44:02 [INFO]:   Generating summary...
2025-10-04 22:44:02 [INFO]: Generating with Ollama model: gemma3:4b
2025-10-04 22:44:07 [INFO]: Generation completed
2025-10-04 22:44:07 [INFO]: 
--- SUMMARY ---
Here’s a concise summary of the video transcription:

The video demonstrates how to effectively utilize ChatGPT as a personal assistant. The key takeaway is to actually *task* ChatGPT with managing your schedule and priorities. You should:

*   **Connect ChatGPT to your Google Calendar.**
*   **Instruct ChatGPT to send you a daily agenda** outlining your top three priorities and meeting summaries.
*   **Request suggestions for tasks** to tackle during free time.

Essentially, the video argues against simply using ChatGPT for casual conversation and instead encourages a structured workflow for productivity.

2025-10-04 22:44:07 [INFO]:   Extracting key topics...
2025-10-04 22:44:07 [INFO]: Generating with Ollama model: gemma3:4b
2025-10-04 22:44:16 [INFO]: Generation completed
2025-10-04 22:44:16 [INFO]: 
--- KEY TOPICS ---
Here’s a breakdown of the main topics and themes discussed in the video transcription, presented as bullet points:

*   **Utilizing ChatGPT as a Productivity Assistant:** The core theme is how to effectively use ChatGPT beyond just chatting – specifically as a task management and scheduling tool.
*   **Connecting ChatGPT to Google Calendar:** A key step highlighted is enabling the connection between ChatGPT and Google Calendar for real-time information.
*   **Creating a Daily Agenda:** The video emphasizes the importance of prompting ChatGPT to generate a daily agenda with prioritized tasks.
*   **Task Prioritization:** ChatGPT is instructed to identify and suggest tasks to work on during free time.
*   **Customization & Editing:** The video demonstrates how to adjust prompts and edit the generated agenda within ChatGPT’s settings.
*   **Notification Preferences:**  Setting up notification preferences (push notifications or email) for task updates.
*   **Avoiding Unnecessary Apps:** A suggestion to leverage existing tools (ChatGPT) instead of downloading additional productivity apps.

Would you like me to elaborate on any of these points or perhaps summarize the video’s overall message?

2025-10-04 22:44:16 [INFO]: 
[5/5] Writing results to CSV...
2025-10-04 22:44:16 [INFO]: Writing Notion-friendly CSV: ./output/transcriptions-notion.csv
2025-10-04 22:44:16 [INFO]: Successfully wrote video to Notion CSV
2025-10-04 22:44:16 [INFO]: ✓ Notion CSV written: ./output/transcriptions-notion.csv
2025-10-04 22:44:16 [INFO]: 
============================================================
2025-10-04 22:44:16 [INFO]: ✓ Pipeline completed successfully
2025-10-04 22:44:16 [INFO]:   Total time: 22.74s
2025-10-04 22:44:16 [INFO]: ============================================================
2025-10-04 22:44:16 [INFO]: ✓ Success
2025-10-04 22:44:16 [INFO]: Waiting 12.0s before next video...
2025-10-04 22:44:28 [INFO]: 
[11/104] Processing: https://www.instagram.com/techtiff.ai/reel/DOKpuSwDrpt/
2025-10-04 22:44:28 [INFO]: ============================================================
2025-10-04 22:44:28 [INFO]: Instagram Video Transcription Pipeline
2025-10-04 22:44:28 [INFO]: ============================================================
2025-10-04 22:44:28 [INFO]: URL: https://www.instagram.com/techtiff.ai/reel/DOKpuSwDrpt/
2025-10-04 22:44:28 [INFO]: 
[1/5] Downloading Instagram video...
2025-10-04 22:44:28 [INFO]: Downloading Instagram video with yt-dlp: https://www.instagram.com/techtiff.ai/reel/DOKpuSwDrpt/
2025-10-04 22:44:28 [INFO]: Output: downloads/videos/DOKpuSwDrpt.mp4
2025-10-04 22:44:31 [INFO]: ✓ Video downloaded successfully with yt-dlp
2025-10-04 22:44:31 [INFO]: ✓ Video downloaded: downloads/videos/DOKpuSwDrpt.mp4
2025-10-04 22:44:31 [INFO]: 
[2/5] Extracting audio from video...
2025-10-04 22:44:31 [INFO]: Extracting audio from: downloads/videos/DOKpuSwDrpt.mp4
2025-10-04 22:44:31 [INFO]: Output audio file: downloads/audio/DOKpuSwDrpt.wav
2025-10-04 22:44:31 [INFO]: Format: wav, Sample rate: 16000Hz, Channels: 1
2025-10-04 22:44:31 [INFO]: Audio extraction completed successfully
2025-10-04 22:44:31 [INFO]: ✓ Audio extracted: downloads/audio/DOKpuSwDrpt.wav
2025-10-04 22:44:32 [INFO]:   Duration: 141.94s
2025-10-04 22:44:32 [INFO]:   Sample Rate: 16000Hz
2025-10-04 22:44:32 [INFO]:   Channels: 1
2025-10-04 22:44:32 [INFO]: 
[3/5] Transcribing audio...
2025-10-04 22:44:32 [INFO]: Transcription method: auto
2025-10-04 22:44:32 [INFO]: Using Whisper CLI...
2025-10-04 22:44:32 [INFO]: Transcribing with Whisper CLI: downloads/audio/DOKpuSwDrpt.wav
2025-10-04 22:44:39 [INFO]: Transcription with timestamps completed
2025-10-04 22:44:39 [INFO]: ✓ Transcription completed
2025-10-04 22:44:39 [INFO]:   Text length: 2226 characters
2025-10-04 22:44:39 [INFO]:   Segments: 23
2025-10-04 22:44:39 [INFO]: 
[4/5] AI Processing with Ollama...
2025-10-04 22:44:39 [INFO]: Found 3 Ollama models
2025-10-04 22:44:39 [INFO]:   Available models: deepseek-r1:14b, dimavz/whisper-tiny:latest, gemma3:4b
2025-10-04 22:44:39 [INFO]:   Generating summary...
2025-10-04 22:44:39 [INFO]: Generating with Ollama model: gemma3:4b
2025-10-04 22:44:49 [INFO]: Generation completed
2025-10-04 22:44:49 [INFO]: 
--- SUMMARY ---
Here’s a concise summary of the video’s key takeaways:

This video reveals five brilliant ways to use ChatGPT to boost your content creation, **without simply writing captions.** The core idea is that ChatGPT amplifies *your* vision. Here’s the breakdown:

1.  **Analyze Audience Sentiment:** Use ChatGPT to analyze your existing comments and identify what your audience wants to know more about.
2.  **Repurpose Strategically:** Transform one blog post into a week’s worth of content using ChatGPT’s shortcuts.
3.  **Get Brutal Feedback:**  Ask ChatGPT to honestly assess your content ideas and identify potential flops.
4.  **Ensure Clear Calls to Action:**  Utilize ChatGPT to identify missing calls to action and align your content with defined content pillars.
5.  **Analyze Your Data:**  Feed ChatGPT your analytics screenshots and ask it to explain key trends and data points.

**Ultimately, the video emphasizes building a system with ChatGPT to stop guessing and start growing your content strategy.** 

---

Would you like me to elaborate on any of these points, or perhaps provide a different type of summary (e.g., a bulleted list)?

2025-10-04 22:44:49 [INFO]:   Extracting key topics...
2025-10-04 22:44:49 [INFO]: Generating with Ollama model: gemma3:4b
2025-10-04 22:44:58 [INFO]: Generation completed
2025-10-04 22:44:58 [INFO]: 
--- KEY TOPICS ---
Here’s a breakdown of the main topics and themes discussed in the video transcription, presented as bullet points:

*   **Using ChatGPT for Content Creation:** The core focus is on how to effectively utilize ChatGPT to improve content strategy.
*   **Audience Sentiment Analysis:** Leveraging ChatGPT to analyze audience comments and understand what they want to know.
*   **Content Repurposing:**  Maximizing the value of existing content (specifically blog posts) to create a week’s worth of content.
*   **Idea Validation:**  Using ChatGPT to critically assess content ideas and identify potential flops.
*   **Call to Action Incorporation:**  Employing ChatGPT to ensure all content includes a clear call to action and aligns with content pillars.
*   **Data Analysis with AI:** Utilizing ChatGPT to interpret social media analytics and identify key trends.
*   **Building a Content System:** The overall theme of creating a structured approach to content creation, rather than relying on random engagement tactics.

Would you like me to elaborate on any of these points, or perhaps summarize the video’s key takeaway?

2025-10-04 22:44:58 [INFO]: 
[5/5] Writing results to CSV...
2025-10-04 22:44:58 [INFO]: Writing Notion-friendly CSV: ./output/transcriptions-notion.csv
2025-10-04 22:44:58 [INFO]: Successfully wrote video to Notion CSV
2025-10-04 22:44:58 [INFO]: ✓ Notion CSV written: ./output/transcriptions-notion.csv
2025-10-04 22:44:58 [INFO]: 
============================================================
2025-10-04 22:44:58 [INFO]: ✓ Pipeline completed successfully
2025-10-04 22:44:58 [INFO]:   Total time: 30.45s
2025-10-04 22:44:58 [INFO]: ============================================================
2025-10-04 22:44:58 [INFO]: ✓ Success
2025-10-04 22:44:58 [INFO]: Waiting 12.0s before next video...
2025-10-04 22:45:10 [INFO]: 
[12/104] Processing: https://www.instagram.com/techtiff.ai/reel/DOFdlhzjrnI/
2025-10-04 22:45:10 [INFO]: ============================================================
2025-10-04 22:45:10 [INFO]: Instagram Video Transcription Pipeline
2025-10-04 22:45:10 [INFO]: ============================================================
2025-10-04 22:45:10 [INFO]: URL: https://www.instagram.com/techtiff.ai/reel/DOFdlhzjrnI/
2025-10-04 22:45:10 [INFO]: 
[1/5] Downloading Instagram video...
2025-10-04 22:45:11 [INFO]: Downloading Instagram video with yt-dlp: https://www.instagram.com/techtiff.ai/reel/DOFdlhzjrnI/
2025-10-04 22:45:11 [INFO]: Output: downloads/videos/DOFdlhzjrnI.mp4
2025-10-04 22:45:12 [INFO]: ✓ Video downloaded successfully with yt-dlp
2025-10-04 22:45:12 [INFO]: ✓ Video downloaded: downloads/videos/DOFdlhzjrnI.mp4
2025-10-04 22:45:12 [INFO]: 
[2/5] Extracting audio from video...
2025-10-04 22:45:12 [INFO]: Extracting audio from: downloads/videos/DOFdlhzjrnI.mp4
2025-10-04 22:45:12 [INFO]: Output audio file: downloads/audio/DOFdlhzjrnI.wav
2025-10-04 22:45:12 [INFO]: Format: wav, Sample rate: 16000Hz, Channels: 1
2025-10-04 22:45:12 [INFO]: Audio extraction completed successfully
2025-10-04 22:45:12 [INFO]: ✓ Audio extracted: downloads/audio/DOFdlhzjrnI.wav
2025-10-04 22:45:13 [INFO]:   Duration: 118.63s
2025-10-04 22:45:13 [INFO]:   Sample Rate: 16000Hz
2025-10-04 22:45:13 [INFO]:   Channels: 1
2025-10-04 22:45:13 [INFO]: 
[3/5] Transcribing audio...
2025-10-04 22:45:13 [INFO]: Transcription method: auto
2025-10-04 22:45:13 [INFO]: Using Whisper CLI...
2025-10-04 22:45:13 [INFO]: Transcribing with Whisper CLI: downloads/audio/DOFdlhzjrnI.wav
2025-10-04 22:45:19 [INFO]: Transcription with timestamps completed
2025-10-04 22:45:19 [INFO]: ✓ Transcription completed
2025-10-04 22:45:19 [INFO]:   Text length: 1836 characters
2025-10-04 22:45:19 [INFO]:   Segments: 44
2025-10-04 22:45:19 [INFO]: 
[4/5] AI Processing with Ollama...
2025-10-04 22:45:19 [INFO]: Found 3 Ollama models
2025-10-04 22:45:19 [INFO]:   Available models: deepseek-r1:14b, dimavz/whisper-tiny:latest, gemma3:4b
2025-10-04 22:45:19 [INFO]:   Generating summary...
2025-10-04 22:45:19 [INFO]: Generating with Ollama model: gemma3:4b
2025-10-04 22:45:25 [INFO]: Generation completed
2025-10-04 22:45:25 [INFO]: 
--- SUMMARY ---
Here’s a concise summary of the video:

The video highlights a significant security risk with AI browsing tools. When using tools like ChaggyPTs, you’re essentially giving your AI assistant permission to freely browse the web, opening it up to “prompt injection attacks.” These attacks trick the AI into performing unintended actions by feeding it instructions from websites. To protect yourself, the video recommends using three key prompts: 1) Limit the AI’s actions to the original task, 2) Require a full plan approval before complex actions, and 3) Flag and reject any instructions found in web content. Ignoring these boundaries can lead to your AI being manipulated and potentially exposing sensitive information.

2025-10-04 22:45:25 [INFO]:   Extracting key topics...
2025-10-04 22:45:25 [INFO]: Generating with Ollama model: gemma3:4b
2025-10-04 22:45:34 [INFO]: Generation completed
2025-10-04 22:45:34 [INFO]: 
--- KEY TOPICS ---
Here’s a breakdown of the main topics and themes discussed in the video transcription, presented as bullet points:

*   **Prompt Injection Attacks:** The core topic – how AI assistants can be tricked into performing unintended actions through malicious instructions embedded in website content.
*   **AI Assistant Vulnerabilities:**  The video highlights the inherent risks of giving AI assistants unrestricted access to the internet.
*   **Unsupervised AI Browsing:** The dangers of allowing AI assistants to browse the web without clear boundaries or oversight.
*   **AI as a "People Pleaser":** The analogy of the AI assistant being overly agreeable and susceptible to manipulation.
*   **Setting Boundaries for AI:** The importance of implementing safeguards to control AI behavior and prevent unwanted actions.
*   **Three Specific Prompts:** The video focuses on three particular prompts users can implement to establish clear boundaries with their AI assistants.

Would you like me to elaborate on any of these points, or perhaps summarize the video’s key advice?

2025-10-04 22:45:34 [INFO]: 
[5/5] Writing results to CSV...
2025-10-04 22:45:34 [INFO]: Writing Notion-friendly CSV: ./output/transcriptions-notion.csv
2025-10-04 22:45:34 [INFO]: Successfully wrote video to Notion CSV
2025-10-04 22:45:34 [INFO]: ✓ Notion CSV written: ./output/transcriptions-notion.csv
2025-10-04 22:45:34 [INFO]: 
============================================================
2025-10-04 22:45:34 [INFO]: ✓ Pipeline completed successfully
2025-10-04 22:45:34 [INFO]:   Total time: 23.33s
2025-10-04 22:45:34 [INFO]: ============================================================
2025-10-04 22:45:34 [INFO]: ✓ Success
2025-10-04 22:45:34 [INFO]: Waiting 12.0s before next video...
2025-10-04 22:45:46 [INFO]: 
[13/104] Processing: https://www.instagram.com/techtiff.ai/reel/DOCyc_kkSk_/
2025-10-04 22:45:46 [INFO]: ============================================================
2025-10-04 22:45:46 [INFO]: Instagram Video Transcription Pipeline
2025-10-04 22:45:46 [INFO]: ============================================================
2025-10-04 22:45:46 [INFO]: URL: https://www.instagram.com/techtiff.ai/reel/DOCyc_kkSk_/
2025-10-04 22:45:46 [INFO]: 
[1/5] Downloading Instagram video...
2025-10-04 22:45:46 [INFO]: Downloading Instagram video with yt-dlp: https://www.instagram.com/techtiff.ai/reel/DOCyc_kkSk_/
2025-10-04 22:45:46 [INFO]: Output: downloads/videos/DOCyc_kkSk_.mp4
2025-10-04 22:45:48 [INFO]: ✓ Video downloaded successfully with yt-dlp
2025-10-04 22:45:48 [INFO]: ✓ Video downloaded: downloads/videos/DOCyc_kkSk_.mp4
2025-10-04 22:45:48 [INFO]: 
[2/5] Extracting audio from video...
2025-10-04 22:45:48 [INFO]: Extracting audio from: downloads/videos/DOCyc_kkSk_.mp4
2025-10-04 22:45:48 [INFO]: Output audio file: downloads/audio/DOCyc_kkSk_.wav
2025-10-04 22:45:48 [INFO]: Format: wav, Sample rate: 16000Hz, Channels: 1
2025-10-04 22:45:48 [INFO]: Audio extraction completed successfully
2025-10-04 22:45:48 [INFO]: ✓ Audio extracted: downloads/audio/DOCyc_kkSk_.wav
2025-10-04 22:45:48 [INFO]:   Duration: 102.47s
2025-10-04 22:45:48 [INFO]:   Sample Rate: 16000Hz
2025-10-04 22:45:48 [INFO]:   Channels: 1
2025-10-04 22:45:48 [INFO]: 
[3/5] Transcribing audio...
2025-10-04 22:45:48 [INFO]: Transcription method: auto
2025-10-04 22:45:48 [INFO]: Using Whisper CLI...
2025-10-04 22:45:48 [INFO]: Transcribing with Whisper CLI: downloads/audio/DOCyc_kkSk_.wav
2025-10-04 22:45:54 [INFO]: Transcription with timestamps completed
2025-10-04 22:45:54 [INFO]: ✓ Transcription completed
2025-10-04 22:45:54 [INFO]:   Text length: 1533 characters
2025-10-04 22:45:54 [INFO]:   Segments: 24
2025-10-04 22:45:54 [INFO]: 
[4/5] AI Processing with Ollama...
2025-10-04 22:45:54 [INFO]: Found 3 Ollama models
2025-10-04 22:45:54 [INFO]:   Available models: deepseek-r1:14b, dimavz/whisper-tiny:latest, gemma3:4b
2025-10-04 22:45:54 [INFO]:   Generating summary...
2025-10-04 22:45:54 [INFO]: Generating with Ollama model: gemma3:4b
2025-10-04 22:46:01 [INFO]: Generation completed
2025-10-04 22:46:01 [INFO]: 
--- SUMMARY ---
Here’s a concise summary of the video transcription:

The video explains how to use a feature called “Project Only Memory” within Chad GBT. This feature allows you to create a focused workspace for each task by limiting Chad GBT’s memory to only the information you provide. **Key takeaways:**

*   **Selective Memory:** Chad GBT now remembers only the specific instructions and files you give it.
*   **Manual Activation:** You must manually enable “Project Only Memory” in your settings.
*   **Dedicated Projects:** Build focused workspaces by adding instructions, files, and naming references within each project.
*   **Isolation:** What happens within a project stays within that project.

Essentially, the video demonstrates a method for controlling and directing Chad GBT’s responses for improved accuracy and relevance.

2025-10-04 22:46:01 [INFO]:   Extracting key topics...
2025-10-04 22:46:01 [INFO]: Generating with Ollama model: gemma3:4b
2025-10-04 22:46:10 [INFO]: Generation completed
2025-10-04 22:46:10 [INFO]: 
--- KEY TOPICS ---
Here’s a breakdown of the main topics and themes discussed in the video transcription, presented as bullet points:

*   **Chad GBT’s Memory Functionality:** The core topic is the new “Project Only Memory” feature within Chad GBT.
*   **Selective Memory Control:** The video explains how this feature allows users to limit Chad GBT’s recall to only relevant information.
*   **Manual Activation & Irreversible Change:** A key point is that the feature must be turned on manually and cannot be easily undone.
*   **Building Dedicated Projects:** The video emphasizes the concept of creating focused projects within Chad GBT.
*   **Providing Instructions & Context:** It stresses the importance of giving clear instructions, rules, and context to Chad GBT for optimal performance.
*   **Utilizing Existing Resources:** The video demonstrates how to incorporate existing files (brand guides, prompts, etc.) into the project.

Would you like me to elaborate on any of these points or perhaps summarize the video’s overall message?

2025-10-04 22:46:10 [INFO]: 
[5/5] Writing results to CSV...
2025-10-04 22:46:10 [INFO]: Writing Notion-friendly CSV: ./output/transcriptions-notion.csv
2025-10-04 22:46:10 [INFO]: Successfully wrote video to Notion CSV
2025-10-04 22:46:10 [INFO]: ✓ Notion CSV written: ./output/transcriptions-notion.csv
2025-10-04 22:46:10 [INFO]: 
============================================================
2025-10-04 22:46:10 [INFO]: ✓ Pipeline completed successfully
2025-10-04 22:46:10 [INFO]:   Total time: 23.78s
2025-10-04 22:46:10 [INFO]: ============================================================
2025-10-04 22:46:10 [INFO]: ✓ Success
2025-10-04 22:46:10 [INFO]: Waiting 12.0s before next video...
2025-10-04 22:46:22 [INFO]: 
[14/104] Processing: https://www.instagram.com/techtiff.ai/reel/DN4C4mPEkJi/
2025-10-04 22:46:22 [INFO]: ============================================================
2025-10-04 22:46:22 [INFO]: Instagram Video Transcription Pipeline
2025-10-04 22:46:22 [INFO]: ============================================================
2025-10-04 22:46:22 [INFO]: URL: https://www.instagram.com/techtiff.ai/reel/DN4C4mPEkJi/
2025-10-04 22:46:22 [INFO]: 
[1/5] Downloading Instagram video...
2025-10-04 22:46:22 [INFO]: Downloading Instagram video with yt-dlp: https://www.instagram.com/techtiff.ai/reel/DN4C4mPEkJi/
2025-10-04 22:46:22 [INFO]: Output: downloads/videos/DN4C4mPEkJi.mp4
2025-10-04 22:46:24 [INFO]: ✓ Video downloaded successfully with yt-dlp
2025-10-04 22:46:24 [INFO]: ✓ Video downloaded: downloads/videos/DN4C4mPEkJi.mp4
2025-10-04 22:46:24 [INFO]: 
[2/5] Extracting audio from video...
2025-10-04 22:46:24 [INFO]: Extracting audio from: downloads/videos/DN4C4mPEkJi.mp4
2025-10-04 22:46:24 [INFO]: Output audio file: downloads/audio/DN4C4mPEkJi.wav
2025-10-04 22:46:24 [INFO]: Format: wav, Sample rate: 16000Hz, Channels: 1
2025-10-04 22:46:24 [INFO]: Audio extraction completed successfully
2025-10-04 22:46:24 [INFO]: ✓ Audio extracted: downloads/audio/DN4C4mPEkJi.wav
2025-10-04 22:46:24 [INFO]:   Duration: 104.28s
2025-10-04 22:46:24 [INFO]:   Sample Rate: 16000Hz
2025-10-04 22:46:24 [INFO]:   Channels: 1
2025-10-04 22:46:24 [INFO]: 
[3/5] Transcribing audio...
2025-10-04 22:46:24 [INFO]: Transcription method: auto
2025-10-04 22:46:24 [INFO]: Using Whisper CLI...
2025-10-04 22:46:24 [INFO]: Transcribing with Whisper CLI: downloads/audio/DN4C4mPEkJi.wav
2025-10-04 22:46:32 [INFO]: Transcription with timestamps completed
2025-10-04 22:46:32 [INFO]: ✓ Transcription completed
2025-10-04 22:46:32 [INFO]:   Text length: 1759 characters
2025-10-04 22:46:32 [INFO]:   Segments: 33
2025-10-04 22:46:32 [INFO]: 
[4/5] AI Processing with Ollama...
2025-10-04 22:46:32 [INFO]: Found 3 Ollama models
2025-10-04 22:46:32 [INFO]:   Available models: deepseek-r1:14b, dimavz/whisper-tiny:latest, gemma3:4b
2025-10-04 22:46:32 [INFO]:   Generating summary...
2025-10-04 22:46:32 [INFO]: Generating with Ollama model: gemma3:4b
2025-10-04 22:46:38 [INFO]: Generation completed
2025-10-04 22:46:38 [INFO]: 
--- SUMMARY ---
Here’s a concise summary of the video transcription:

The video highlights Claude’s new Chrome extension, which allows it to actively perform tasks like scheduling meetings, organizing files, and providing feedback. However, it’s crucial to understand that this active functionality introduces a significant risk: **prompt injection attacks.** By giving Claude access to your browser, you’re exposing it to potentially malicious instructions hidden within websites. Claude does ask for permission before sending anything, but users must carefully review all requests to prevent unintended actions like revealing sensitive information. This represents a shift from passive AI usage to a collaborative, and therefore riskier, working relationship.

2025-10-04 22:46:38 [INFO]:   Extracting key topics...
2025-10-04 22:46:38 [INFO]: Generating with Ollama model: gemma3:4b
2025-10-04 22:46:48 [INFO]: Generation completed
2025-10-04 22:46:48 [INFO]: 
--- KEY TOPICS ---
Here’s a breakdown of the main topics and themes discussed in the video transcription, presented as bullet points:

*   **Claude’s Chrome Extension:** The core focus is on the functionality and capabilities of Claude’s new Chrome extension.
*   **AI Collaboration in the Browser:** The video highlights the shift from a passive browser to a collaborative environment when using AI like Claude.
*   **Prompt Injection Attacks:** A significant concern raised is the risk of prompt injection attacks – where malicious instructions are embedded in websites and interpreted by the AI.
*   **Claude’s Capabilities:** The video demonstrates Claude’s ability to perform tasks like scheduling meetings, organizing files (Google Drive, Canva), and providing feedback.
*   **User Responsibility & Review:** The importance of reviewing Claude’s actions and understanding the potential influence of external content is emphasized.
*   **New Way to Work with AI:** The video frames Claude’s extension not just as a productivity hack, but as a fundamentally different approach to working with AI.

Would you like me to elaborate on any of these points, or perhaps summarize a particular aspect of the video?

2025-10-04 22:46:48 [INFO]: 
[5/5] Writing results to CSV...
2025-10-04 22:46:48 [INFO]: Writing Notion-friendly CSV: ./output/transcriptions-notion.csv
2025-10-04 22:46:48 [INFO]: Successfully wrote video to Notion CSV
2025-10-04 22:46:48 [INFO]: ✓ Notion CSV written: ./output/transcriptions-notion.csv
2025-10-04 22:46:48 [INFO]: 
============================================================
2025-10-04 22:46:48 [INFO]: ✓ Pipeline completed successfully
2025-10-04 22:46:48 [INFO]:   Total time: 25.96s
2025-10-04 22:46:48 [INFO]: ============================================================
2025-10-04 22:46:48 [INFO]: ✓ Success
2025-10-04 22:46:48 [INFO]: Waiting 12.0s before next video...
2025-10-04 22:47:00 [INFO]: 
[15/104] Processing: https://www.instagram.com/techtiff.ai/reel/DNzou-XXNNV/
2025-10-04 22:47:00 [INFO]: ============================================================
2025-10-04 22:47:00 [INFO]: Instagram Video Transcription Pipeline
2025-10-04 22:47:00 [INFO]: ============================================================
2025-10-04 22:47:00 [INFO]: URL: https://www.instagram.com/techtiff.ai/reel/DNzou-XXNNV/
2025-10-04 22:47:00 [INFO]: 
[1/5] Downloading Instagram video...
2025-10-04 22:47:00 [INFO]: Downloading Instagram video with yt-dlp: https://www.instagram.com/techtiff.ai/reel/DNzou-XXNNV/
2025-10-04 22:47:00 [INFO]: Output: downloads/videos/DNzou-XXNNV.mp4
2025-10-04 22:47:01 [INFO]: ✓ Video downloaded successfully with yt-dlp
2025-10-04 22:47:01 [INFO]: ✓ Video downloaded: downloads/videos/DNzou-XXNNV.mp4
2025-10-04 22:47:01 [INFO]: 
[2/5] Extracting audio from video...
2025-10-04 22:47:02 [INFO]: Extracting audio from: downloads/videos/DNzou-XXNNV.mp4
2025-10-04 22:47:02 [INFO]: Output audio file: downloads/audio/DNzou-XXNNV.wav
2025-10-04 22:47:02 [INFO]: Format: wav, Sample rate: 16000Hz, Channels: 1
2025-10-04 22:47:02 [INFO]: Audio extraction completed successfully
2025-10-04 22:47:02 [INFO]: ✓ Audio extracted: downloads/audio/DNzou-XXNNV.wav
2025-10-04 22:47:02 [INFO]:   Duration: 87.33s
2025-10-04 22:47:02 [INFO]:   Sample Rate: 16000Hz
2025-10-04 22:47:02 [INFO]:   Channels: 1
2025-10-04 22:47:02 [INFO]: 
[3/5] Transcribing audio...
2025-10-04 22:47:02 [INFO]: Transcription method: auto
2025-10-04 22:47:02 [INFO]: Using Whisper CLI...
2025-10-04 22:47:02 [INFO]: Transcribing with Whisper CLI: downloads/audio/DNzou-XXNNV.wav
2025-10-04 22:47:08 [INFO]: Transcription with timestamps completed
2025-10-04 22:47:08 [INFO]: ✓ Transcription completed
2025-10-04 22:47:08 [INFO]:   Text length: 1386 characters
2025-10-04 22:47:08 [INFO]:   Segments: 35
2025-10-04 22:47:08 [INFO]: 
[4/5] AI Processing with Ollama...
2025-10-04 22:47:08 [INFO]: Found 3 Ollama models
2025-10-04 22:47:08 [INFO]:   Available models: deepseek-r1:14b, dimavz/whisper-tiny:latest, gemma3:4b
2025-10-04 22:47:08 [INFO]:   Generating summary...
2025-10-04 22:47:08 [INFO]: Generating with Ollama model: gemma3:4b
2025-10-04 22:47:15 [INFO]: Generation completed
2025-10-04 22:47:15 [INFO]: 
--- SUMMARY ---
Here’s a concise summary of the video transcription:

**Key Takeaway:** GPT-5’s reasoning abilities are unlocked only when you provide it with context, options, and your existing thought process. Simply asking a vague question will result in a vague response.

**Main Points:**

*   **Structure is Key:** To get strategic output from GPT-5, you need to frame your prompts with a clear situation, desired outcome, and your current reasoning.
*   **Collaboration, Not Just Instruction:**  Prompting GPT-5 like this turns it into a collaborative partner, allowing it to challenge your assumptions and provide a comprehensive analysis.
*   **Don’t Outsource Thinking:** Stop relying on GPT-5 to simply answer questions; instead, use it to help you think through complex decisions.

Essentially, the video emphasizes the importance of structured prompting to leverage GPT-5’s reasoning capabilities.

2025-10-04 22:47:15 [INFO]:   Extracting key topics...
2025-10-04 22:47:15 [INFO]: Generating with Ollama model: gemma3:4b
2025-10-04 22:47:24 [INFO]: Generation completed
2025-10-04 22:47:24 [INFO]: 
--- KEY TOPICS ---
Here’s a breakdown of the main topics and themes discussed in the video transcription, presented as bullet points:

*   **Effective Prompting for GPT-5:** The core theme is how to effectively prompt GPT-5 to get useful results.
*   **Importance of Context, Options, and Reasoning:** The video emphasizes that GPT-5 needs these elements to function effectively. Without them, it simply reflects back the ambiguity of the prompt.
*   **Structuring Prompts for Strategic Output:** The key takeaway is to provide a structured prompt – including options, context, and your own reasoning – to elicit a strategic response from GPT-5.
*   **Collaboration vs. Passive Prompting:** The video contrasts simply “tossing at something random” with a collaborative approach where GPT-5 helps you analyze and refine your thinking.
*   **GPT-5’s Need for Direction:** The video argues that GPT-5 doesn’t require more data, but rather more guidance and structure.

Would you like me to elaborate on any of these points or perhaps summarize the video’s overall message?

2025-10-04 22:47:24 [INFO]: 
[5/5] Writing results to CSV...
2025-10-04 22:47:24 [INFO]: Writing Notion-friendly CSV: ./output/transcriptions-notion.csv
2025-10-04 22:47:24 [INFO]: Successfully wrote video to Notion CSV
2025-10-04 22:47:24 [INFO]: ✓ Notion CSV written: ./output/transcriptions-notion.csv
2025-10-04 22:47:24 [INFO]: 
============================================================
2025-10-04 22:47:24 [INFO]: ✓ Pipeline completed successfully
2025-10-04 22:47:24 [INFO]:   Total time: 24.32s
2025-10-04 22:47:24 [INFO]: ============================================================
2025-10-04 22:47:24 [INFO]: ✓ Success
2025-10-04 22:47:24 [INFO]: Waiting 12.0s before next video...
2025-10-04 22:47:54 [INFO]: Processing 104 Instagram URLs...

2025-10-04 22:47:54 [INFO]: 
[1/104] Processing: https://www.instagram.com/techtiff.ai/reel/DOu4VSSDq7m/
2025-10-04 22:47:54 [INFO]: ============================================================
2025-10-04 22:47:54 [INFO]: Instagram Video Transcription Pipeline
2025-10-04 22:47:54 [INFO]: ============================================================
2025-10-04 22:47:54 [INFO]: URL: https://www.instagram.com/techtiff.ai/reel/DOu4VSSDq7m/
2025-10-04 22:47:54 [INFO]: 
[1/5] Downloading Instagram video...
2025-10-04 22:47:54 [INFO]: Downloading Instagram video with yt-dlp: https://www.instagram.com/techtiff.ai/reel/DOu4VSSDq7m/
2025-10-04 22:47:54 [INFO]: Output: downloads/videos/DOu4VSSDq7m.mp4
2025-10-04 22:47:55 [INFO]: ✓ Video downloaded successfully with yt-dlp
2025-10-04 22:47:55 [INFO]: ✓ Video downloaded: downloads/videos/DOu4VSSDq7m.mp4
2025-10-04 22:47:55 [INFO]: 
[2/5] Extracting audio from video...
2025-10-04 22:47:55 [INFO]: Extracting audio from: downloads/videos/DOu4VSSDq7m.mp4
2025-10-04 22:47:55 [INFO]: Output audio file: downloads/audio/DOu4VSSDq7m.wav
2025-10-04 22:47:55 [INFO]: Format: wav, Sample rate: 16000Hz, Channels: 1
2025-10-04 22:47:56 [INFO]: Audio extraction completed successfully
2025-10-04 22:47:56 [INFO]: ✓ Audio extracted: downloads/audio/DOu4VSSDq7m.wav
2025-10-04 22:47:56 [INFO]:   Duration: 78.04s
2025-10-04 22:47:56 [INFO]:   Sample Rate: 16000Hz
2025-10-04 22:47:56 [INFO]:   Channels: 1
2025-10-04 22:47:56 [INFO]: 
[3/5] Transcribing audio...
2025-10-04 22:47:56 [INFO]: Transcription method: auto
2025-10-04 22:47:56 [INFO]: Using Whisper CLI...
2025-10-04 22:47:56 [INFO]: Transcribing with Whisper CLI: downloads/audio/DOu4VSSDq7m.wav
2025-10-04 22:48:01 [INFO]: Transcription with timestamps completed
2025-10-04 22:48:01 [INFO]: ✓ Transcription completed
2025-10-04 22:48:01 [INFO]:   Text length: 1216 characters
2025-10-04 22:48:01 [INFO]:   Segments: 13
2025-10-04 22:48:01 [INFO]: 
[4/5] AI Processing with Ollama...
2025-10-04 22:48:01 [INFO]: Found 3 Ollama models
2025-10-04 22:48:01 [INFO]:   Available models: deepseek-r1:14b, dimavz/whisper-tiny:latest, gemma3:4b
2025-10-04 22:48:01 [INFO]:   Generating summary...
2025-10-04 22:48:01 [INFO]: Generating with Ollama model: gemma3:4b
2025-10-04 22:48:07 [INFO]: Generation completed
2025-10-04 22:48:07 [INFO]: 
--- SUMMARY ---
Here’s a concise summary of the video:

The video highlights the untapped potential of NFC chips found in most debit cards and transit passes. These chips, which don’t contain sensitive banking information, can be used with an iPhone’s Shortcuts app to create automated triggers – like silencing distractions, launching productivity apps, or responding to specific actions (like a text message). The speaker demonstrates how an expired debit card can be repurposed to create a highly customized and productive iPhone experience. **Key Takeaway:** NFC chips offer a surprisingly powerful automation capability beyond just payment processing.

2025-10-04 22:48:07 [INFO]:   Extracting key topics...
2025-10-04 22:48:07 [INFO]: Generating with Ollama model: gemma3:4b
2025-10-04 22:48:15 [INFO]: Generation completed
2025-10-04 22:48:15 [INFO]: 
--- KEY TOPICS ---
Here’s a breakdown of the main topics and themes discussed in the video transcription, presented as bullet points:

*   **NFC Technology:** The core of the video – explaining what NFC (Near Field Communication) is and its function.
*   **iPhone Shortcuts & NFC Integration:** How NFC tags can be used to trigger actions within Apple’s Shortcuts app.
*   **Expired Debit Cards as Productivity Tools:** The surprising potential of an expired debit card’s NFC chip for automating tasks on an iPhone.
*   **Critique of iPhone Functionality:** A slightly humorous observation about iPhones being misused (as remote controls) instead of their intended purpose.
*   **Automation & Personalization:** The concept of customizing your iPhone to suit your needs through NFC triggers.

Would you like me to elaborate on any of these points, or perhaps summarize the video's overall message?

2025-10-04 22:48:15 [INFO]: 
[5/5] Writing results to CSV...
2025-10-04 22:48:15 [INFO]: Writing Notion-friendly CSV: ./output/transcriptions-notion.csv
2025-10-04 22:48:15 [INFO]: Successfully wrote video to Notion CSV
2025-10-04 22:48:15 [INFO]: ✓ Notion CSV written: ./output/transcriptions-notion.csv
2025-10-04 22:48:15 [INFO]: 
============================================================
2025-10-04 22:48:15 [INFO]: ✓ Pipeline completed successfully
2025-10-04 22:48:15 [INFO]:   Total time: 21.07s
2025-10-04 22:48:15 [INFO]: ============================================================
2025-10-04 22:48:15 [INFO]: ✓ Success
2025-10-04 22:48:15 [INFO]: Waiting 12.0s before next video...
2025-10-04 22:48:27 [INFO]: 
[2/104] Processing: https://www.instagram.com/techtiff.ai/reel/DOsIn_hjlJL/
2025-10-04 22:48:27 [INFO]: ============================================================
2025-10-04 22:48:27 [INFO]: Instagram Video Transcription Pipeline
2025-10-04 22:48:27 [INFO]: ============================================================
2025-10-04 22:48:27 [INFO]: URL: https://www.instagram.com/techtiff.ai/reel/DOsIn_hjlJL/
2025-10-04 22:48:27 [INFO]: 
[1/5] Downloading Instagram video...
2025-10-04 22:48:27 [INFO]: Downloading Instagram video with yt-dlp: https://www.instagram.com/techtiff.ai/reel/DOsIn_hjlJL/
2025-10-04 22:48:27 [INFO]: Output: downloads/videos/DOsIn_hjlJL.mp4
2025-10-04 22:48:36 [INFO]: Processing 104 Instagram URLs...

2025-10-04 22:48:36 [INFO]: 
[1/104] Processing: https://www.instagram.com/techtiff.ai/reel/DOu4VSSDq7m/
2025-10-04 22:48:36 [INFO]: ============================================================
2025-10-04 22:48:36 [INFO]: Instagram Video Transcription Pipeline
2025-10-04 22:48:36 [INFO]: ============================================================
2025-10-04 22:48:36 [INFO]: URL: https://www.instagram.com/techtiff.ai/reel/DOu4VSSDq7m/
2025-10-04 22:48:36 [INFO]: 
[1/5] Downloading Instagram video...
2025-10-04 22:48:36 [INFO]: Downloading Instagram video with yt-dlp: https://www.instagram.com/techtiff.ai/reel/DOu4VSSDq7m/
2025-10-04 22:48:36 [INFO]: Output: downloads/videos/DOu4VSSDq7m.mp4
2025-10-04 22:48:37 [INFO]: ✓ Video downloaded successfully with yt-dlp
2025-10-04 22:48:37 [INFO]: ✓ Video downloaded: downloads/videos/DOu4VSSDq7m.mp4
2025-10-04 22:48:37 [INFO]: 
[2/5] Extracting audio from video...
2025-10-04 22:48:37 [INFO]: Extracting audio from: downloads/videos/DOu4VSSDq7m.mp4
2025-10-04 22:48:37 [INFO]: Output audio file: downloads/audio/DOu4VSSDq7m.wav
2025-10-04 22:48:37 [INFO]: Format: wav, Sample rate: 16000Hz, Channels: 1
2025-10-04 22:48:37 [INFO]: Audio extraction completed successfully
2025-10-04 22:48:37 [INFO]: ✓ Audio extracted: downloads/audio/DOu4VSSDq7m.wav
2025-10-04 22:48:37 [INFO]:   Duration: 78.04s
2025-10-04 22:48:37 [INFO]:   Sample Rate: 16000Hz
2025-10-04 22:48:37 [INFO]:   Channels: 1
2025-10-04 22:48:37 [INFO]: 
[3/5] Transcribing audio...
2025-10-04 22:48:37 [INFO]: Transcription method: auto
2025-10-04 22:48:37 [INFO]: Using Whisper CLI...
2025-10-04 22:48:37 [INFO]: Transcribing with Whisper CLI: downloads/audio/DOu4VSSDq7m.wav
2025-10-04 22:48:42 [INFO]: Transcription with timestamps completed
2025-10-04 22:48:42 [INFO]: ✓ Transcription completed
2025-10-04 22:48:42 [INFO]:   Text length: 1216 characters
2025-10-04 22:48:42 [INFO]:   Segments: 13
2025-10-04 22:48:42 [INFO]: 
[4/5] AI Processing with Ollama...
2025-10-04 22:48:42 [INFO]: Found 3 Ollama models
2025-10-04 22:48:42 [INFO]:   Available models: deepseek-r1:14b, dimavz/whisper-tiny:latest, gemma3:4b
2025-10-04 22:48:42 [INFO]:   Generating summary...
2025-10-04 22:48:42 [INFO]: Generating with Ollama model: gemma3:4b
2025-10-04 22:48:47 [INFO]: Generation completed
2025-10-04 22:48:47 [INFO]: 
--- SUMMARY ---
Here’s a concise summary of the video:

The video highlights that the NFC chip on most debit cards, even after the payment functionality is gone, can be repurposed on iPhones. This NFC chip can be used within Apple’s Shortcuts app to trigger automated actions – like silencing distractions, creating productivity portals, or responding to specific events (like a text message or location). Essentially, an expired debit card can be turned into a powerful automation tool for your iPhone.

2025-10-04 22:48:47 [INFO]:   Extracting key topics...
2025-10-04 22:48:47 [INFO]: Generating with Ollama model: gemma3:4b
2025-10-04 22:48:54 [INFO]: Generation completed
2025-10-04 22:48:54 [INFO]: 
--- KEY TOPICS ---
Here’s a breakdown of the main topics and themes discussed in the video transcription:

*   **NFC Technology:** The core of the video – explaining what NFC (Near Field Communication) is and its functionality.
*   **iPhone Shortcuts & Automation:** How NFC can be used to trigger automated actions within the Shortcuts app.
*   **Expired Debit Cards & Unexpected Utility:** The surprising potential of an outdated debit card due to its NFC chip.
*   **Productivity & Distraction Blocking:** The video’s central argument – using the NFC to create a focused productivity environment.
*   **Critique of iPhone Usage:** A lighthearted jab at people using their iPhones as remote controls instead of their intended purpose.

Would you like me to elaborate on any of these points, or perhaps summarize the video’s overall message?

2025-10-04 22:48:54 [INFO]: 
[5/5] Writing results to CSV...
2025-10-04 22:48:54 [INFO]: Writing Notion-friendly CSV: ./output/transcriptions-notion.csv
2025-10-04 22:48:54 [INFO]: Successfully wrote video to Notion CSV
2025-10-04 22:48:54 [INFO]: ✓ Notion CSV written: ./output/transcriptions-notion.csv
2025-10-04 22:48:54 [INFO]: 
============================================================
2025-10-04 22:48:54 [INFO]: ✓ Pipeline completed successfully
2025-10-04 22:48:54 [INFO]:   Total time: 18.46s
2025-10-04 22:48:54 [INFO]: ============================================================
2025-10-04 22:48:54 [INFO]: ✓ Success
2025-10-04 22:48:54 [INFO]: Waiting 12.0s before next video...
2025-10-04 22:49:06 [INFO]: 
[2/104] Processing: https://www.instagram.com/techtiff.ai/reel/DOsIn_hjlJL/
2025-10-04 22:49:06 [INFO]: ============================================================
2025-10-04 22:49:06 [INFO]: Instagram Video Transcription Pipeline
2025-10-04 22:49:06 [INFO]: ============================================================
2025-10-04 22:49:06 [INFO]: URL: https://www.instagram.com/techtiff.ai/reel/DOsIn_hjlJL/
2025-10-04 22:49:06 [INFO]: 
[1/5] Downloading Instagram video...
2025-10-04 22:49:06 [INFO]: Downloading Instagram video with yt-dlp: https://www.instagram.com/techtiff.ai/reel/DOsIn_hjlJL/
2025-10-04 22:49:06 [INFO]: Output: downloads/videos/DOsIn_hjlJL.mp4
2025-10-04 22:49:08 [INFO]: ✓ Video downloaded successfully with yt-dlp
2025-10-04 22:49:08 [INFO]: ✓ Video downloaded: downloads/videos/DOsIn_hjlJL.mp4
2025-10-04 22:49:08 [INFO]: 
[2/5] Extracting audio from video...
2025-10-04 22:49:08 [INFO]: Extracting audio from: downloads/videos/DOsIn_hjlJL.mp4
2025-10-04 22:49:08 [INFO]: Output audio file: downloads/audio/DOsIn_hjlJL.wav
2025-10-04 22:49:08 [INFO]: Format: wav, Sample rate: 16000Hz, Channels: 1
2025-10-04 22:49:08 [INFO]: Audio extraction completed successfully
2025-10-04 22:49:08 [INFO]: ✓ Audio extracted: downloads/audio/DOsIn_hjlJL.wav
2025-10-04 22:49:08 [INFO]:   Duration: 85.61s
2025-10-04 22:49:08 [INFO]:   Sample Rate: 16000Hz
2025-10-04 22:49:08 [INFO]:   Channels: 1
2025-10-04 22:49:08 [INFO]: 
[3/5] Transcribing audio...
2025-10-04 22:49:08 [INFO]: Transcription method: auto
2025-10-04 22:49:08 [INFO]: Using Whisper CLI...
2025-10-04 22:49:08 [INFO]: Transcribing with Whisper CLI: downloads/audio/DOsIn_hjlJL.wav
2025-10-04 22:49:13 [INFO]: Transcription with timestamps completed
2025-10-04 22:49:13 [INFO]: ✓ Transcription completed
2025-10-04 22:49:13 [INFO]:   Text length: 1308 characters
2025-10-04 22:49:13 [INFO]:   Segments: 30
2025-10-04 22:49:13 [INFO]: 
[4/5] AI Processing with Ollama...
2025-10-04 22:49:13 [INFO]: Found 3 Ollama models
2025-10-04 22:49:13 [INFO]:   Available models: deepseek-r1:14b, dimavz/whisper-tiny:latest, gemma3:4b
2025-10-04 22:49:13 [INFO]:   Generating summary...
2025-10-04 22:49:13 [INFO]: Generating with Ollama model: gemma3:4b
2025-10-04 22:49:18 [INFO]: Generation completed
2025-10-04 22:49:18 [INFO]: 
--- SUMMARY ---
Here’s a concise summary of the video transcription:

This video highlights a new iOS 26 shortcut that utilizes ChatGPT to dramatically simplify task management. The shortcut, accessible via a link in the creator’s bio, allows users to input a goal and have ChatGPT automatically break it down into a structured, actionable to-do list within the Shortcuts app. It essentially acts as a personal project manager, eliminating the overwhelm of starting a new project. The creator encourages viewers to try it and leverage their iPhone’s capabilities for increased productivity.

2025-10-04 22:49:18 [INFO]:   Extracting key topics...
2025-10-04 22:49:18 [INFO]: Generating with Ollama model: gemma3:4b
2025-10-04 22:49:26 [INFO]: Generation completed
2025-10-04 22:49:26 [INFO]: 
--- KEY TOPICS ---
Here’s a breakdown of the main topics and themes discussed in the video transcription, presented as bullet points:

*   **ChatGPT in Shortcuts:** The core topic is utilizing ChatGPT within the iOS Shortcuts app.
*   **Task Management & Goal Breakdown:** The video highlights ChatGPT’s ability to take a broad goal and break it down into manageable, actionable tasks.
*   **iOS 26 & Shortcuts Integration:** Specifically mentions the functionality enabled by iOS 26 for using ChatGPT in Shortcuts.
*   **Structured List Generation:**  The shortcut’s ability to create formatted, usable lists from user-defined goals.
*   **Productivity & Automation:** The overall theme is about leveraging technology (specifically ChatGPT) to streamline productivity and automate tedious tasks.
*   **Overcoming Procrastination:** The video addresses a common barrier to productivity – knowing where to start – and how the shortcut can help.

Would you like me to elaborate on any of these points or perhaps summarize a specific aspect of the video?

2025-10-04 22:49:26 [INFO]: 
[5/5] Writing results to CSV...
2025-10-04 22:49:26 [INFO]: Writing Notion-friendly CSV: ./output/transcriptions-notion.csv
2025-10-04 22:49:26 [INFO]: Successfully wrote video to Notion CSV
2025-10-04 22:49:26 [INFO]: ✓ Notion CSV written: ./output/transcriptions-notion.csv
2025-10-04 22:49:26 [INFO]: 
============================================================
2025-10-04 22:49:26 [INFO]: ✓ Pipeline completed successfully
2025-10-04 22:49:26 [INFO]:   Total time: 20.29s
2025-10-04 22:49:26 [INFO]: ============================================================
2025-10-04 22:49:26 [INFO]: ✓ Success
2025-10-04 22:49:26 [INFO]: Waiting 12.0s before next video...
2025-10-04 22:49:38 [INFO]: 
[3/104] Processing: https://www.instagram.com/techtiff.ai/reel/DOpZo95kbVX/
2025-10-04 22:49:38 [INFO]: ============================================================
2025-10-04 22:49:38 [INFO]: Instagram Video Transcription Pipeline
2025-10-04 22:49:38 [INFO]: ============================================================
2025-10-04 22:49:38 [INFO]: URL: https://www.instagram.com/techtiff.ai/reel/DOpZo95kbVX/
2025-10-04 22:49:38 [INFO]: 
[1/5] Downloading Instagram video...
2025-10-04 22:49:39 [INFO]: Downloading Instagram video with yt-dlp: https://www.instagram.com/techtiff.ai/reel/DOpZo95kbVX/
2025-10-04 22:49:39 [INFO]: Output: downloads/videos/DOpZo95kbVX.mp4
2025-10-04 22:49:40 [INFO]: ✓ Video downloaded successfully with yt-dlp
2025-10-04 22:49:40 [INFO]: ✓ Video downloaded: downloads/videos/DOpZo95kbVX.mp4
2025-10-04 22:49:40 [INFO]: 
[2/5] Extracting audio from video...
2025-10-04 22:49:40 [INFO]: Extracting audio from: downloads/videos/DOpZo95kbVX.mp4
2025-10-04 22:49:40 [INFO]: Output audio file: downloads/audio/DOpZo95kbVX.wav
2025-10-04 22:49:40 [INFO]: Format: wav, Sample rate: 16000Hz, Channels: 1
2025-10-04 22:49:40 [INFO]: Audio extraction completed successfully
2025-10-04 22:49:40 [INFO]: ✓ Audio extracted: downloads/audio/DOpZo95kbVX.wav
2025-10-04 22:49:40 [INFO]:   Duration: 66.48s
2025-10-04 22:49:40 [INFO]:   Sample Rate: 16000Hz
2025-10-04 22:49:40 [INFO]:   Channels: 1
2025-10-04 22:49:40 [INFO]: 
[3/5] Transcribing audio...
2025-10-04 22:49:40 [INFO]: Transcription method: auto
2025-10-04 22:49:40 [INFO]: Using Whisper CLI...
2025-10-04 22:49:40 [INFO]: Transcribing with Whisper CLI: downloads/audio/DOpZo95kbVX.wav
2025-10-04 22:49:45 [INFO]: Transcription with timestamps completed
2025-10-04 22:49:45 [INFO]: ✓ Transcription completed
2025-10-04 22:49:45 [INFO]:   Text length: 1118 characters
2025-10-04 22:49:45 [INFO]:   Segments: 17
2025-10-04 22:49:45 [INFO]: 
[4/5] AI Processing with Ollama...
2025-10-04 22:49:45 [INFO]: Found 3 Ollama models
2025-10-04 22:49:45 [INFO]:   Available models: deepseek-r1:14b, dimavz/whisper-tiny:latest, gemma3:4b
2025-10-04 22:49:45 [INFO]:   Generating summary...
2025-10-04 22:49:45 [INFO]: Generating with Ollama model: gemma3:4b
2025-10-04 22:49:50 [INFO]: Generation completed
2025-10-04 22:49:50 [INFO]: 
--- SUMMARY ---
Here’s a concise summary of the video transcription:

**The key takeaway is that ChatGPT’s lackluster results often stem from vague prompts.** Instead of just throwing words at it, use “meta prompts” – prompts that essentially ask ChatGPT to help you refine your original request. Specifically, tell it you’re working on a project, share what you’ve written, and ask what’s missing.  **Save your effective prompts to reuse them later for consistent, better results.**

2025-10-04 22:49:50 [INFO]:   Extracting key topics...
2025-10-04 22:49:50 [INFO]: Generating with Ollama model: gemma3:4b
2025-10-04 22:49:56 [INFO]: Generation completed
2025-10-04 22:49:56 [INFO]: 
--- KEY TOPICS ---
Here’s a breakdown of the main topics and themes discussed in the video transcription, presented as bullet points:

*   **The “Mid” ChatGPT Problem:** The video’s central focus is addressing why ChatGPT might not be delivering desired results.
*   **Prompting Techniques:** The core solution revolves around improving prompting strategies.
*   **Meta Prompting:** This is presented as the key technique – explicitly stating your goals and asking ChatGPT what’s missing.
*   **Specificity in Prompts:** The importance of being extremely detailed and clear about what you want ChatGPT to do.
*   **Prompt Organization & Saving:**  The need to save and name prompts effectively within ChatGPT for future use.

Would you like me to elaborate on any of these points, or perhaps summarize the video’s overall message?

2025-10-04 22:49:56 [INFO]: 
[5/5] Writing results to CSV...
2025-10-04 22:49:56 [INFO]: Writing Notion-friendly CSV: ./output/transcriptions-notion.csv
2025-10-04 22:49:56 [INFO]: Successfully wrote video to Notion CSV
2025-10-04 22:49:56 [INFO]: ✓ Notion CSV written: ./output/transcriptions-notion.csv
2025-10-04 22:49:56 [INFO]: 
============================================================
2025-10-04 22:49:56 [INFO]: ✓ Pipeline completed successfully
2025-10-04 22:49:56 [INFO]:   Total time: 17.92s
2025-10-04 22:49:56 [INFO]: ============================================================
2025-10-04 22:49:56 [INFO]: ✓ Success
2025-10-04 22:49:56 [INFO]: Waiting 12.0s before next video...
2025-10-04 22:50:08 [INFO]: 
[4/104] Processing: https://www.instagram.com/techtiff.ai/reel/DOmtR0yj11r/
2025-10-04 22:50:08 [INFO]: ============================================================
2025-10-04 22:50:08 [INFO]: Instagram Video Transcription Pipeline
2025-10-04 22:50:08 [INFO]: ============================================================
2025-10-04 22:50:08 [INFO]: URL: https://www.instagram.com/techtiff.ai/reel/DOmtR0yj11r/
2025-10-04 22:50:08 [INFO]: 
[1/5] Downloading Instagram video...
2025-10-04 22:50:09 [INFO]: Downloading Instagram video with yt-dlp: https://www.instagram.com/techtiff.ai/reel/DOmtR0yj11r/
2025-10-04 22:50:09 [INFO]: Output: downloads/videos/DOmtR0yj11r.mp4
2025-10-04 22:50:10 [INFO]: ✓ Video downloaded successfully with yt-dlp
2025-10-04 22:50:10 [INFO]: ✓ Video downloaded: downloads/videos/DOmtR0yj11r.mp4
2025-10-04 22:50:10 [INFO]: 
[2/5] Extracting audio from video...
2025-10-04 22:50:10 [INFO]: Extracting audio from: downloads/videos/DOmtR0yj11r.mp4
2025-10-04 22:50:10 [INFO]: Output audio file: downloads/audio/DOmtR0yj11r.wav
2025-10-04 22:50:10 [INFO]: Format: wav, Sample rate: 16000Hz, Channels: 1
2025-10-04 22:50:10 [INFO]: Audio extraction completed successfully
2025-10-04 22:50:10 [INFO]: ✓ Audio extracted: downloads/audio/DOmtR0yj11r.wav
2025-10-04 22:50:10 [INFO]:   Duration: 101.54s
2025-10-04 22:50:10 [INFO]:   Sample Rate: 16000Hz
2025-10-04 22:50:10 [INFO]:   Channels: 1
2025-10-04 22:50:10 [INFO]: 
[3/5] Transcribing audio...
2025-10-04 22:50:10 [INFO]: Transcription method: auto
2025-10-04 22:50:10 [INFO]: Using Whisper CLI...
2025-10-04 22:50:10 [INFO]: Transcribing with Whisper CLI: downloads/audio/DOmtR0yj11r.wav
2025-10-04 22:50:16 [INFO]: Transcription with timestamps completed
2025-10-04 22:50:16 [INFO]: ✓ Transcription completed
2025-10-04 22:50:16 [INFO]:   Text length: 1647 characters
2025-10-04 22:50:16 [INFO]:   Segments: 19
2025-10-04 22:50:16 [INFO]: 
[4/5] AI Processing with Ollama...
2025-10-04 22:50:16 [INFO]: Found 3 Ollama models
2025-10-04 22:50:16 [INFO]:   Available models: deepseek-r1:14b, dimavz/whisper-tiny:latest, gemma3:4b
2025-10-04 22:50:16 [INFO]:   Generating summary...
2025-10-04 22:50:16 [INFO]: Generating with Ollama model: gemma3:4b
2025-10-04 22:50:24 [INFO]: Generation completed
2025-10-04 22:50:24 [INFO]: 
--- SUMMARY ---
Here’s a concise summary of the video:

Don’t expect ChatGPT to magically create a million-dollar business – it’s a tool for market validation, not idea generation. To effectively use it, focus on these four steps:

1.  **Identify Pain Points:** Use ChatGPT to analyze existing customer complaints in related industries.
2.  **Study Successful Products:** Examine adjacent industries to understand unmet needs.
3.  **Analyze Gaps:** Determine the difference between what your target audience wants and what’s currently available.
4.  **Assess Market Size & Competition:** Have ChatGPT estimate market size and competition levels to ensure real demand.

Essentially, shift from asking for creative ideas to using ChatGPT to *find* validated market gaps – these are where the opportunities lie.

---

Would you like me to elaborate on any specific aspect of the summary?

2025-10-04 22:50:24 [INFO]:   Extracting key topics...
2025-10-04 22:50:24 [INFO]: Generating with Ollama model: gemma3:4b
2025-10-04 22:50:33 [INFO]: Generation completed
2025-10-04 22:50:33 [INFO]: 
--- KEY TOPICS ---
Here’s a breakdown of the main topics and themes discussed in the video transcription, presented as bullet points:

*   **ChatGPT as a Research Tool, Not a Creative Generator:** The core message is that ChatGPT shouldn’t be seen as a source of initial ideas, but rather a tool for validating existing market opportunities.
*   **Identifying Pain Points:** Utilizing ChatGPT to analyze customer complaints (like Karen’s reviews) to uncover unmet needs.
*   **Competitive Analysis:** Studying successful products in adjacent industries to identify unmet needs and gaps.
*   **Market Gap Analysis:** Examining the difference between what consumers want and what’s currently available.
*   **Keyword Research & Unmet Demand:**  Prompting ChatGPT to find searches that aren't being adequately addressed.
*   **Market Validation:** Using ChatGPT to estimate market size and competition levels to assess potential demand.
*   **Focus on Validated Gaps:** The video emphasizes that true business opportunities lie in identifying and capitalizing on proven, validated market gaps.

Would you like me to elaborate on any of these points or perhaps summarize the video’s overall argument?

2025-10-04 22:50:33 [INFO]: 
[5/5] Writing results to CSV...
2025-10-04 22:50:33 [INFO]: Writing Notion-friendly CSV: ./output/transcriptions-notion.csv
2025-10-04 22:50:33 [INFO]: Successfully wrote video to Notion CSV
2025-10-04 22:50:33 [INFO]: ✓ Notion CSV written: ./output/transcriptions-notion.csv
2025-10-04 22:50:33 [INFO]: 
============================================================
2025-10-04 22:50:33 [INFO]: ✓ Pipeline completed successfully
2025-10-04 22:50:33 [INFO]:   Total time: 24.33s
2025-10-04 22:50:33 [INFO]: ============================================================
2025-10-04 22:50:33 [INFO]: ✓ Success
2025-10-04 22:50:33 [INFO]: Waiting 12.0s before next video...
2025-10-04 22:50:45 [INFO]: 
[5/104] Processing: https://www.instagram.com/techtiff.ai/reel/DOhhGVqj-rP/
2025-10-04 22:50:45 [INFO]: ============================================================
2025-10-04 22:50:45 [INFO]: Instagram Video Transcription Pipeline
2025-10-04 22:50:45 [INFO]: ============================================================
2025-10-04 22:50:45 [INFO]: URL: https://www.instagram.com/techtiff.ai/reel/DOhhGVqj-rP/
2025-10-04 22:50:45 [INFO]: 
[1/5] Downloading Instagram video...
2025-10-04 22:50:45 [INFO]: Downloading Instagram video with yt-dlp: https://www.instagram.com/techtiff.ai/reel/DOhhGVqj-rP/
2025-10-04 22:50:45 [INFO]: Output: downloads/videos/DOhhGVqj-rP.mp4
2025-10-04 22:50:46 [INFO]: ✓ Video downloaded successfully with yt-dlp
2025-10-04 22:50:46 [INFO]: ✓ Video downloaded: downloads/videos/DOhhGVqj-rP.mp4
2025-10-04 22:50:46 [INFO]: 
[2/5] Extracting audio from video...
2025-10-04 22:50:46 [INFO]: Extracting audio from: downloads/videos/DOhhGVqj-rP.mp4
2025-10-04 22:50:46 [INFO]: Output audio file: downloads/audio/DOhhGVqj-rP.wav
2025-10-04 22:50:46 [INFO]: Format: wav, Sample rate: 16000Hz, Channels: 1
2025-10-04 22:50:46 [INFO]: Audio extraction completed successfully
2025-10-04 22:50:46 [INFO]: ✓ Audio extracted: downloads/audio/DOhhGVqj-rP.wav
2025-10-04 22:50:46 [INFO]:   Duration: 62.86s
2025-10-04 22:50:46 [INFO]:   Sample Rate: 16000Hz
2025-10-04 22:50:46 [INFO]:   Channels: 1
2025-10-04 22:50:46 [INFO]: 
[3/5] Transcribing audio...
2025-10-04 22:50:46 [INFO]: Transcription method: auto
2025-10-04 22:50:46 [INFO]: Using Whisper CLI...
2025-10-04 22:50:46 [INFO]: Transcribing with Whisper CLI: downloads/audio/DOhhGVqj-rP.wav
2025-10-04 22:50:50 [INFO]: Transcription with timestamps completed
2025-10-04 22:50:50 [INFO]: ✓ Transcription completed
2025-10-04 22:50:50 [INFO]:   Text length: 1020 characters
2025-10-04 22:50:50 [INFO]:   Segments: 11
2025-10-04 22:50:50 [INFO]: 
[4/5] AI Processing with Ollama...
2025-10-04 22:50:50 [INFO]: Found 3 Ollama models
2025-10-04 22:50:50 [INFO]:   Available models: deepseek-r1:14b, dimavz/whisper-tiny:latest, gemma3:4b
2025-10-04 22:50:50 [INFO]:   Generating summary...
2025-10-04 22:50:50 [INFO]: Generating with Ollama model: gemma3:4b
2025-10-04 22:50:56 [INFO]: Generation completed
2025-10-04 22:50:56 [INFO]: 
--- SUMMARY ---
Here’s a concise summary of the video transcription:

The video highlights the frustration of relying on memory and encourages iPhone users to utilize the “Cloud” app to proactively manage their schedules. **Key takeaways:**

*   **Use Cloud:** The app connects your calendar events with reminders, ensuring you’re reminded of tasks that actually matter.
*   **Don’t Rely on Memory:** Stop apologizing for forgetting – Cloud handles the scheduling.
*   **Calendar & Reminders:** Calendars store events, while reminders trigger action based on those events.

Essentially, the video advocates for a more structured and tech-enabled approach to daily organization.

2025-10-04 22:50:56 [INFO]:   Extracting key topics...
2025-10-04 22:50:56 [INFO]: Generating with Ollama model: gemma3:4b
2025-10-04 22:51:03 [INFO]: Generation completed
2025-10-04 22:51:03 [INFO]: 
--- KEY TOPICS ---
Here’s a breakdown of the main topics and themes discussed in the video transcription, presented as bullet points:

*   **Using Cloud for Reminders:** The core topic is demonstrating how to utilize the Cloud app on an iPhone to manage reminders effectively.
*   **Combating Forgetfulness:** The video addresses the common issue of forgetting important tasks and appointments.
*   **Calendar Integration:** It highlights the importance of connecting calendars and reminders for a more organized system.
*   **Moving Beyond "Vibes":** The video critiques relying solely on intuition or “vibes” to manage tasks and advocates for a structured approach.
*   **Tech as a Solution:** The video positions technology (specifically Cloud) as a tool to overcome personal shortcomings in memory and organization.

Would you like me to elaborate on any of these points or perhaps identify any underlying themes (e.g., productivity, self-improvement)?

2025-10-04 22:51:03 [INFO]: 
[5/5] Writing results to CSV...
2025-10-04 22:51:03 [INFO]: Writing Notion-friendly CSV: ./output/transcriptions-notion.csv
2025-10-04 22:51:03 [INFO]: Successfully wrote video to Notion CSV
2025-10-04 22:51:03 [INFO]: ✓ Notion CSV written: ./output/transcriptions-notion.csv
2025-10-04 22:51:03 [INFO]: 
============================================================
2025-10-04 22:51:03 [INFO]: ✓ Pipeline completed successfully
2025-10-04 22:51:03 [INFO]:   Total time: 18.54s
2025-10-04 22:51:03 [INFO]: ============================================================
2025-10-04 22:51:03 [INFO]: ✓ Success
2025-10-04 22:51:03 [INFO]: Waiting 12.0s before next video...
2025-10-04 22:51:15 [INFO]: 
[6/104] Processing: https://www.instagram.com/techtiff.ai/reel/DOe6Q26j_06/
2025-10-04 22:51:15 [INFO]: ============================================================
2025-10-04 22:51:15 [INFO]: Instagram Video Transcription Pipeline
2025-10-04 22:51:15 [INFO]: ============================================================
2025-10-04 22:51:15 [INFO]: URL: https://www.instagram.com/techtiff.ai/reel/DOe6Q26j_06/
2025-10-04 22:51:15 [INFO]: 
[1/5] Downloading Instagram video...
2025-10-04 22:51:15 [INFO]: Downloading Instagram video with yt-dlp: https://www.instagram.com/techtiff.ai/reel/DOe6Q26j_06/
2025-10-04 22:51:15 [INFO]: Output: downloads/videos/DOe6Q26j_06.mp4
2025-10-04 22:51:17 [INFO]: ✓ Video downloaded successfully with yt-dlp
2025-10-04 22:51:17 [INFO]: ✓ Video downloaded: downloads/videos/DOe6Q26j_06.mp4
2025-10-04 22:51:17 [INFO]: 
[2/5] Extracting audio from video...
2025-10-04 22:51:17 [INFO]: Extracting audio from: downloads/videos/DOe6Q26j_06.mp4
2025-10-04 22:51:17 [INFO]: Output audio file: downloads/audio/DOe6Q26j_06.wav
2025-10-04 22:51:17 [INFO]: Format: wav, Sample rate: 16000Hz, Channels: 1
2025-10-04 22:51:17 [INFO]: Audio extraction completed successfully
2025-10-04 22:51:17 [INFO]: ✓ Audio extracted: downloads/audio/DOe6Q26j_06.wav
2025-10-04 22:51:17 [INFO]:   Duration: 77.07s
2025-10-04 22:51:17 [INFO]:   Sample Rate: 16000Hz
2025-10-04 22:51:17 [INFO]:   Channels: 1
2025-10-04 22:51:17 [INFO]: 
[3/5] Transcribing audio...
2025-10-04 22:51:17 [INFO]: Transcription method: auto
2025-10-04 22:51:17 [INFO]: Using Whisper CLI...
2025-10-04 22:51:17 [INFO]: Transcribing with Whisper CLI: downloads/audio/DOe6Q26j_06.wav
2025-10-04 22:51:24 [INFO]: Transcription with timestamps completed
2025-10-04 22:51:24 [INFO]: ✓ Transcription completed
2025-10-04 22:51:24 [INFO]:   Text length: 1177 characters
2025-10-04 22:51:24 [INFO]:   Segments: 19
2025-10-04 22:51:24 [INFO]: 
[4/5] AI Processing with Ollama...
2025-10-04 22:51:24 [INFO]: Found 3 Ollama models
2025-10-04 22:51:24 [INFO]:   Available models: deepseek-r1:14b, dimavz/whisper-tiny:latest, gemma3:4b
2025-10-04 22:51:24 [INFO]:   Generating summary...
2025-10-04 22:51:24 [INFO]: Generating with Ollama model: gemma3:4b
2025-10-04 22:51:30 [INFO]: Generation completed
2025-10-04 22:51:30 [INFO]: 
--- SUMMARY ---
Here’s a concise summary of the video transcription:

The creator is frustrated with language models (like GPT) offering confident, potentially fabricated answers. To combat this, they’ve modified the “ChaggipyT” model by adding a requirement to explicitly state its confidence level alongside every response, including a brief justification. This forces the model to be more transparent about its uncertainty, moving away from simply providing confident, potentially misleading answers. The key takeaway is that prompting AI to acknowledge its own limitations is crucial for avoiding being “played” by its responses.

2025-10-04 22:51:30 [INFO]:   Extracting key topics...
2025-10-04 22:51:30 [INFO]: Generating with Ollama model: gemma3:4b
2025-10-04 22:51:38 [INFO]: Generation completed
2025-10-04 22:51:38 [INFO]: 
--- KEY TOPICS ---
Here’s a breakdown of the main topics and themes discussed in the video transcription, presented as bullet points:

*   **Gaslighting by Language Models:** The core issue is the frustration with language models (like GPT) presenting confidently incorrect information.
*   **Training AI for Transparency:** The video focuses on a method – adding a specific instruction – to encourage AI models to reveal their uncertainty.
*   **Confidence Ratings & Explicit Statements:** The key technique involves instructing the AI to assess and state its confidence level in its answers.
*   **Distinguishing Reliable Responses from “AI Fan Fiction”:** The video highlights the importance of discerning between genuine AI responses and confidently fabricated answers.
*   **GPT-5 vs. Previous Models:** There’s a comparison between GPT-5 and earlier models, emphasizing GPT-5’s improved ability to admit uncertainty.

Would you like me to elaborate on any of these points or perhaps summarize the video’s overall message?

2025-10-04 22:51:38 [INFO]: 
[5/5] Writing results to CSV...
2025-10-04 22:51:38 [INFO]: Writing Notion-friendly CSV: ./output/transcriptions-notion.csv
2025-10-04 22:51:38 [INFO]: Successfully wrote video to Notion CSV
2025-10-04 22:51:38 [INFO]: ✓ Notion CSV written: ./output/transcriptions-notion.csv
2025-10-04 22:51:38 [INFO]: 
============================================================
2025-10-04 22:51:38 [INFO]: ✓ Pipeline completed successfully
2025-10-04 22:51:38 [INFO]:   Total time: 23.37s
2025-10-04 22:51:38 [INFO]: ============================================================
2025-10-04 22:51:38 [INFO]: ✓ Success
2025-10-04 22:51:38 [INFO]: Waiting 12.0s before next video...
2025-10-04 22:51:50 [INFO]: 
[7/104] Processing: https://www.instagram.com/techtiff.ai/reel/DOdcbcYDgAW/
2025-10-04 22:51:50 [INFO]: ============================================================
2025-10-04 22:51:50 [INFO]: Instagram Video Transcription Pipeline
2025-10-04 22:51:50 [INFO]: ============================================================
2025-10-04 22:51:50 [INFO]: URL: https://www.instagram.com/techtiff.ai/reel/DOdcbcYDgAW/
2025-10-04 22:51:50 [INFO]: 
[1/5] Downloading Instagram video...
2025-10-04 22:51:51 [INFO]: Downloading Instagram video with yt-dlp: https://www.instagram.com/techtiff.ai/reel/DOdcbcYDgAW/
2025-10-04 22:51:51 [INFO]: Output: downloads/videos/DOdcbcYDgAW.mp4
2025-10-04 22:51:52 [INFO]: ✓ Video downloaded successfully with yt-dlp
2025-10-04 22:51:52 [INFO]: ✓ Video downloaded: downloads/videos/DOdcbcYDgAW.mp4
2025-10-04 22:51:52 [INFO]: 
[2/5] Extracting audio from video...
2025-10-04 22:51:52 [INFO]: Extracting audio from: downloads/videos/DOdcbcYDgAW.mp4
2025-10-04 22:51:52 [INFO]: Output audio file: downloads/audio/DOdcbcYDgAW.wav
2025-10-04 22:51:52 [INFO]: Format: wav, Sample rate: 16000Hz, Channels: 1
2025-10-04 22:51:52 [INFO]: Audio extraction completed successfully
2025-10-04 22:51:52 [INFO]: ✓ Audio extracted: downloads/audio/DOdcbcYDgAW.wav
2025-10-04 22:51:52 [INFO]:   Duration: 73.45s
2025-10-04 22:51:52 [INFO]:   Sample Rate: 16000Hz
2025-10-04 22:51:52 [INFO]:   Channels: 1
2025-10-04 22:51:52 [INFO]: 
[3/5] Transcribing audio...
2025-10-04 22:51:52 [INFO]: Transcription method: auto
2025-10-04 22:51:52 [INFO]: Using Whisper CLI...
2025-10-04 22:51:52 [INFO]: Transcribing with Whisper CLI: downloads/audio/DOdcbcYDgAW.wav
2025-10-04 22:51:57 [INFO]: Transcription with timestamps completed
2025-10-04 22:51:57 [INFO]: ✓ Transcription completed
2025-10-04 22:51:57 [INFO]:   Text length: 1138 characters
2025-10-04 22:51:57 [INFO]:   Segments: 13
2025-10-04 22:51:57 [INFO]: 
[4/5] AI Processing with Ollama...
2025-10-04 22:51:57 [INFO]: Found 3 Ollama models
2025-10-04 22:51:57 [INFO]:   Available models: deepseek-r1:14b, dimavz/whisper-tiny:latest, gemma3:4b
2025-10-04 22:51:57 [INFO]:   Generating summary...
2025-10-04 22:51:57 [INFO]: Generating with Ollama model: gemma3:4b
2025-10-04 22:52:02 [INFO]: Generation completed
2025-10-04 22:52:02 [INFO]: 
--- SUMMARY ---
Here’s a concise summary of the video transcription:

The video demonstrates how AI (Claude) can now proactively create investor-ready materials from basic research. The creator tasked Claude with transforming their business research into an executive summary, pitch deck, financial projections, and investor FAQs. Claude successfully delivered a polished, investment-ready package, effectively acting as an unpaid co-founder. The key takeaway is that AI can significantly reduce the time and effort involved in preparing for investor pitches.

2025-10-04 22:52:02 [INFO]:   Extracting key topics...
2025-10-04 22:52:02 [INFO]: Generating with Ollama model: gemma3:4b
2025-10-04 22:52:11 [INFO]: Generation completed
2025-10-04 22:52:11 [INFO]: 
--- KEY TOPICS ---
Here’s a breakdown of the main topics and themes discussed in the video transcription, presented as bullet points:

*   **AI-Powered Business Research & Preparation:** The core topic is using AI (Claude) to conduct market research and create investor-ready materials.
*   **Claude’s Capabilities:** The video highlights Claude’s increasingly sophisticated abilities, specifically its ability to generate files like spreadsheets and pitch decks.
*   **Investor-Ready Materials:** The focus is on the creation of key deliverables for attracting investors – executive summaries, pitch decks, financial projections, and FAQs.
*   **Automation & Efficiency:** The video emphasizes the potential of AI to automate the time-consuming aspects of business preparation.
*   **The Role of AI as a Business Partner:** The speaker jokingly refers to Claude as an “unpaid co-founder,” illustrating the increasing potential of AI to assist in business ventures.

Would you like me to elaborate on any of these points, or perhaps identify any underlying themes (e.g., the future of entrepreneurship, the impact of AI on small businesses)?

2025-10-04 22:52:11 [INFO]: 
[5/5] Writing results to CSV...
2025-10-04 22:52:11 [INFO]: Writing Notion-friendly CSV: ./output/transcriptions-notion.csv
2025-10-04 22:52:11 [INFO]: Successfully wrote video to Notion CSV
2025-10-04 22:52:11 [INFO]: ✓ Notion CSV written: ./output/transcriptions-notion.csv
2025-10-04 22:52:11 [INFO]: 
============================================================
2025-10-04 22:52:11 [INFO]: ✓ Pipeline completed successfully
2025-10-04 22:52:11 [INFO]:   Total time: 20.24s
2025-10-04 22:52:11 [INFO]: ============================================================
2025-10-04 22:52:11 [INFO]: ✓ Success
2025-10-04 22:52:11 [INFO]: Waiting 12.0s before next video...
2025-10-04 22:52:23 [INFO]: 
[8/104] Processing: https://www.instagram.com/techtiff.ai/reel/DOZ8D7RkTH2/
2025-10-04 22:52:23 [INFO]: ============================================================
2025-10-04 22:52:23 [INFO]: Instagram Video Transcription Pipeline
2025-10-04 22:52:23 [INFO]: ============================================================
2025-10-04 22:52:23 [INFO]: URL: https://www.instagram.com/techtiff.ai/reel/DOZ8D7RkTH2/
2025-10-04 22:52:23 [INFO]: 
[1/5] Downloading Instagram video...
2025-10-04 22:52:23 [INFO]: Downloading Instagram video with yt-dlp: https://www.instagram.com/techtiff.ai/reel/DOZ8D7RkTH2/
2025-10-04 22:52:23 [INFO]: Output: downloads/videos/DOZ8D7RkTH2.mp4
2025-10-04 22:52:25 [INFO]: ✓ Video downloaded successfully with yt-dlp
2025-10-04 22:52:25 [INFO]: ✓ Video downloaded: downloads/videos/DOZ8D7RkTH2.mp4
2025-10-04 22:52:25 [INFO]: 
[2/5] Extracting audio from video...
2025-10-04 22:52:25 [INFO]: Extracting audio from: downloads/videos/DOZ8D7RkTH2.mp4
2025-10-04 22:52:25 [INFO]: Output audio file: downloads/audio/DOZ8D7RkTH2.wav
2025-10-04 22:52:25 [INFO]: Format: wav, Sample rate: 16000Hz, Channels: 1
2025-10-04 22:52:25 [INFO]: Audio extraction completed successfully
2025-10-04 22:52:25 [INFO]: ✓ Audio extracted: downloads/audio/DOZ8D7RkTH2.wav
2025-10-04 22:52:25 [INFO]:   Duration: 78.74s
2025-10-04 22:52:25 [INFO]:   Sample Rate: 16000Hz
2025-10-04 22:52:25 [INFO]:   Channels: 1
2025-10-04 22:52:25 [INFO]: 
[3/5] Transcribing audio...
2025-10-04 22:52:25 [INFO]: Transcription method: auto
2025-10-04 22:52:25 [INFO]: Using Whisper CLI...
2025-10-04 22:52:25 [INFO]: Transcribing with Whisper CLI: downloads/audio/DOZ8D7RkTH2.wav
2025-10-04 22:52:29 [INFO]: Transcription with timestamps completed
2025-10-04 22:52:29 [INFO]: ✓ Transcription completed
2025-10-04 22:52:29 [INFO]:   Text length: 1317 characters
2025-10-04 22:52:29 [INFO]:   Segments: 14
2025-10-04 22:52:29 [INFO]: 
[4/5] AI Processing with Ollama...
2025-10-04 22:52:29 [INFO]: Found 3 Ollama models
2025-10-04 22:52:29 [INFO]:   Available models: deepseek-r1:14b, dimavz/whisper-tiny:latest, gemma3:4b
2025-10-04 22:52:29 [INFO]:   Generating summary...
2025-10-04 22:52:29 [INFO]: Generating with Ollama model: gemma3:4b
2025-10-04 22:52:34 [INFO]: Generation completed
2025-10-04 22:52:34 [INFO]: 
--- SUMMARY ---
Here’s a concise summary of the video:

The video demonstrates how to use ChatGPT to manage large, overwhelming projects. The key takeaway is to break down your project into 5 daily action steps and prompt ChatGPT to generate a specific task for each day. By providing detailed information (project details, time constraints), ChatGPT delivers a daily mission, eliminating guesswork and allowing for consistent, manageable progress. Essentially, it acts as a personal project manager, providing daily clarity and reducing the feeling of being overwhelmed.

2025-10-04 22:52:34 [INFO]:   Extracting key topics...
2025-10-04 22:52:34 [INFO]: Generating with Ollama model: gemma3:4b
2025-10-04 22:52:43 [INFO]: Generation completed
2025-10-04 22:52:43 [INFO]: 
--- KEY TOPICS ---
Here’s a breakdown of the main topics and themes discussed in the video transcription, presented as bullet points:

*   **Using ChatGPT for Project Management:** The core topic is leveraging ChatGPT to manage and break down large, overwhelming projects.
*   **Task Decomposition:** The video focuses on how to use ChatGPT to break down a complex project into smaller, daily actionable steps.
*   **Daily Scheduling & Reminders:** A key technique demonstrated is scheduling ChatGPT to deliver daily prompts and reminders.
*   **Reducing Overwhelm:** The strategy aims to combat feelings of overwhelm by providing clear, focused daily tasks.
*   **Providing Context to ChatGPT:** The importance of giving ChatGPT sufficient information (project details, time constraints) for effective task generation is highlighted.
*   **Replacing Guesswork with Structure:** The video emphasizes moving away from unstructured, reactive work and towards a more planned, guided approach.

Would you like me to elaborate on any of these points, or perhaps summarize the video’s overall message?

2025-10-04 22:52:43 [INFO]: 
[5/5] Writing results to CSV...
2025-10-04 22:52:43 [INFO]: Writing Notion-friendly CSV: ./output/transcriptions-notion.csv
2025-10-04 22:52:43 [INFO]: Successfully wrote video to Notion CSV
2025-10-04 22:52:43 [INFO]: ✓ Notion CSV written: ./output/transcriptions-notion.csv
2025-10-04 22:52:43 [INFO]: 
============================================================
2025-10-04 22:52:43 [INFO]: ✓ Pipeline completed successfully
2025-10-04 22:52:43 [INFO]:   Total time: 20.55s
2025-10-04 22:52:43 [INFO]: ============================================================
2025-10-04 22:52:43 [INFO]: ✓ Success
2025-10-04 22:52:43 [INFO]: Waiting 12.0s before next video...
2025-10-04 22:52:55 [INFO]: 
[9/104] Processing: https://www.instagram.com/techtiff.ai/reel/DOSPnTgkVdb/
2025-10-04 22:52:55 [INFO]: ============================================================
2025-10-04 22:52:55 [INFO]: Instagram Video Transcription Pipeline
2025-10-04 22:52:55 [INFO]: ============================================================
2025-10-04 22:52:55 [INFO]: URL: https://www.instagram.com/techtiff.ai/reel/DOSPnTgkVdb/
2025-10-04 22:52:55 [INFO]: 
[1/5] Downloading Instagram video...
2025-10-04 22:52:56 [INFO]: Downloading Instagram video with yt-dlp: https://www.instagram.com/techtiff.ai/reel/DOSPnTgkVdb/
2025-10-04 22:52:56 [INFO]: Output: downloads/videos/DOSPnTgkVdb.mp4
2025-10-04 22:52:57 [INFO]: ✓ Video downloaded successfully with yt-dlp
2025-10-04 22:52:57 [INFO]: ✓ Video downloaded: downloads/videos/DOSPnTgkVdb.mp4
2025-10-04 22:52:57 [INFO]: 
[2/5] Extracting audio from video...
2025-10-04 22:52:57 [INFO]: Extracting audio from: downloads/videos/DOSPnTgkVdb.mp4
2025-10-04 22:52:57 [INFO]: Output audio file: downloads/audio/DOSPnTgkVdb.wav
2025-10-04 22:52:57 [INFO]: Format: wav, Sample rate: 16000Hz, Channels: 1
2025-10-04 22:52:57 [INFO]: Audio extraction completed successfully
2025-10-04 22:52:57 [INFO]: ✓ Audio extracted: downloads/audio/DOSPnTgkVdb.wav
2025-10-04 22:52:57 [INFO]:   Duration: 102.80s
2025-10-04 22:52:57 [INFO]:   Sample Rate: 16000Hz
2025-10-04 22:52:57 [INFO]:   Channels: 1
2025-10-04 22:52:57 [INFO]: 
[3/5] Transcribing audio...
2025-10-04 22:52:57 [INFO]: Transcription method: auto
2025-10-04 22:52:57 [INFO]: Using Whisper CLI...
2025-10-04 22:52:57 [INFO]: Transcribing with Whisper CLI: downloads/audio/DOSPnTgkVdb.wav
2025-10-04 22:53:03 [INFO]: Transcription with timestamps completed
2025-10-04 22:53:03 [INFO]: ✓ Transcription completed
2025-10-04 22:53:03 [INFO]:   Text length: 1619 characters
2025-10-04 22:53:03 [INFO]:   Segments: 27
2025-10-04 22:53:03 [INFO]: 
[4/5] AI Processing with Ollama...
2025-10-04 22:53:03 [INFO]: Found 3 Ollama models
2025-10-04 22:53:03 [INFO]:   Available models: deepseek-r1:14b, dimavz/whisper-tiny:latest, gemma3:4b
2025-10-04 22:53:03 [INFO]:   Generating summary...
2025-10-04 22:53:03 [INFO]: Generating with Ollama model: gemma3:4b
2025-10-04 22:53:10 [INFO]: Generation completed
2025-10-04 22:53:10 [INFO]: 
--- SUMMARY ---
Here’s a concise summary of the video transcription:

The video highlights a common frustration – the chaotic use of Apple Notes for storing ideas. The creator developed a system to manage their ideas effectively by:

*   **Creating a structured folder system** within Notes, categorized by topic.
*   **Linking all notes together** with an index for easy access.
*   **Integrating with AI tools (Claude & ChatGPT)**, allowing them to access and update notes from both laptop and phone.

Essentially, the video demonstrates how Apple Notes can be transformed from a disorganized repository into a central hub for managing ideas and collaborating with AI.

2025-10-04 22:53:10 [INFO]:   Extracting key topics...
2025-10-04 22:53:10 [INFO]: Generating with Ollama model: gemma3:4b
2025-10-04 22:53:18 [INFO]: Generation completed
2025-10-04 22:53:18 [INFO]: 
--- KEY TOPICS ---
Here’s a breakdown of the main topics and themes discussed in the video transcription, presented as bullet points:

*   **Apple Notes & Idea Management:** The core issue is the disorganized use of Apple Notes and the problem of losing valuable ideas within it.
*   **AI Integration:** The video focuses heavily on integrating AI tools (ChatGPT and Claude) with Apple Notes.
*   **Systematic Organization:** The speaker’s solution involves creating a structured system within Apple Notes – folders, labels, and indexing – to combat chaos.
*   **Workflow Automation:** Connecting Apple Notes with AI tools to automate content creation and updates (e.g., LinkedIn content guidelines).
*   **Cross-Platform Accessibility:** Utilizing Shortcuts to ensure AI tools can access and update information regardless of the device being used (laptop vs. phone).

Would you like me to elaborate on any of these points or perhaps summarize the overall message of the video?

2025-10-04 22:53:18 [INFO]: 
[5/5] Writing results to CSV...
2025-10-04 22:53:18 [INFO]: Writing Notion-friendly CSV: ./output/transcriptions-notion.csv
2025-10-04 22:53:18 [INFO]: Successfully wrote video to Notion CSV
2025-10-04 22:53:18 [INFO]: ✓ Notion CSV written: ./output/transcriptions-notion.csv
2025-10-04 22:53:18 [INFO]: 
============================================================
2025-10-04 22:53:18 [INFO]: ✓ Pipeline completed successfully
2025-10-04 22:53:18 [INFO]:   Total time: 22.82s
2025-10-04 22:53:18 [INFO]: ============================================================
2025-10-04 22:53:18 [INFO]: ✓ Success
2025-10-04 22:53:18 [INFO]: Waiting 12.0s before next video...
2025-10-04 22:53:30 [INFO]: 
[10/104] Processing: https://www.instagram.com/techtiff.ai/reel/DOPFmafkseU/
2025-10-04 22:53:30 [INFO]: ============================================================
2025-10-04 22:53:30 [INFO]: Instagram Video Transcription Pipeline
2025-10-04 22:53:30 [INFO]: ============================================================
2025-10-04 22:53:30 [INFO]: URL: https://www.instagram.com/techtiff.ai/reel/DOPFmafkseU/
2025-10-04 22:53:30 [INFO]: 
[1/5] Downloading Instagram video...
2025-10-04 22:53:30 [INFO]: Downloading Instagram video with yt-dlp: https://www.instagram.com/techtiff.ai/reel/DOPFmafkseU/
2025-10-04 22:53:30 [INFO]: Output: downloads/videos/DOPFmafkseU.mp4
2025-10-04 22:53:32 [INFO]: ✓ Video downloaded successfully with yt-dlp
2025-10-04 22:53:32 [INFO]: ✓ Video downloaded: downloads/videos/DOPFmafkseU.mp4
2025-10-04 22:53:32 [INFO]: 
[2/5] Extracting audio from video...
2025-10-04 22:53:32 [INFO]: Extracting audio from: downloads/videos/DOPFmafkseU.mp4
2025-10-04 22:53:32 [INFO]: Output audio file: downloads/audio/DOPFmafkseU.wav
2025-10-04 22:53:32 [INFO]: Format: wav, Sample rate: 16000Hz, Channels: 1
2025-10-04 22:53:32 [INFO]: Audio extraction completed successfully
2025-10-04 22:53:32 [INFO]: ✓ Audio extracted: downloads/audio/DOPFmafkseU.wav
2025-10-04 22:53:32 [INFO]:   Duration: 86.03s
2025-10-04 22:53:32 [INFO]:   Sample Rate: 16000Hz
2025-10-04 22:53:32 [INFO]:   Channels: 1
2025-10-04 22:53:32 [INFO]: 
[3/5] Transcribing audio...
2025-10-04 22:53:32 [INFO]: Transcription method: auto
2025-10-04 22:53:32 [INFO]: Using Whisper CLI...
2025-10-04 22:53:32 [INFO]: Transcribing with Whisper CLI: downloads/audio/DOPFmafkseU.wav
2025-10-04 22:53:37 [INFO]: Transcription with timestamps completed
2025-10-04 22:53:37 [INFO]: ✓ Transcription completed
2025-10-04 22:53:37 [INFO]:   Text length: 1378 characters
2025-10-04 22:53:37 [INFO]:   Segments: 31
2025-10-04 22:53:37 [INFO]: 
[4/5] AI Processing with Ollama...
2025-10-04 22:53:37 [INFO]: Found 3 Ollama models
2025-10-04 22:53:37 [INFO]:   Available models: deepseek-r1:14b, dimavz/whisper-tiny:latest, gemma3:4b
2025-10-04 22:53:37 [INFO]:   Generating summary...
2025-10-04 22:53:37 [INFO]: Generating with Ollama model: gemma3:4b
2025-10-04 22:53:44 [INFO]: Generation completed
2025-10-04 22:53:44 [INFO]: 
--- SUMMARY ---
Here’s a concise summary of the video transcription:

The video demonstrates how to effectively utilize ChatGPT as a personal assistant. The key takeaway is to go beyond simply letting ChatGPT read your calendar. Instead, you should instruct it to:

*   **Generate a daily agenda** with your top three priorities and meeting summaries.
*   **Suggest tasks** to tackle during free blocks of time.

To do this, you need to connect ChatGPT to your Google Calendar and adjust notification preferences (push or email). Essentially, you’re giving ChatGPT a specific, actionable job to boost your productivity.

---

Would you like me to elaborate on any specific point or provide a slightly different version of the summary?

2025-10-04 22:53:44 [INFO]:   Extracting key topics...
2025-10-04 22:53:44 [INFO]: Generating with Ollama model: gemma3:4b
2025-10-04 22:53:54 [INFO]: Generation completed
2025-10-04 22:53:54 [INFO]: 
--- KEY TOPICS ---
Here’s a breakdown of the main topics and themes discussed in the video transcription, presented as bullet points:

*   **Utilizing ChatGPT as a Productivity Assistant:** The core theme is about effectively using ChatGPT not just for conversation, but as a tool to manage your schedule and tasks.
*   **Connecting ChatGPT to Google Calendar:** A key step is demonstrated – enabling the connection between ChatGPT and Google Calendar to access and manage your calendar data.
*   **Creating a Daily Agenda:** The video emphasizes the importance of prompting ChatGPT to generate a daily agenda with prioritized tasks.
*   **Task Prioritization:** ChatGPT is used to suggest tasks to focus on during free time slots.
*   **Customization & Editing:** The ability to adjust the agenda and prompts within ChatGPT is highlighted.
*   **Notification Preferences:** Setting up notifications (push or email) for the generated agenda.
*   **Re-evaluating Productivity Tools:** The video subtly encourages users to consider using existing tools (like ChatGPT) before downloading new ones.

Would you like me to elaborate on any of these points, or perhaps summarize a specific aspect of the video?

2025-10-04 22:53:54 [INFO]: 
[5/5] Writing results to CSV...
2025-10-04 22:53:54 [INFO]: Writing Notion-friendly CSV: ./output/transcriptions-notion.csv
2025-10-04 22:53:54 [INFO]: Successfully wrote video to Notion CSV
2025-10-04 22:53:54 [INFO]: ✓ Notion CSV written: ./output/transcriptions-notion.csv
2025-10-04 22:53:54 [INFO]: 
============================================================
2025-10-04 22:53:54 [INFO]: ✓ Pipeline completed successfully
2025-10-04 22:53:54 [INFO]:   Total time: 24.24s
2025-10-04 22:53:54 [INFO]: ============================================================
2025-10-04 22:53:54 [INFO]: ✓ Success
2025-10-04 22:53:54 [INFO]: Waiting 12.0s before next video...
2025-10-04 22:54:06 [INFO]: 
[11/104] Processing: https://www.instagram.com/techtiff.ai/reel/DOKpuSwDrpt/
2025-10-04 22:54:06 [INFO]: ============================================================
2025-10-04 22:54:06 [INFO]: Instagram Video Transcription Pipeline
2025-10-04 22:54:06 [INFO]: ============================================================
2025-10-04 22:54:06 [INFO]: URL: https://www.instagram.com/techtiff.ai/reel/DOKpuSwDrpt/
2025-10-04 22:54:06 [INFO]: 
[1/5] Downloading Instagram video...
2025-10-04 22:54:07 [INFO]: Downloading Instagram video with yt-dlp: https://www.instagram.com/techtiff.ai/reel/DOKpuSwDrpt/
2025-10-04 22:54:07 [INFO]: Output: downloads/videos/DOKpuSwDrpt.mp4
2025-10-04 22:54:08 [INFO]: ✓ Video downloaded successfully with yt-dlp
2025-10-04 22:54:08 [INFO]: ✓ Video downloaded: downloads/videos/DOKpuSwDrpt.mp4
2025-10-04 22:54:08 [INFO]: 
[2/5] Extracting audio from video...
2025-10-04 22:54:08 [INFO]: Extracting audio from: downloads/videos/DOKpuSwDrpt.mp4
2025-10-04 22:54:08 [INFO]: Output audio file: downloads/audio/DOKpuSwDrpt.wav
2025-10-04 22:54:08 [INFO]: Format: wav, Sample rate: 16000Hz, Channels: 1
2025-10-04 22:54:08 [INFO]: Audio extraction completed successfully
2025-10-04 22:54:08 [INFO]: ✓ Audio extracted: downloads/audio/DOKpuSwDrpt.wav
2025-10-04 22:54:08 [INFO]:   Duration: 141.94s
2025-10-04 22:54:08 [INFO]:   Sample Rate: 16000Hz
2025-10-04 22:54:08 [INFO]:   Channels: 1
2025-10-04 22:54:08 [INFO]: 
[3/5] Transcribing audio...
2025-10-04 22:54:08 [INFO]: Transcription method: auto
2025-10-04 22:54:08 [INFO]: Using Whisper CLI...
2025-10-04 22:54:08 [INFO]: Transcribing with Whisper CLI: downloads/audio/DOKpuSwDrpt.wav
2025-10-04 22:54:17 [INFO]: Transcription with timestamps completed
2025-10-04 22:54:17 [INFO]: ✓ Transcription completed
2025-10-04 22:54:17 [INFO]:   Text length: 2226 characters
2025-10-04 22:54:17 [INFO]:   Segments: 23
2025-10-04 22:54:17 [INFO]: 
[4/5] AI Processing with Ollama...
2025-10-04 22:54:17 [INFO]: Found 3 Ollama models
2025-10-04 22:54:17 [INFO]:   Available models: deepseek-r1:14b, dimavz/whisper-tiny:latest, gemma3:4b
2025-10-04 22:54:17 [INFO]:   Generating summary...
2025-10-04 22:54:17 [INFO]: Generating with Ollama model: gemma3:4b
2025-10-04 22:54:27 [INFO]: Generation completed
2025-10-04 22:54:27 [INFO]: 
--- SUMMARY ---
Here’s a concise summary of the video:

This video reveals five brilliant ways to use ChatGPT to significantly improve your content strategy – **none of which involve simply writing captions.** The key is to treat ChatGPT as a strategic partner. Here’s the breakdown:

1.  **Analyze Audience Sentiment:** Use ChatGPT to analyze your existing comments and identify what your audience wants to know more about.
2.  **Repurpose Content:** Transform one blog post into a week’s worth of content.
3.  **Get Honest Feedback:**  Ask ChatGPT to critique your ideas and pinpoint potential flops.
4.  **Identify Missing Elements:**  Use ChatGPT to ensure your content has a clear call to action and aligns with your content pillars.
5.  **Analyze Data:**  Feed ChatGPT your analytics and have it explain the key patterns and numbers.

**The core takeaway is that ChatGPT amplifies *your* vision, not replaces it – a system for strategic content creation can be built without a large team or paid advertising.**

2025-10-04 22:54:27 [INFO]:   Extracting key topics...
2025-10-04 22:54:27 [INFO]: Generating with Ollama model: gemma3:4b
2025-10-04 22:54:38 [INFO]: Generation completed
2025-10-04 22:54:38 [INFO]: 
--- KEY TOPICS ---
Here’s a breakdown of the main topics and themes discussed in the video transcription, presented as bullet points:

*   **Using ChatGPT for Content Creation:** The central theme is how to effectively utilize ChatGPT to improve content strategy and output.
*   **Audience Sentiment Analysis:** Utilizing ChatGPT to analyze audience comments and understand what they want to know.
*   **Content Repurposing:** Maximizing the value of existing content (like blog posts) to create a week’s worth of content.
*   **Idea Validation with ChatGPT:**  Leveraging ChatGPT to critically evaluate content ideas and identify potential failures.
*   **Strategic Content Pillars:**  Using ChatGPT to define and ensure content aligns with clear content pillars and avoid irrelevant topics.
*   **Data-Driven Content Strategy:**  Employing ChatGPT to analyze content analytics and identify key trends and successful patterns.
*   **Systemization over Paid Advertising:** The overall message emphasizes building a content creation system with AI, rather than relying solely on paid advertising.

Would you like me to elaborate on any of these points or perhaps summarize a specific aspect of the video?

2025-10-04 22:54:38 [INFO]: 
[5/5] Writing results to CSV...
2025-10-04 22:54:38 [INFO]: Writing Notion-friendly CSV: ./output/transcriptions-notion.csv
2025-10-04 22:54:38 [INFO]: Successfully wrote video to Notion CSV
2025-10-04 22:54:38 [INFO]: ✓ Notion CSV written: ./output/transcriptions-notion.csv
2025-10-04 22:54:38 [INFO]: 
============================================================
2025-10-04 22:54:38 [INFO]: ✓ Pipeline completed successfully
2025-10-04 22:54:38 [INFO]:   Total time: 31.54s
2025-10-04 22:54:38 [INFO]: ============================================================
2025-10-04 22:54:38 [INFO]: ✓ Success
2025-10-04 22:54:38 [INFO]: Waiting 12.0s before next video...
2025-10-04 22:54:50 [INFO]: 
[12/104] Processing: https://www.instagram.com/techtiff.ai/reel/DOFdlhzjrnI/
2025-10-04 22:54:50 [INFO]: ============================================================
2025-10-04 22:54:50 [INFO]: Instagram Video Transcription Pipeline
2025-10-04 22:54:50 [INFO]: ============================================================
2025-10-04 22:54:50 [INFO]: URL: https://www.instagram.com/techtiff.ai/reel/DOFdlhzjrnI/
2025-10-04 22:54:50 [INFO]: 
[1/5] Downloading Instagram video...
2025-10-04 22:54:50 [INFO]: Downloading Instagram video with yt-dlp: https://www.instagram.com/techtiff.ai/reel/DOFdlhzjrnI/
2025-10-04 22:54:50 [INFO]: Output: downloads/videos/DOFdlhzjrnI.mp4
2025-10-04 22:54:52 [INFO]: ✓ Video downloaded successfully with yt-dlp
2025-10-04 22:54:52 [INFO]: ✓ Video downloaded: downloads/videos/DOFdlhzjrnI.mp4
2025-10-04 22:54:52 [INFO]: 
[2/5] Extracting audio from video...
2025-10-04 22:54:52 [INFO]: Extracting audio from: downloads/videos/DOFdlhzjrnI.mp4
2025-10-04 22:54:52 [INFO]: Output audio file: downloads/audio/DOFdlhzjrnI.wav
2025-10-04 22:54:52 [INFO]: Format: wav, Sample rate: 16000Hz, Channels: 1
2025-10-04 22:54:52 [INFO]: Audio extraction completed successfully
2025-10-04 22:54:52 [INFO]: ✓ Audio extracted: downloads/audio/DOFdlhzjrnI.wav
2025-10-04 22:54:52 [INFO]:   Duration: 118.63s
2025-10-04 22:54:52 [INFO]:   Sample Rate: 16000Hz
2025-10-04 22:54:52 [INFO]:   Channels: 1
2025-10-04 22:54:52 [INFO]: 
[3/5] Transcribing audio...
2025-10-04 22:54:52 [INFO]: Transcription method: auto
2025-10-04 22:54:52 [INFO]: Using Whisper CLI...
2025-10-04 22:54:52 [INFO]: Transcribing with Whisper CLI: downloads/audio/DOFdlhzjrnI.wav
2025-10-04 22:54:59 [INFO]: Transcription with timestamps completed
2025-10-04 22:54:59 [INFO]: ✓ Transcription completed
2025-10-04 22:54:59 [INFO]:   Text length: 1836 characters
2025-10-04 22:54:59 [INFO]:   Segments: 44
2025-10-04 22:54:59 [INFO]: 
[4/5] AI Processing with Ollama...
2025-10-04 22:54:59 [INFO]: Found 3 Ollama models
2025-10-04 22:54:59 [INFO]:   Available models: deepseek-r1:14b, dimavz/whisper-tiny:latest, gemma3:4b
2025-10-04 22:54:59 [INFO]:   Generating summary...
2025-10-04 22:54:59 [INFO]: Generating with Ollama model: gemma3:4b
2025-10-04 22:55:06 [INFO]: Generation completed
2025-10-04 22:55:06 [INFO]: 
--- SUMMARY ---
Here’s a concise summary of the video:

The video highlights a significant security risk with AI browsing tools. When using tools like ChaggyPTs, you’re essentially giving your AI assistant permission to freely browse the web, opening it up to “prompt injection attacks.” Websites can directly instruct your AI to perform unintended actions, potentially compromising your data. To mitigate this, the video recommends three key prompts: 1) Limit the AI’s actions to the original task, 2) Require a full plan approval before complex actions, and 3) Flag and reject any instructions found in web content.  It emphasizes the importance of setting clear boundaries to protect your AI from manipulation.

2025-10-04 22:55:06 [INFO]:   Extracting key topics...
2025-10-04 22:55:06 [INFO]: Generating with Ollama model: gemma3:4b
2025-10-04 22:55:15 [INFO]: Generation completed
2025-10-04 22:55:15 [INFO]: 
--- KEY TOPICS ---
Here’s a breakdown of the main topics and themes discussed in the video transcription, presented as bullet points:

*   **Prompt Injection Attacks:** The core topic is explaining what prompt injection attacks are – how websites can trick AI assistants into performing unintended actions.
*   **AI Assistant Permissions & Web Browsing:** The video highlights the risks of giving AI assistants access to web browsing tools.
*   **AI Assistant Personality & Naivete:** The discussion emphasizes the AI’s tendency to be a “people pleaser” without critical thinking skills.
*   **Setting Boundaries for AI:** The video presents three specific prompts to establish clear boundaries and control for AI assistants.
*   **Security Risks of AI:** The overall theme revolves around the potential security vulnerabilities when using AI tools and the importance of user awareness.

Would you like me to elaborate on any of these points, or perhaps summarize the three prompts mentioned in the video?

2025-10-04 22:55:15 [INFO]: 
[5/5] Writing results to CSV...
2025-10-04 22:55:15 [INFO]: Writing Notion-friendly CSV: ./output/transcriptions-notion.csv
2025-10-04 22:55:15 [INFO]: Successfully wrote video to Notion CSV
2025-10-04 22:55:15 [INFO]: ✓ Notion CSV written: ./output/transcriptions-notion.csv
2025-10-04 22:55:15 [INFO]: 
============================================================
2025-10-04 22:55:15 [INFO]: ✓ Pipeline completed successfully
2025-10-04 22:55:15 [INFO]:   Total time: 25.50s
2025-10-04 22:55:15 [INFO]: ============================================================
2025-10-04 22:55:15 [INFO]: ✓ Success
2025-10-04 22:55:15 [INFO]: Waiting 12.0s before next video...
2025-10-04 22:55:27 [INFO]: 
[13/104] Processing: https://www.instagram.com/techtiff.ai/reel/DOCyc_kkSk_/
2025-10-04 22:55:27 [INFO]: ============================================================
2025-10-04 22:55:27 [INFO]: Instagram Video Transcription Pipeline
2025-10-04 22:55:27 [INFO]: ============================================================
2025-10-04 22:55:27 [INFO]: URL: https://www.instagram.com/techtiff.ai/reel/DOCyc_kkSk_/
2025-10-04 22:55:27 [INFO]: 
[1/5] Downloading Instagram video...
2025-10-04 22:55:28 [INFO]: Downloading Instagram video with yt-dlp: https://www.instagram.com/techtiff.ai/reel/DOCyc_kkSk_/
2025-10-04 22:55:28 [INFO]: Output: downloads/videos/DOCyc_kkSk_.mp4
2025-10-04 22:55:29 [INFO]: ✓ Video downloaded successfully with yt-dlp
2025-10-04 22:55:29 [INFO]: ✓ Video downloaded: downloads/videos/DOCyc_kkSk_.mp4
2025-10-04 22:55:29 [INFO]: 
[2/5] Extracting audio from video...
2025-10-04 22:55:29 [INFO]: Extracting audio from: downloads/videos/DOCyc_kkSk_.mp4
2025-10-04 22:55:29 [INFO]: Output audio file: downloads/audio/DOCyc_kkSk_.wav
2025-10-04 22:55:29 [INFO]: Format: wav, Sample rate: 16000Hz, Channels: 1
2025-10-04 22:55:29 [INFO]: Audio extraction completed successfully
2025-10-04 22:55:29 [INFO]: ✓ Audio extracted: downloads/audio/DOCyc_kkSk_.wav
2025-10-04 22:55:29 [INFO]:   Duration: 102.47s
2025-10-04 22:55:29 [INFO]:   Sample Rate: 16000Hz
2025-10-04 22:55:29 [INFO]:   Channels: 1
2025-10-04 22:55:29 [INFO]: 
[3/5] Transcribing audio...
2025-10-04 22:55:29 [INFO]: Transcription method: auto
2025-10-04 22:55:29 [INFO]: Using Whisper CLI...
2025-10-04 22:55:29 [INFO]: Transcribing with Whisper CLI: downloads/audio/DOCyc_kkSk_.wav
2025-10-04 22:55:36 [INFO]: Transcription with timestamps completed
2025-10-04 22:55:36 [INFO]: ✓ Transcription completed
2025-10-04 22:55:36 [INFO]:   Text length: 1533 characters
2025-10-04 22:55:36 [INFO]:   Segments: 24
2025-10-04 22:55:36 [INFO]: 
[4/5] AI Processing with Ollama...
2025-10-04 22:55:36 [INFO]: Found 3 Ollama models
2025-10-04 22:55:36 [INFO]:   Available models: deepseek-r1:14b, dimavz/whisper-tiny:latest, gemma3:4b
2025-10-04 22:55:36 [INFO]:   Generating summary...
2025-10-04 22:55:36 [INFO]: Generating with Ollama model: gemma3:4b
2025-10-04 22:55:44 [INFO]: Generation completed
2025-10-04 22:55:44 [INFO]: 
--- SUMMARY ---
Here’s a concise summary of the video transcription:

The video explains how to use a feature called “Project Only Memory” in Chad GBT. This feature allows you to create a focused workspace for each task by limiting Chad GBT’s memory to only the information you provide. **Key takeaways:**

*   **Selective Memory:** Chad GBT now remembers only the information you explicitly give it, eliminating irrelevant data from previous conversations.
*   **Manual Activation:** You must manually enable “Project Only Memory” in your settings.
*   **Detailed Instructions:** To maximize effectiveness, provide very specific instructions, referencing key files (brand guides, prompts, etc.) by name.
*   **Isolated Projects:** Each project creates a self-contained workspace, ensuring data stays within that project.

Essentially, the video demonstrates how to give Chad GBT a clear, defined role for each task.

2025-10-04 22:55:44 [INFO]:   Extracting key topics...
2025-10-04 22:55:44 [INFO]: Generating with Ollama model: gemma3:4b
2025-10-04 22:55:55 [INFO]: Generation completed
2025-10-04 22:55:55 [INFO]: 
--- KEY TOPICS ---
Here’s a breakdown of the main topics and themes discussed in the video transcription, presented as bullet points:

*   **Chad GBT’s Selective Memory (“Project Only Memory”):** The core feature being introduced and explained.
*   **Manual Activation:** The necessity of manually turning on “Project Only Memory.”
*   **Irreversible Change:** The inability to undo the activation of the feature.
*   **Building a Dedicated Workspace:** The strategy of creating single-purpose projects within Chad GBT.
*   **Providing Instructions & Context:** The importance of giving clear instructions, rules, and references (brand guides, prompts, examples) to Chad GBT.
*   **Managing Existing Data:** Strategies for incorporating existing chats and files into a new project.
*   **Commitment & Character (Implied):** The somewhat quirky justification given by Chad GBT for the feature’s limitations.

Would you like me to elaborate on any of these points, or perhaps summarize the overall tone of the video?

2025-10-04 22:55:55 [INFO]: 
[5/5] Writing results to CSV...
2025-10-04 22:55:55 [INFO]: Writing Notion-friendly CSV: ./output/transcriptions-notion.csv
2025-10-04 22:55:55 [INFO]: Successfully wrote video to Notion CSV
2025-10-04 22:55:55 [INFO]: ✓ Notion CSV written: ./output/transcriptions-notion.csv
2025-10-04 22:55:55 [INFO]: 
============================================================
2025-10-04 22:55:55 [INFO]: ✓ Pipeline completed successfully
2025-10-04 22:55:55 [INFO]:   Total time: 27.71s
2025-10-04 22:55:55 [INFO]: ============================================================
2025-10-04 22:55:55 [INFO]: ✓ Success
2025-10-04 22:55:55 [INFO]: Waiting 12.0s before next video...
2025-10-04 22:56:07 [INFO]: 
[14/104] Processing: https://www.instagram.com/techtiff.ai/reel/DN4C4mPEkJi/
2025-10-04 22:56:07 [INFO]: ============================================================
2025-10-04 22:56:07 [INFO]: Instagram Video Transcription Pipeline
2025-10-04 22:56:07 [INFO]: ============================================================
2025-10-04 22:56:07 [INFO]: URL: https://www.instagram.com/techtiff.ai/reel/DN4C4mPEkJi/
2025-10-04 22:56:07 [INFO]: 
[1/5] Downloading Instagram video...
2025-10-04 22:56:07 [INFO]: Downloading Instagram video with yt-dlp: https://www.instagram.com/techtiff.ai/reel/DN4C4mPEkJi/
2025-10-04 22:56:07 [INFO]: Output: downloads/videos/DN4C4mPEkJi.mp4
2025-10-04 22:56:09 [INFO]: ✓ Video downloaded successfully with yt-dlp
2025-10-04 22:56:09 [INFO]: ✓ Video downloaded: downloads/videos/DN4C4mPEkJi.mp4
2025-10-04 22:56:09 [INFO]: 
[2/5] Extracting audio from video...
2025-10-04 22:56:09 [INFO]: Extracting audio from: downloads/videos/DN4C4mPEkJi.mp4
2025-10-04 22:56:09 [INFO]: Output audio file: downloads/audio/DN4C4mPEkJi.wav
2025-10-04 22:56:09 [INFO]: Format: wav, Sample rate: 16000Hz, Channels: 1
2025-10-04 22:56:09 [INFO]: Audio extraction completed successfully
2025-10-04 22:56:09 [INFO]: ✓ Audio extracted: downloads/audio/DN4C4mPEkJi.wav
2025-10-04 22:56:09 [INFO]:   Duration: 104.28s
2025-10-04 22:56:09 [INFO]:   Sample Rate: 16000Hz
2025-10-04 22:56:09 [INFO]:   Channels: 1
2025-10-04 22:56:09 [INFO]: 
[3/5] Transcribing audio...
2025-10-04 22:56:09 [INFO]: Transcription method: auto
2025-10-04 22:56:09 [INFO]: Using Whisper CLI...
2025-10-04 22:56:09 [INFO]: Transcribing with Whisper CLI: downloads/audio/DN4C4mPEkJi.wav
2025-10-04 22:56:16 [INFO]: Transcription with timestamps completed
2025-10-04 22:56:16 [INFO]: ✓ Transcription completed
2025-10-04 22:56:16 [INFO]:   Text length: 1759 characters
2025-10-04 22:56:16 [INFO]:   Segments: 33
2025-10-04 22:56:16 [INFO]: 
[4/5] AI Processing with Ollama...
2025-10-04 22:56:16 [INFO]: Found 3 Ollama models
2025-10-04 22:56:16 [INFO]:   Available models: deepseek-r1:14b, dimavz/whisper-tiny:latest, gemma3:4b
2025-10-04 22:56:16 [INFO]:   Generating summary...
2025-10-04 22:56:16 [INFO]: Generating with Ollama model: gemma3:4b
2025-10-04 22:56:23 [INFO]: Generation completed
2025-10-04 22:56:23 [INFO]: 
--- SUMMARY ---
Here’s a concise summary of the video transcription:

The video highlights Claude’s new Chrome extension, which allows it to actively perform tasks like scheduling meetings, organizing files, and providing feedback. However, it’s crucial to understand the significant risk of “prompt injection attacks.” When Claude operates within your browser, it’s vulnerable to malicious instructions hidden within websites. Therefore, users must carefully review Claude’s actions and understand the potential influence of content it encounters. This represents a shift from passive AI usage to a collaborative, and potentially risky, new way of working with AI assistants.

2025-10-04 22:56:23 [INFO]:   Extracting key topics...
2025-10-04 22:56:23 [INFO]: Generating with Ollama model: gemma3:4b
2025-10-04 22:56:34 [INFO]: Generation completed
2025-10-04 22:56:34 [INFO]: 
--- KEY TOPICS ---
Here’s a breakdown of the main topics and themes discussed in the video transcription, presented as bullet points:

*   **Claude’s New Chrome Extension:** The core focus is on the functionality and capabilities of Claude’s newly released Chrome extension.
*   **AI-Powered Productivity:** The video highlights Claude’s ability to assist with tasks like scheduling meetings, sending emails, and organizing files.
*   **Prompt Injection Risks:** A significant theme is the potential security risk of AI interacting with websites, specifically the danger of prompt injection attacks.
*   **User Control & Review:** The importance of users carefully reviewing what Claude is accessing and sending, due to the potential for AI to be influenced by hidden instructions.
*   **Shift in Browser Interaction:** The video emphasizes a change from a passive browser experience to a collaborative one with AI.

Would you like me to elaborate on any of these points, or perhaps summarize a specific aspect of the discussion?

2025-10-04 22:56:34 [INFO]: 
[5/5] Writing results to CSV...
2025-10-04 22:56:34 [INFO]: Writing Notion-friendly CSV: ./output/transcriptions-notion.csv
2025-10-04 22:56:34 [INFO]: Successfully wrote video to Notion CSV
2025-10-04 22:56:34 [INFO]: ✓ Notion CSV written: ./output/transcriptions-notion.csv
2025-10-04 22:56:34 [INFO]: 
============================================================
2025-10-04 22:56:34 [INFO]: ✓ Pipeline completed successfully
2025-10-04 22:56:34 [INFO]:   Total time: 27.31s
2025-10-04 22:56:34 [INFO]: ============================================================
2025-10-04 22:56:34 [INFO]: ✓ Success
2025-10-04 22:56:34 [INFO]: Waiting 12.0s before next video...
2025-10-04 22:56:46 [INFO]: 
[15/104] Processing: https://www.instagram.com/techtiff.ai/reel/DNzou-XXNNV/
2025-10-04 22:56:46 [INFO]: ============================================================
2025-10-04 22:56:46 [INFO]: Instagram Video Transcription Pipeline
2025-10-04 22:56:46 [INFO]: ============================================================
2025-10-04 22:56:46 [INFO]: URL: https://www.instagram.com/techtiff.ai/reel/DNzou-XXNNV/
2025-10-04 22:56:46 [INFO]: 
[1/5] Downloading Instagram video...
2025-10-04 22:56:47 [INFO]: Downloading Instagram video with yt-dlp: https://www.instagram.com/techtiff.ai/reel/DNzou-XXNNV/
2025-10-04 22:56:47 [INFO]: Output: downloads/videos/DNzou-XXNNV.mp4
2025-10-04 22:56:48 [INFO]: ✓ Video downloaded successfully with yt-dlp
2025-10-04 22:56:48 [INFO]: ✓ Video downloaded: downloads/videos/DNzou-XXNNV.mp4
2025-10-04 22:56:48 [INFO]: 
[2/5] Extracting audio from video...
2025-10-04 22:56:48 [INFO]: Extracting audio from: downloads/videos/DNzou-XXNNV.mp4
2025-10-04 22:56:48 [INFO]: Output audio file: downloads/audio/DNzou-XXNNV.wav
2025-10-04 22:56:48 [INFO]: Format: wav, Sample rate: 16000Hz, Channels: 1
2025-10-04 22:56:48 [INFO]: Audio extraction completed successfully
2025-10-04 22:56:48 [INFO]: ✓ Audio extracted: downloads/audio/DNzou-XXNNV.wav
2025-10-04 22:56:48 [INFO]:   Duration: 87.33s
2025-10-04 22:56:48 [INFO]:   Sample Rate: 16000Hz
2025-10-04 22:56:48 [INFO]:   Channels: 1
2025-10-04 22:56:48 [INFO]: 
[3/5] Transcribing audio...
2025-10-04 22:56:48 [INFO]: Transcription method: auto
2025-10-04 22:56:48 [INFO]: Using Whisper CLI...
2025-10-04 22:56:48 [INFO]: Transcribing with Whisper CLI: downloads/audio/DNzou-XXNNV.wav
2025-10-04 22:56:54 [INFO]: Transcription with timestamps completed
2025-10-04 22:56:54 [INFO]: ✓ Transcription completed
2025-10-04 22:56:54 [INFO]:   Text length: 1386 characters
2025-10-04 22:56:54 [INFO]:   Segments: 35
2025-10-04 22:56:54 [INFO]: 
[4/5] AI Processing with Ollama...
2025-10-04 22:56:54 [INFO]: Found 3 Ollama models
2025-10-04 22:56:54 [INFO]:   Available models: deepseek-r1:14b, dimavz/whisper-tiny:latest, gemma3:4b
2025-10-04 22:56:54 [INFO]:   Generating summary...
2025-10-04 22:56:54 [INFO]: Generating with Ollama model: gemma3:4b
2025-10-04 22:57:03 [INFO]: Generation completed
2025-10-04 22:57:03 [INFO]: 
--- SUMMARY ---
Here’s a concise summary of the video transcription:

**Key Takeaway:** GPT-5’s reasoning ability is unlocked *only* when you provide it with context, options, and your own thinking process. Simply asking a vague question will result in a meaningless response.

**Main Points:**

*   **Structure is Key:** GPT-5 needs a framework – options, context, and your reasoning – to actually *reason* and provide a useful response.
*   **Collaboration, Not Just Instruction:** Prompting GPT-5 like this turns it into a collaborative partner, allowing it to challenge your assumptions and offer a strategic analysis.
*   **Stop Outsourcing Thinking:** Don't just ask GPT-5 to “think” for you; instead, guide its reasoning with a structured prompt.

Essentially, the video advocates for a more deliberate and interactive approach to prompting GPT-5 to maximize its potential.

2025-10-04 22:57:03 [INFO]:   Extracting key topics...
2025-10-04 22:57:03 [INFO]: Generating with Ollama model: gemma3:4b
2025-10-04 22:57:13 [INFO]: Generation completed
2025-10-04 22:57:13 [INFO]: 
--- KEY TOPICS ---
Here’s a breakdown of the main topics and themes discussed in the video transcription, presented as bullet points:

*   **Effective Prompting for GPT-5:** The core theme is how to get the best results from GPT-5.
*   **Importance of Context & Structure:** The video emphasizes that GPT-5 needs context, options, and reasoning to function effectively.
*   **Collaboration, Not Just Instruction:** It argues that prompting GPT-5 should be a collaborative process, rather than simply issuing commands.
*   **Strategic Prompting:** The video advocates for structuring prompts to elicit strategic thinking from GPT-5.
*   **Avoiding “Mirroring” Responses:** It highlights the issue of GPT-5 simply reflecting back a lack of input.
*   **Strategic Analysis Output:** The desired output from a well-structured prompt is a detailed analysis with key factors, trade-offs, risks, and a clear recommendation.

Would you like me to elaborate on any of these points?

2025-10-04 22:57:13 [INFO]: 
[5/5] Writing results to CSV...
2025-10-04 22:57:13 [INFO]: Writing Notion-friendly CSV: ./output/transcriptions-notion.csv
2025-10-04 22:57:13 [INFO]: Successfully wrote video to Notion CSV
2025-10-04 22:57:13 [INFO]: ✓ Notion CSV written: ./output/transcriptions-notion.csv
2025-10-04 22:57:13 [INFO]: 
============================================================
2025-10-04 22:57:13 [INFO]: ✓ Pipeline completed successfully
2025-10-04 22:57:13 [INFO]:   Total time: 26.75s
2025-10-04 22:57:13 [INFO]: ============================================================
2025-10-04 22:57:13 [INFO]: ✓ Success
2025-10-04 22:57:13 [INFO]: Waiting 12.0s before next video...
2025-10-04 22:57:25 [INFO]: 
[16/104] Processing: https://www.instagram.com/techtiff.ai/reel/DNuIgOL4hNT/
2025-10-04 22:57:25 [INFO]: ============================================================
2025-10-04 22:57:25 [INFO]: Instagram Video Transcription Pipeline
2025-10-04 22:57:25 [INFO]: ============================================================
2025-10-04 22:57:25 [INFO]: URL: https://www.instagram.com/techtiff.ai/reel/DNuIgOL4hNT/
2025-10-04 22:57:25 [INFO]: 
[1/5] Downloading Instagram video...
2025-10-04 22:57:26 [INFO]: Downloading Instagram video with yt-dlp: https://www.instagram.com/techtiff.ai/reel/DNuIgOL4hNT/
2025-10-04 22:57:26 [INFO]: Output: downloads/videos/DNuIgOL4hNT.mp4
2025-10-04 22:57:27 [INFO]: ✓ Video downloaded successfully with yt-dlp
2025-10-04 22:57:27 [INFO]: ✓ Video downloaded: downloads/videos/DNuIgOL4hNT.mp4
2025-10-04 22:57:27 [INFO]: 
[2/5] Extracting audio from video...
2025-10-04 22:57:27 [INFO]: Extracting audio from: downloads/videos/DNuIgOL4hNT.mp4
2025-10-04 22:57:27 [INFO]: Output audio file: downloads/audio/DNuIgOL4hNT.wav
2025-10-04 22:57:27 [INFO]: Format: wav, Sample rate: 16000Hz, Channels: 1
2025-10-04 22:57:27 [INFO]: Audio extraction completed successfully
2025-10-04 22:57:27 [INFO]: ✓ Audio extracted: downloads/audio/DNuIgOL4hNT.wav
2025-10-04 22:57:27 [INFO]:   Duration: 7.08s
2025-10-04 22:57:27 [INFO]:   Sample Rate: 16000Hz
2025-10-04 22:57:27 [INFO]:   Channels: 1
2025-10-04 22:57:27 [INFO]: 
[3/5] Transcribing audio...
2025-10-04 22:57:27 [INFO]: Transcription method: auto
2025-10-04 22:57:27 [INFO]: Using Whisper CLI...
2025-10-04 22:57:27 [INFO]: Transcribing with Whisper CLI: downloads/audio/DNuIgOL4hNT.wav
2025-10-04 22:57:29 [INFO]: Transcription with timestamps completed
2025-10-04 22:57:29 [INFO]: ✓ Transcription completed
2025-10-04 22:57:29 [INFO]:   Text length: 92 characters
2025-10-04 22:57:29 [INFO]:   Segments: 2
2025-10-04 22:57:29 [INFO]: 
[4/5] AI Processing with Ollama...
2025-10-04 22:57:29 [INFO]: Found 3 Ollama models
2025-10-04 22:57:29 [INFO]:   Available models: deepseek-r1:14b, dimavz/whisper-tiny:latest, gemma3:4b
2025-10-04 22:57:29 [INFO]:   Generating summary...
2025-10-04 22:57:29 [INFO]: Generating with Ollama model: gemma3:4b
2025-10-04 22:57:33 [INFO]: Generation completed
2025-10-04 22:57:33 [INFO]: 
--- SUMMARY ---
This transcription consists of a repeated, nonsensical phrase: "The type of shit I'm only wouldn't understand." 

**Key Takeaway:** There is no substantive content; it’s a stream of unintelligible words. It appears to be a fragment of a song or spoken word piece with no clear meaning.

2025-10-04 22:57:33 [INFO]:   Extracting key topics...
2025-10-04 22:57:33 [INFO]: Generating with Ollama model: gemma3:4b
2025-10-04 22:57:38 [INFO]: Generation completed
2025-10-04 22:57:38 [INFO]: 
--- KEY TOPICS ---
Okay, based on the extremely brief and unusual transcription you provided:

*   **Confusion/Lack of Understanding:** The core theme is a feeling of being bewildered or unable to grasp something.
*   **Frustration/Annoyance:**  The repetition of "The type of shit I'm only wouldn't understand" suggests frustration and a struggle to comprehend.

**Important Note:** This is a *very* limited analysis due to the minimal text.  A full analysis would require the entire video transcript.

2025-10-04 22:57:38 [INFO]: 
[5/5] Writing results to CSV...
2025-10-04 22:57:38 [INFO]: Writing Notion-friendly CSV: ./output/transcriptions-notion.csv
2025-10-04 22:57:38 [INFO]: Successfully wrote video to Notion CSV
2025-10-04 22:57:38 [INFO]: ✓ Notion CSV written: ./output/transcriptions-notion.csv
2025-10-04 22:57:38 [INFO]: 
============================================================
2025-10-04 22:57:38 [INFO]: ✓ Pipeline completed successfully
2025-10-04 22:57:38 [INFO]:   Total time: 13.03s
2025-10-04 22:57:38 [INFO]: ============================================================
2025-10-04 22:57:38 [INFO]: ✓ Success
2025-10-04 22:57:38 [INFO]: Waiting 12.0s before next video...
2025-10-04 22:57:50 [INFO]: 
[17/104] Processing: https://www.instagram.com/techtiff.ai/reel/DNroea74tzy/
2025-10-04 22:57:50 [INFO]: ============================================================
2025-10-04 22:57:50 [INFO]: Instagram Video Transcription Pipeline
2025-10-04 22:57:50 [INFO]: ============================================================
2025-10-04 22:57:50 [INFO]: URL: https://www.instagram.com/techtiff.ai/reel/DNroea74tzy/
2025-10-04 22:57:50 [INFO]: 
[1/5] Downloading Instagram video...
2025-10-04 22:57:51 [INFO]: Downloading Instagram video with yt-dlp: https://www.instagram.com/techtiff.ai/reel/DNroea74tzy/
2025-10-04 22:57:51 [INFO]: Output: downloads/videos/DNroea74tzy.mp4
2025-10-04 22:57:52 [INFO]: ✓ Video downloaded successfully with yt-dlp
2025-10-04 22:57:52 [INFO]: ✓ Video downloaded: downloads/videos/DNroea74tzy.mp4
2025-10-04 22:57:52 [INFO]: 
[2/5] Extracting audio from video...
2025-10-04 22:57:52 [INFO]: Extracting audio from: downloads/videos/DNroea74tzy.mp4
2025-10-04 22:57:52 [INFO]: Output audio file: downloads/audio/DNroea74tzy.wav
2025-10-04 22:57:52 [INFO]: Format: wav, Sample rate: 16000Hz, Channels: 1
2025-10-04 22:57:53 [INFO]: Audio extraction completed successfully
2025-10-04 22:57:53 [INFO]: ✓ Audio extracted: downloads/audio/DNroea74tzy.wav
2025-10-04 22:57:53 [INFO]:   Duration: 74.56s
2025-10-04 22:57:53 [INFO]:   Sample Rate: 16000Hz
2025-10-04 22:57:53 [INFO]:   Channels: 1
2025-10-04 22:57:53 [INFO]: 
[3/5] Transcribing audio...
2025-10-04 22:57:53 [INFO]: Transcription method: auto
2025-10-04 22:57:53 [INFO]: Using Whisper CLI...
2025-10-04 22:57:53 [INFO]: Transcribing with Whisper CLI: downloads/audio/DNroea74tzy.wav
2025-10-04 22:57:59 [INFO]: Transcription with timestamps completed
2025-10-04 22:57:59 [INFO]: ✓ Transcription completed
2025-10-04 22:57:59 [INFO]:   Text length: 1232 characters
2025-10-04 22:57:59 [INFO]:   Segments: 31
2025-10-04 22:57:59 [INFO]: 
[4/5] AI Processing with Ollama...
2025-10-04 22:57:59 [INFO]: Found 3 Ollama models
2025-10-04 22:57:59 [INFO]:   Available models: deepseek-r1:14b, dimavz/whisper-tiny:latest, gemma3:4b
2025-10-04 22:57:59 [INFO]:   Generating summary...
2025-10-04 22:57:59 [INFO]: Generating with Ollama model: gemma3:4b
2025-10-04 22:58:05 [INFO]: Generation completed
2025-10-04 22:58:05 [INFO]: 
--- SUMMARY ---
Here’s a concise summary of the video transcription:

This video highlights a system using Claude AI to proactively manage a business. Claude automatically analyzes the user’s email, calendar, conversations, and notes to generate a weekly business review in Notion. Crucially, it actively searches for missed opportunities within conversations that could be generating revenue. The user set up Claude with a simple Apple Script, demonstrating the ease of using AI for business optimization – without needing any coding knowledge. The key takeaway is that AI can be used to identify and capitalize on overlooked business opportunities.

2025-10-04 22:58:05 [INFO]:   Extracting key topics...
2025-10-04 22:58:05 [INFO]: Generating with Ollama model: gemma3:4b
2025-10-04 22:58:17 [INFO]: Generation completed
2025-10-04 22:58:17 [INFO]: 
--- KEY TOPICS ---
Here’s a breakdown of the main topics and themes discussed in the video transcription, presented as bullet points:

*   **AI-Powered Business Review:** The core topic is the use of Claude (an AI assistant) to conduct a weekly business review.
*   **Automation & Efficiency:** The video highlights how Claude automates a process that would normally take significant time and effort.
*   **Data Aggregation:** Claude gathers information from multiple sources – email, calendar, conversations, and notes – to create a comprehensive overview.
*   **Opportunity Identification:** A key focus is Claude’s ability to identify missed opportunities for profit by analyzing past conversations.
*   **AI Customization & Scripting:** The video emphasizes the ease of setting up the system, particularly the AI’s ability to generate Apple Scripts without any coding from the user.
*   **Listening to Your Business:** The overall theme is about AI acting as a “better listener” to uncover insights and potential revenue streams.

Would you like me to elaborate on any of these points or perhaps summarize a specific aspect of the video?

2025-10-04 22:58:17 [INFO]: 
[5/5] Writing results to CSV...
2025-10-04 22:58:17 [INFO]: Writing Notion-friendly CSV: ./output/transcriptions-notion.csv
2025-10-04 22:58:17 [INFO]: Successfully wrote video to Notion CSV
2025-10-04 22:58:17 [INFO]: ✓ Notion CSV written: ./output/transcriptions-notion.csv
2025-10-04 22:58:17 [INFO]: 
============================================================
2025-10-04 22:58:17 [INFO]: ✓ Pipeline completed successfully
2025-10-04 22:58:17 [INFO]:   Total time: 26.82s
2025-10-04 22:58:17 [INFO]: ============================================================
2025-10-04 22:58:17 [INFO]: ✓ Success
2025-10-04 22:58:17 [INFO]: Waiting 12.0s before next video...
2025-10-04 22:58:29 [INFO]: 
[18/104] Processing: https://www.instagram.com/techtiff.ai/reel/DNmxVMROaix/
2025-10-04 22:58:29 [INFO]: ============================================================
2025-10-04 22:58:29 [INFO]: Instagram Video Transcription Pipeline
2025-10-04 22:58:29 [INFO]: ============================================================
2025-10-04 22:58:29 [INFO]: URL: https://www.instagram.com/techtiff.ai/reel/DNmxVMROaix/
2025-10-04 22:58:29 [INFO]: 
[1/5] Downloading Instagram video...
2025-10-04 22:58:29 [INFO]: Downloading Instagram video with yt-dlp: https://www.instagram.com/techtiff.ai/reel/DNmxVMROaix/
2025-10-04 22:58:29 [INFO]: Output: downloads/videos/DNmxVMROaix.mp4
2025-10-04 22:58:31 [INFO]: ✓ Video downloaded successfully with yt-dlp
2025-10-04 22:58:31 [INFO]: ✓ Video downloaded: downloads/videos/DNmxVMROaix.mp4
2025-10-04 22:58:31 [INFO]: 
[2/5] Extracting audio from video...
2025-10-04 22:58:31 [INFO]: Extracting audio from: downloads/videos/DNmxVMROaix.mp4
2025-10-04 22:58:31 [INFO]: Output audio file: downloads/audio/DNmxVMROaix.wav
2025-10-04 22:58:31 [INFO]: Format: wav, Sample rate: 16000Hz, Channels: 1
2025-10-04 22:58:32 [INFO]: Audio extraction completed successfully
2025-10-04 22:58:32 [INFO]: ✓ Audio extracted: downloads/audio/DNmxVMROaix.wav
2025-10-04 22:58:32 [INFO]:   Duration: 121.37s
2025-10-04 22:58:32 [INFO]:   Sample Rate: 16000Hz
2025-10-04 22:58:32 [INFO]:   Channels: 1
2025-10-04 22:58:32 [INFO]: 
[3/5] Transcribing audio...
2025-10-04 22:58:32 [INFO]: Transcription method: auto
2025-10-04 22:58:32 [INFO]: Using Whisper CLI...
2025-10-04 22:58:32 [INFO]: Transcribing with Whisper CLI: downloads/audio/DNmxVMROaix.wav
2025-10-04 22:58:41 [INFO]: Transcription with timestamps completed
2025-10-04 22:58:41 [INFO]: ✓ Transcription completed
2025-10-04 22:58:41 [INFO]:   Text length: 2087 characters
2025-10-04 22:58:41 [INFO]:   Segments: 50
2025-10-04 22:58:41 [INFO]: 
[4/5] AI Processing with Ollama...
2025-10-04 22:58:41 [INFO]: Found 3 Ollama models
2025-10-04 22:58:41 [INFO]:   Available models: deepseek-r1:14b, dimavz/whisper-tiny:latest, gemma3:4b
2025-10-04 22:58:41 [INFO]:   Generating summary...
2025-10-04 22:58:41 [INFO]: Generating with Ollama model: gemma3:4b
2025-10-04 22:58:49 [INFO]: Generation completed
2025-10-04 22:58:49 [INFO]: 
--- SUMMARY ---
Here’s a concise summary of the video transcription:

The video explains how to give Claude, the AI, a persistent memory system. The key is enabling the Claude desktop application’s file system connector, allowing it to access and store information on your computer.  You then use a specific prompt to instruct Claude to create structured JSON files in your Documents folder, capturing your business context – goals, metrics, and relationships. This creates an “external business brain” that Claude can reference across conversations, providing highly contextual and strategic advice instead of generic responses. Essentially, you’re giving Claude a filing cabinet to operate from.

2025-10-04 22:58:49 [INFO]:   Extracting key topics...
2025-10-04 22:58:49 [INFO]: Generating with Ollama model: gemma3:4b
2025-10-04 22:59:01 [INFO]: Generation completed
2025-10-04 22:59:01 [INFO]: 
--- KEY TOPICS ---
Here’s a breakdown of the main topics and themes discussed in the video transcription, presented as bullet points:

*   **Giving Claude Memory:** The central topic is how to enable Claude to retain information and build a persistent memory.
*   **File System Connector:** The importance and setup of the Claude desktop application’s file system connector for Claude to access and utilize your computer’s files.
*   **Privacy & Access Control:**  The ability to restrict Claude’s access to specific folders on your computer for privacy.
*   **Creating a Persistent Memory System:** The specific prompt and process for instructing Claude to create a structured memory system using JSON files in your Documents folder.
*   **Structured Data & JSON:** The use of structured data files (JSON) to organize and query Claude’s memory.
*   **Contextual Recommendations:** The goal of Claude’s memory system is to provide recommendations based on your specific business context (metrics, relationships, goals).
*   **Claude’s Potential:** The idea that Claude is “underemployed” and can be significantly more valuable with a robust memory system.

Would you like me to elaborate on any of these points or perhaps summarize the overall message of the video?

2025-10-04 22:59:01 [INFO]: 
[5/5] Writing results to CSV...
2025-10-04 22:59:01 [INFO]: Writing Notion-friendly CSV: ./output/transcriptions-notion.csv
2025-10-04 22:59:01 [INFO]: Successfully wrote video to Notion CSV
2025-10-04 22:59:01 [INFO]: ✓ Notion CSV written: ./output/transcriptions-notion.csv
2025-10-04 22:59:01 [INFO]: 
============================================================
2025-10-04 22:59:01 [INFO]: ✓ Pipeline completed successfully
2025-10-04 22:59:01 [INFO]:   Total time: 31.84s
2025-10-04 22:59:01 [INFO]: ============================================================
2025-10-04 22:59:01 [INFO]: ✓ Success
2025-10-04 22:59:01 [INFO]: Waiting 12.0s before next video...
2025-10-04 22:59:13 [INFO]: 
[19/104] Processing: https://www.instagram.com/techtiff.ai/reel/DNkAFQEuWwo/
2025-10-04 22:59:13 [INFO]: ============================================================
2025-10-04 22:59:13 [INFO]: Instagram Video Transcription Pipeline
2025-10-04 22:59:13 [INFO]: ============================================================
2025-10-04 22:59:13 [INFO]: URL: https://www.instagram.com/techtiff.ai/reel/DNkAFQEuWwo/
2025-10-04 22:59:13 [INFO]: 
[1/5] Downloading Instagram video...
2025-10-04 22:59:13 [INFO]: Downloading Instagram video with yt-dlp: https://www.instagram.com/techtiff.ai/reel/DNkAFQEuWwo/
2025-10-04 22:59:13 [INFO]: Output: downloads/videos/DNkAFQEuWwo.mp4
2025-10-04 22:59:15 [INFO]: ✓ Video downloaded successfully with yt-dlp
2025-10-04 22:59:15 [INFO]: ✓ Video downloaded: downloads/videos/DNkAFQEuWwo.mp4
2025-10-04 22:59:15 [INFO]: 
[2/5] Extracting audio from video...
2025-10-04 22:59:15 [INFO]: Extracting audio from: downloads/videos/DNkAFQEuWwo.mp4
2025-10-04 22:59:15 [INFO]: Output audio file: downloads/audio/DNkAFQEuWwo.wav
2025-10-04 22:59:15 [INFO]: Format: wav, Sample rate: 16000Hz, Channels: 1
2025-10-04 22:59:15 [INFO]: Audio extraction completed successfully
2025-10-04 22:59:15 [INFO]: ✓ Audio extracted: downloads/audio/DNkAFQEuWwo.wav
2025-10-04 22:59:15 [INFO]:   Duration: 84.64s
2025-10-04 22:59:15 [INFO]:   Sample Rate: 16000Hz
2025-10-04 22:59:15 [INFO]:   Channels: 1
2025-10-04 22:59:15 [INFO]: 
[3/5] Transcribing audio...
2025-10-04 22:59:15 [INFO]: Transcription method: auto
2025-10-04 22:59:15 [INFO]: Using Whisper CLI...
2025-10-04 22:59:15 [INFO]: Transcribing with Whisper CLI: downloads/audio/DNkAFQEuWwo.wav
2025-10-04 22:59:21 [INFO]: Transcription with timestamps completed
2025-10-04 22:59:21 [INFO]: ✓ Transcription completed
2025-10-04 22:59:21 [INFO]:   Text length: 1348 characters
2025-10-04 22:59:21 [INFO]:   Segments: 23
2025-10-04 22:59:21 [INFO]: 
[4/5] AI Processing with Ollama...
2025-10-04 22:59:21 [INFO]: Found 3 Ollama models
2025-10-04 22:59:21 [INFO]:   Available models: deepseek-r1:14b, dimavz/whisper-tiny:latest, gemma3:4b
2025-10-04 22:59:21 [INFO]:   Generating summary...
2025-10-04 22:59:21 [INFO]: Generating with Ollama model: gemma3:4b
2025-10-04 22:59:28 [INFO]: Generation completed
2025-10-04 22:59:28 [INFO]: 
--- SUMMARY ---
Here’s a concise summary of the video transcription:

The speaker successfully utilized Claude by giving it a dedicated folder and permission to manage its memory. Claude created a highly organized digital workspace – a “memory module” system – encompassing the speaker’s business strategy, content rules, and personal goals. This structured approach allowed Claude to retain and utilize this information without constant reminders, significantly improving their workflow and productivity. The key takeaway is that providing an AI with a defined organizational structure dramatically enhances its ability to remember and contribute to your projects.

2025-10-04 22:59:28 [INFO]:   Extracting key topics...
2025-10-04 22:59:28 [INFO]: Generating with Ollama model: gemma3:4b
2025-10-04 22:59:38 [INFO]: Generation completed
2025-10-04 22:59:38 [INFO]: 
--- KEY TOPICS ---
Here’s a breakdown of the main topics and themes discussed in the video transcription, presented as bullet points:

*   **Using Claude for Memory Management:** The core topic is how the speaker utilizes Claude (likely an AI) to act as a personal memory assistant.
*   **Creating a Structured Filing System for AI:** The speaker details the process of setting up a specific folder structure for Claude, emphasizing the importance of organization.
*   **AI “Memory Modules”:** The concept of Claude creating distinct “memory modules” (business goals, content strategy, etc.) to store information.
*   **Giving AI Agency & Permission:** The idea of granting the AI “permission” to manage information and operate as a company’s memory.
*   **The Benefits of Structure for AI:** The video highlights how providing structure and organization dramatically improves Claude’s ability to retain and utilize information. 
*   **Reducing Reminder Fatigue:** The overall theme is about eliminating the need for constant reminders and streamlining workflow with AI.

Would you like me to elaborate on any of these points, or perhaps summarize the video's key takeaway?

2025-10-04 22:59:38 [INFO]: 
[5/5] Writing results to CSV...
2025-10-04 22:59:39 [INFO]: Writing Notion-friendly CSV: ./output/transcriptions-notion.csv
2025-10-04 22:59:39 [INFO]: Successfully wrote video to Notion CSV
2025-10-04 22:59:39 [INFO]: ✓ Notion CSV written: ./output/transcriptions-notion.csv
2025-10-04 22:59:39 [INFO]: 
============================================================
2025-10-04 22:59:39 [INFO]: ✓ Pipeline completed successfully
2025-10-04 22:59:39 [INFO]:   Total time: 25.62s
2025-10-04 22:59:39 [INFO]: ============================================================
2025-10-04 22:59:39 [INFO]: ✓ Success
2025-10-04 22:59:39 [INFO]: Waiting 12.0s before next video...
2025-10-04 22:59:51 [INFO]: 
[20/104] Processing: https://www.instagram.com/techtiff.ai/reel/DNhSH2Dx7--/
2025-10-04 22:59:51 [INFO]: ============================================================
2025-10-04 22:59:51 [INFO]: Instagram Video Transcription Pipeline
2025-10-04 22:59:51 [INFO]: ============================================================
2025-10-04 22:59:51 [INFO]: URL: https://www.instagram.com/techtiff.ai/reel/DNhSH2Dx7--/
2025-10-04 22:59:51 [INFO]: 
[1/5] Downloading Instagram video...
2025-10-04 22:59:51 [INFO]: Downloading Instagram video with yt-dlp: https://www.instagram.com/techtiff.ai/reel/DNhSH2Dx7--/
2025-10-04 22:59:51 [INFO]: Output: downloads/videos/DNhSH2Dx7--.mp4
2025-10-04 22:59:53 [INFO]: ✓ Video downloaded successfully with yt-dlp
2025-10-04 22:59:53 [INFO]: ✓ Video downloaded: downloads/videos/DNhSH2Dx7--.mp4
2025-10-04 22:59:53 [INFO]: 
[2/5] Extracting audio from video...
2025-10-04 22:59:53 [INFO]: Extracting audio from: downloads/videos/DNhSH2Dx7--.mp4
2025-10-04 22:59:53 [INFO]: Output audio file: downloads/audio/DNhSH2Dx7--.wav
2025-10-04 22:59:53 [INFO]: Format: wav, Sample rate: 16000Hz, Channels: 1
2025-10-04 22:59:53 [INFO]: Audio extraction completed successfully
2025-10-04 22:59:53 [INFO]: ✓ Audio extracted: downloads/audio/DNhSH2Dx7--.wav
2025-10-04 22:59:53 [INFO]:   Duration: 60.81s
2025-10-04 22:59:53 [INFO]:   Sample Rate: 16000Hz
2025-10-04 22:59:53 [INFO]:   Channels: 1
2025-10-04 22:59:53 [INFO]: 
[3/5] Transcribing audio...
2025-10-04 22:59:53 [INFO]: Transcription method: auto
2025-10-04 22:59:53 [INFO]: Using Whisper CLI...
2025-10-04 22:59:53 [INFO]: Transcribing with Whisper CLI: downloads/audio/DNhSH2Dx7--.wav
2025-10-04 22:59:58 [INFO]: Transcription with timestamps completed
2025-10-04 22:59:58 [INFO]: ✓ Transcription completed
2025-10-04 22:59:58 [INFO]:   Text length: 952 characters
2025-10-04 22:59:58 [INFO]:   Segments: 23
2025-10-04 22:59:58 [INFO]: 
[4/5] AI Processing with Ollama...
2025-10-04 22:59:58 [INFO]: Found 3 Ollama models
2025-10-04 22:59:58 [INFO]:   Available models: deepseek-r1:14b, dimavz/whisper-tiny:latest, gemma3:4b
2025-10-04 22:59:58 [INFO]:   Generating summary...
2025-10-04 22:59:58 [INFO]: Generating with Ollama model: gemma3:4b
2025-10-04 23:00:04 [INFO]: Generation completed
2025-10-04 23:00:04 [INFO]: 
--- SUMMARY ---
Here’s a concise summary of the video transcription:

The video highlights the importance of a well-defined job description and connected tools when building custom GPTs. Simply creating a GPT with a personality isn’t enough; it needs to be effectively used to *do* something. The speaker demonstrates this by using a GPT for bookkeeping, seamlessly integrating it with Stripe for invoicing and Notion for record-keeping. **Key takeaway:** A custom GPT’s value depends entirely on the tasks it performs and the external tools it connects to – you need to decide if the GPT sends the invoices or you do it yourself.

2025-10-04 23:00:04 [INFO]:   Extracting key topics...
2025-10-04 23:00:04 [INFO]: Generating with Ollama model: gemma3:4b
2025-10-04 23:00:13 [INFO]: Generation completed
2025-10-04 23:00:13 [INFO]: 
--- KEY TOPICS ---
Here’s a breakdown of the main topics and themes discussed in the video transcription, presented as bullet points:

*   **Custom GPT Functionality & Limitations:** The core discussion centers around the importance of a well-defined job description and access to tools for a custom GPT to be truly useful.
*   **Defining a GPT’s Role:** The video emphasizes the need to clearly specify what the GPT should *do* (e.g., sending invoices, managing bookkeeping).
*   **Integration with Existing Tools:** The video highlights the crucial role of integrating the GPT with other tools (like Stripe and Notion) to automate tasks.
*   **Automation vs. Manual Work:** The video poses the question: “Why exactly did you build it?” – prompting viewers to consider if the GPT is actually taking care of business or just adding a chatbot.
*   **Call to Action:** The video includes a call to action to follow for more tips and join a live workshop on building effective custom GPTs.

Would you like me to elaborate on any of these points or perhaps summarize the overall message of the video?

2025-10-04 23:00:13 [INFO]: 
[5/5] Writing results to CSV...
2025-10-04 23:00:13 [INFO]: Writing Notion-friendly CSV: ./output/transcriptions-notion.csv
2025-10-04 23:00:13 [INFO]: Successfully wrote video to Notion CSV
2025-10-04 23:00:13 [INFO]: ✓ Notion CSV written: ./output/transcriptions-notion.csv
2025-10-04 23:00:13 [INFO]: 
============================================================
2025-10-04 23:00:13 [INFO]: ✓ Pipeline completed successfully
2025-10-04 23:00:13 [INFO]:   Total time: 22.95s
2025-10-04 23:00:13 [INFO]: ============================================================
2025-10-04 23:00:13 [INFO]: ✓ Success
2025-10-04 23:00:13 [INFO]: Waiting 12.0s before next video...
2025-10-04 23:00:25 [INFO]: 
[21/104] Processing: https://www.instagram.com/techtiff.ai/reel/DNUH7I5Su6v/
2025-10-04 23:00:25 [INFO]: ============================================================
2025-10-04 23:00:25 [INFO]: Instagram Video Transcription Pipeline
2025-10-04 23:00:25 [INFO]: ============================================================
2025-10-04 23:00:25 [INFO]: URL: https://www.instagram.com/techtiff.ai/reel/DNUH7I5Su6v/
2025-10-04 23:00:25 [INFO]: 
[1/5] Downloading Instagram video...
2025-10-04 23:00:26 [INFO]: Downloading Instagram video with yt-dlp: https://www.instagram.com/techtiff.ai/reel/DNUH7I5Su6v/
2025-10-04 23:00:26 [INFO]: Output: downloads/videos/DNUH7I5Su6v.mp4
2025-10-04 23:00:28 [INFO]: ✓ Video downloaded successfully with yt-dlp
2025-10-04 23:00:28 [INFO]: ✓ Video downloaded: downloads/videos/DNUH7I5Su6v.mp4
2025-10-04 23:00:28 [INFO]: 
[2/5] Extracting audio from video...
2025-10-04 23:00:28 [INFO]: Extracting audio from: downloads/videos/DNUH7I5Su6v.mp4
2025-10-04 23:00:28 [INFO]: Output audio file: downloads/audio/DNUH7I5Su6v.wav
2025-10-04 23:00:28 [INFO]: Format: wav, Sample rate: 16000Hz, Channels: 1
2025-10-04 23:00:29 [INFO]: Audio extraction completed successfully
2025-10-04 23:00:29 [INFO]: ✓ Audio extracted: downloads/audio/DNUH7I5Su6v.wav
2025-10-04 23:00:29 [INFO]:   Duration: 105.86s
2025-10-04 23:00:29 [INFO]:   Sample Rate: 16000Hz
2025-10-04 23:00:29 [INFO]:   Channels: 1
2025-10-04 23:00:29 [INFO]: 
[3/5] Transcribing audio...
2025-10-04 23:00:29 [INFO]: Transcription method: auto
2025-10-04 23:00:29 [INFO]: Using Whisper CLI...
2025-10-04 23:00:29 [INFO]: Transcribing with Whisper CLI: downloads/audio/DNUH7I5Su6v.wav
2025-10-04 23:00:36 [INFO]: Transcription with timestamps completed
2025-10-04 23:00:36 [INFO]: ✓ Transcription completed
2025-10-04 23:00:36 [INFO]:   Text length: 1841 characters
2025-10-04 23:00:36 [INFO]:   Segments: 21
2025-10-04 23:00:36 [INFO]: 
[4/5] AI Processing with Ollama...
2025-10-04 23:00:36 [INFO]: Found 3 Ollama models
2025-10-04 23:00:36 [INFO]:   Available models: deepseek-r1:14b, dimavz/whisper-tiny:latest, gemma3:4b
2025-10-04 23:00:36 [INFO]:   Generating summary...
2025-10-04 23:00:36 [INFO]: Generating with Ollama model: gemma3:4b
2025-10-04 23:00:44 [INFO]: Generation completed
2025-10-04 23:00:44 [INFO]: 
--- SUMMARY ---
Here’s a concise summary of the video:

This video introduces Claude, an AI assistant designed to boost productivity. Key takeaways include:

*   **Memory Recall:** Claude remembers past conversations, eliminating the need for constant context repetition.
*   **Custom Writing Styles:** Claude can generate content – like social media captions – in your unique voice.
*   **File Management (MCP):** Claude can directly manipulate your files, organizing them for you.
*   **Unified Task Management:** Claude can connect and analyze data from Gmail, calendar, and drive with a single prompt, streamlining workflows.

Essentially, Claude aims to automate tedious tasks and provide intelligent assistance across various digital platforms.

2025-10-04 23:00:44 [INFO]:   Extracting key topics...
2025-10-04 23:00:44 [INFO]: Generating with Ollama model: gemma3:4b
2025-10-04 23:00:54 [INFO]: Generation completed
2025-10-04 23:00:54 [INFO]: 
--- KEY TOPICS ---
Here’s a breakdown of the main topics and themes discussed in the video transcription, presented as bullet points:

*   **Introducing Claude:** The video introduces Claude as an AI assistant designed to be a highly effective and personalized helper.
*   **One Conversation Memory:** Claude’s ability to retain and recall past conversations and details.
*   **Custom Writing Styles:** Claude’s capacity to adapt its writing style to different contexts (e.g., TikTok captions vs. client emails).
*   **MCP (Multi-Control Panel):** Claude’s ability to directly interact with files – renaming, sorting, and organizing them.
*   **Unified Task Automation:** Claude’s capability to connect and utilize data from multiple sources (Gmail, Calendar, Drive) to streamline workflows.
*   **Time Savings & Productivity:** The overall theme is about leveraging AI to save time and increase productivity by automating tasks.

Would you like me to elaborate on any of these points or perhaps summarize a specific aspect of the video?

2025-10-04 23:00:54 [INFO]: 
[5/5] Writing results to CSV...
2025-10-04 23:00:54 [INFO]: Writing Notion-friendly CSV: ./output/transcriptions-notion.csv
2025-10-04 23:00:54 [INFO]: Successfully wrote video to Notion CSV
2025-10-04 23:00:54 [INFO]: ✓ Notion CSV written: ./output/transcriptions-notion.csv
2025-10-04 23:00:54 [INFO]: 
============================================================
2025-10-04 23:00:54 [INFO]: ✓ Pipeline completed successfully
2025-10-04 23:00:54 [INFO]:   Total time: 28.33s
2025-10-04 23:00:54 [INFO]: ============================================================
2025-10-04 23:00:54 [INFO]: ✓ Success
2025-10-04 23:00:54 [INFO]: Waiting 12.0s before next video...
2025-10-04 23:01:06 [INFO]: 
[22/104] Processing: https://www.instagram.com/techtiff.ai/reel/DNJn6ZES1gF/
2025-10-04 23:01:06 [INFO]: ============================================================
2025-10-04 23:01:06 [INFO]: Instagram Video Transcription Pipeline
2025-10-04 23:01:06 [INFO]: ============================================================
2025-10-04 23:01:06 [INFO]: URL: https://www.instagram.com/techtiff.ai/reel/DNJn6ZES1gF/
2025-10-04 23:01:06 [INFO]: 
[1/5] Downloading Instagram video...
2025-10-04 23:01:07 [INFO]: Downloading Instagram video with yt-dlp: https://www.instagram.com/techtiff.ai/reel/DNJn6ZES1gF/
2025-10-04 23:01:07 [INFO]: Output: downloads/videos/DNJn6ZES1gF.mp4
2025-10-04 23:01:09 [INFO]: ✓ Video downloaded successfully with yt-dlp
2025-10-04 23:01:09 [INFO]: ✓ Video downloaded: downloads/videos/DNJn6ZES1gF.mp4
2025-10-04 23:01:09 [INFO]: 
[2/5] Extracting audio from video...
2025-10-04 23:01:10 [INFO]: Extracting audio from: downloads/videos/DNJn6ZES1gF.mp4
2025-10-04 23:01:10 [INFO]: Output audio file: downloads/audio/DNJn6ZES1gF.wav
2025-10-04 23:01:10 [INFO]: Format: wav, Sample rate: 16000Hz, Channels: 1
2025-10-04 23:01:10 [INFO]: Audio extraction completed successfully
2025-10-04 23:01:10 [INFO]: ✓ Audio extracted: downloads/audio/DNJn6ZES1gF.wav
2025-10-04 23:01:10 [INFO]:   Duration: 67.04s
2025-10-04 23:01:10 [INFO]:   Sample Rate: 16000Hz
2025-10-04 23:01:10 [INFO]:   Channels: 1
2025-10-04 23:01:10 [INFO]: 
[3/5] Transcribing audio...
2025-10-04 23:01:10 [INFO]: Transcription method: auto
2025-10-04 23:01:10 [INFO]: Using Whisper CLI...
2025-10-04 23:01:10 [INFO]: Transcribing with Whisper CLI: downloads/audio/DNJn6ZES1gF.wav
2025-10-04 23:01:23 [INFO]: Transcription with timestamps completed
2025-10-04 23:01:23 [INFO]: ✓ Transcription completed
2025-10-04 23:01:23 [INFO]:   Text length: 1021 characters
2025-10-04 23:01:23 [INFO]:   Segments: 17
2025-10-04 23:01:23 [INFO]: 
[4/5] AI Processing with Ollama...
2025-10-04 23:01:23 [INFO]: Found 3 Ollama models
2025-10-04 23:01:23 [INFO]:   Available models: deepseek-r1:14b, dimavz/whisper-tiny:latest, gemma3:4b
2025-10-04 23:01:23 [INFO]:   Generating summary...
2025-10-04 23:01:23 [INFO]: Generating with Ollama model: gemma3:4b
2025-10-04 23:01:34 [INFO]: Generation completed
2025-10-04 23:01:34 [INFO]: 
--- SUMMARY ---
Here’s a concise summary of the video transcription:

ChatGPT’s “personality” setting isn’t just about style; it directly impacts the AI’s responses – including their tone, depth, and even their level of detail. The video demonstrates how to customize ChatGPT’s personality to five distinct profiles: **Cheerful & Adaptive** (like an enthusiastic assistant), **Cynic** (for critical feedback), **Robot** (precise and efficient), **Listener** (thoughtful and supportive), and **Nerd** (curious and informative). The key takeaway is that you can tailor ChatGPT’s persona to suit your needs and avoid a bland, default experience.

2025-10-04 23:01:34 [INFO]:   Extracting key topics...
2025-10-04 23:01:34 [INFO]: Generating with Ollama model: gemma3:4b
2025-10-04 23:01:49 [INFO]: Generation completed
2025-10-04 23:01:49 [INFO]: 
--- KEY TOPICS ---
Here’s a breakdown of the main topics and themes discussed in the video transcription, presented as bullet points:

*   **ChatGPT Personalization:** The core topic is how to customize ChatGPT’s “personality” settings.
*   **Personality Settings:** Specifically, the different pre-set personalities available (cheerful, cynic, robot, listener, nerd).
*   **Impact of Personality on Responses:** The video emphasizes that personality settings affect the *type* of answers ChatGPT provides – influencing traits, voice, and conciseness.
*   **Training/Upgrading AI:** The concept of “training” or upgrading the AI by selecting a desired personality.
*   **Avoiding Default Mode:** A call to action to move beyond the AI’s default settings and engage with it in a more tailored way.

Would you like me to elaborate on any of these points or perhaps summarize the video’s overall message?

2025-10-04 23:01:49 [INFO]: 
[5/5] Writing results to CSV...
2025-10-04 23:01:49 [INFO]: Writing Notion-friendly CSV: ./output/transcriptions-notion.csv
2025-10-04 23:01:49 [INFO]: Successfully wrote video to Notion CSV
2025-10-04 23:01:49 [INFO]: ✓ Notion CSV written: ./output/transcriptions-notion.csv
2025-10-04 23:01:49 [INFO]: 
============================================================
2025-10-04 23:01:49 [INFO]: ✓ Pipeline completed successfully
2025-10-04 23:01:49 [INFO]:   Total time: 43.21s
2025-10-04 23:01:49 [INFO]: ============================================================
2025-10-04 23:01:49 [INFO]: ✓ Success
2025-10-04 23:01:49 [INFO]: Waiting 12.0s before next video...
2025-10-04 23:02:01 [INFO]: 
[23/104] Processing: https://www.instagram.com/techtiff.ai/reel/DNE-onAxtgn/
2025-10-04 23:02:01 [INFO]: ============================================================
2025-10-04 23:02:01 [INFO]: Instagram Video Transcription Pipeline
2025-10-04 23:02:01 [INFO]: ============================================================
2025-10-04 23:02:01 [INFO]: URL: https://www.instagram.com/techtiff.ai/reel/DNE-onAxtgn/
2025-10-04 23:02:01 [INFO]: 
[1/5] Downloading Instagram video...
2025-10-04 23:02:03 [INFO]: Downloading Instagram video with yt-dlp: https://www.instagram.com/techtiff.ai/reel/DNE-onAxtgn/
2025-10-04 23:02:03 [INFO]: Output: downloads/videos/DNE-onAxtgn.mp4
2025-10-04 23:02:05 [INFO]: ✓ Video downloaded successfully with yt-dlp
2025-10-04 23:02:05 [INFO]: ✓ Video downloaded: downloads/videos/DNE-onAxtgn.mp4
2025-10-04 23:02:05 [INFO]: 
[2/5] Extracting audio from video...
2025-10-04 23:02:05 [INFO]: Extracting audio from: downloads/videos/DNE-onAxtgn.mp4
2025-10-04 23:02:05 [INFO]: Output audio file: downloads/audio/DNE-onAxtgn.wav
2025-10-04 23:02:05 [INFO]: Format: wav, Sample rate: 16000Hz, Channels: 1
2025-10-04 23:02:06 [INFO]: Audio extraction completed successfully
2025-10-04 23:02:06 [INFO]: ✓ Audio extracted: downloads/audio/DNE-onAxtgn.wav
2025-10-04 23:02:06 [INFO]:   Duration: 83.48s
2025-10-04 23:02:06 [INFO]:   Sample Rate: 16000Hz
2025-10-04 23:02:06 [INFO]:   Channels: 1
2025-10-04 23:02:06 [INFO]: 
[3/5] Transcribing audio...
2025-10-04 23:02:06 [INFO]: Transcription method: auto
2025-10-04 23:02:06 [INFO]: Using Whisper CLI...
2025-10-04 23:02:06 [INFO]: Transcribing with Whisper CLI: downloads/audio/DNE-onAxtgn.wav
2025-10-04 23:02:34 [INFO]: Transcription with timestamps completed
2025-10-04 23:02:34 [INFO]: ✓ Transcription completed
2025-10-04 23:02:34 [INFO]:   Text length: 1339 characters
2025-10-04 23:02:34 [INFO]:   Segments: 32
2025-10-04 23:02:34 [INFO]: 
[4/5] AI Processing with Ollama...
2025-10-04 23:02:34 [INFO]: Found 3 Ollama models
2025-10-04 23:02:34 [INFO]:   Available models: deepseek-r1:14b, dimavz/whisper-tiny:latest, gemma3:4b
2025-10-04 23:02:34 [INFO]:   Generating summary...
2025-10-04 23:02:34 [INFO]: Generating with Ollama model: gemma3:4b
2025-10-04 23:02:51 [INFO]: Generation completed
2025-10-04 23:02:51 [INFO]: 
--- SUMMARY ---
Here’s a concise summary of the video transcription:

GPT-5 is a significant upgrade with enhanced reasoning and planning capabilities. To unlock its full potential, users should:

1.  **Trigger Deeper Reasoning:** Prompt with complex, multi-step problems to activate its strategic thinking mode.
2.  **Let it Auto-Chain:**  Give it multi-step tasks like researching and drafting content, allowing it to handle the entire process.
3.  **Request Confidence & Context:**  Ask for a confidence rating and explanation to identify potential gaps or risks in its responses.

Essentially, the video emphasizes prompting GPT-5 in a way that encourages it to think, plan, and proactively address potential issues.

2025-10-04 23:02:51 [INFO]:   Extracting key topics...
2025-10-04 23:02:51 [INFO]: Generating with Ollama model: gemma3:4b
2025-10-04 23:03:10 [INFO]: Generation completed
2025-10-04 23:03:10 [INFO]: 
--- KEY TOPICS ---
Here’s a breakdown of the main topics and themes discussed in the video transcription, presented as bullet points:

*   **GPT-5 Introduction:** The core topic is the release of GPT-5 and its significant advancements.
*   **Enhanced Reasoning Capabilities:** A key theme is GPT-5’s improved ability for deeper, more strategic reasoning.
*   **Prompting Techniques:** The video focuses on specific techniques to unlock GPT-5’s full potential through prompting.
*   **Auto-Chaining:** Utilizing GPT-5’s ability to plan and execute tasks sequentially.
*   **Requesting Confidence & Context:**  The importance of prompting GPT-5 to assess its own confidence and provide explanations for its answers.
*   **Maximizing AI Productivity:** The overall message is about how to effectively utilize GPT-5 to achieve greater results.

Would you like me to elaborate on any of these points, or perhaps summarize the video’s overall message?

2025-10-04 23:03:10 [INFO]: 
[5/5] Writing results to CSV...
2025-10-04 23:03:10 [INFO]: Writing Notion-friendly CSV: ./output/transcriptions-notion.csv
2025-10-04 23:03:10 [INFO]: Successfully wrote video to Notion CSV
2025-10-04 23:03:10 [INFO]: ✓ Notion CSV written: ./output/transcriptions-notion.csv
2025-10-04 23:03:10 [INFO]: 
============================================================
2025-10-04 23:03:10 [INFO]: ✓ Pipeline completed successfully
2025-10-04 23:03:10 [INFO]:   Total time: 68.98s
2025-10-04 23:03:10 [INFO]: ============================================================
2025-10-04 23:03:10 [INFO]: ✓ Success
2025-10-04 23:03:10 [INFO]: Waiting 12.0s before next video...
2025-10-04 23:03:22 [INFO]: 
[24/104] Processing: https://www.instagram.com/techtiff.ai/reel/DNEUrfVTwLZ/
2025-10-04 23:03:22 [INFO]: ============================================================
2025-10-04 23:03:22 [INFO]: Instagram Video Transcription Pipeline
2025-10-04 23:03:22 [INFO]: ============================================================
2025-10-04 23:03:22 [INFO]: URL: https://www.instagram.com/techtiff.ai/reel/DNEUrfVTwLZ/
2025-10-04 23:03:22 [INFO]: 
[1/5] Downloading Instagram video...
2025-10-04 23:03:23 [INFO]: Downloading Instagram video with yt-dlp: https://www.instagram.com/techtiff.ai/reel/DNEUrfVTwLZ/
2025-10-04 23:03:23 [INFO]: Output: downloads/videos/DNEUrfVTwLZ.mp4
2025-10-04 23:03:25 [INFO]: ✓ Video downloaded successfully with yt-dlp
2025-10-04 23:03:25 [INFO]: ✓ Video downloaded: downloads/videos/DNEUrfVTwLZ.mp4
2025-10-04 23:03:25 [INFO]: 
[2/5] Extracting audio from video...
2025-10-04 23:03:25 [INFO]: Extracting audio from: downloads/videos/DNEUrfVTwLZ.mp4
2025-10-04 23:03:25 [INFO]: Output audio file: downloads/audio/DNEUrfVTwLZ.wav
2025-10-04 23:03:25 [INFO]: Format: wav, Sample rate: 16000Hz, Channels: 1
2025-10-04 23:03:26 [INFO]: Audio extraction completed successfully
2025-10-04 23:03:26 [INFO]: ✓ Audio extracted: downloads/audio/DNEUrfVTwLZ.wav
2025-10-04 23:03:26 [INFO]:   Duration: 5.46s
2025-10-04 23:03:26 [INFO]:   Sample Rate: 16000Hz
2025-10-04 23:03:26 [INFO]:   Channels: 1
2025-10-04 23:03:26 [INFO]: 
[3/5] Transcribing audio...
2025-10-04 23:03:26 [INFO]: Transcription method: auto
2025-10-04 23:03:26 [INFO]: Using Whisper CLI...
2025-10-04 23:03:26 [INFO]: Transcribing with Whisper CLI: downloads/audio/DNEUrfVTwLZ.wav
2025-10-04 23:03:30 [INFO]: Transcription with timestamps completed
2025-10-04 23:03:30 [INFO]: ✓ Transcription completed
2025-10-04 23:03:30 [INFO]:   Text length: 95 characters
2025-10-04 23:03:30 [INFO]:   Segments: 1
2025-10-04 23:03:30 [INFO]: 
[4/5] AI Processing with Ollama...
2025-10-04 23:03:30 [INFO]: Found 3 Ollama models
2025-10-04 23:03:30 [INFO]:   Available models: deepseek-r1:14b, dimavz/whisper-tiny:latest, gemma3:4b
2025-10-04 23:03:30 [INFO]:   Generating summary...
2025-10-04 23:03:30 [INFO]: Generating with Ollama model: gemma3:4b
2025-10-04 23:03:40 [INFO]: Generation completed
2025-10-04 23:03:40 [INFO]: 
--- SUMMARY ---
Here’s a concise summary of the transcription:

The speaker is simply stating they wanted to share a cute appearance with viewers, offering no specific message or content beyond that. **Key takeaway: The speaker’s intention was purely for self-expression and showcasing a cute image.** 

---

Would you like me to summarize a different transcription?

2025-10-04 23:03:40 [INFO]:   Extracting key topics...
2025-10-04 23:03:40 [INFO]: Generating with Ollama model: gemma3:4b
2025-10-04 23:03:53 [INFO]: Generation completed
2025-10-04 23:03:53 [INFO]: 
--- KEY TOPICS ---
Okay, based on the very short transcription provided:

*   **Self-Presentation/Identity:** The speaker is focused on presenting a cute image of themselves.
*   **Performance/Attention-Seeking:** The statement “I just look cute and wanted y’all to see it” suggests a deliberate act of performing for an audience.
*   **Social Media/Online Culture:** The phrasing ("y'all to see it") strongly implies a context of online sharing and engagement.

Would you like me to analyze a longer transcription?

2025-10-04 23:03:53 [INFO]: 
[5/5] Writing results to CSV...
2025-10-04 23:03:53 [INFO]: Writing Notion-friendly CSV: ./output/transcriptions-notion.csv
2025-10-04 23:03:53 [INFO]: Successfully wrote video to Notion CSV
2025-10-04 23:03:53 [INFO]: ✓ Notion CSV written: ./output/transcriptions-notion.csv
2025-10-04 23:03:53 [INFO]: 
============================================================
2025-10-04 23:03:53 [INFO]: ✓ Pipeline completed successfully
2025-10-04 23:03:53 [INFO]:   Total time: 31.07s
2025-10-04 23:03:53 [INFO]: ============================================================
2025-10-04 23:03:53 [INFO]: ✓ Success
2025-10-04 23:03:53 [INFO]: Waiting 12.0s before next video...
2025-10-04 23:04:05 [INFO]: 
[25/104] Processing: https://www.instagram.com/techtiff.ai/reel/DNBB6SyxHhD/
2025-10-04 23:04:05 [INFO]: ============================================================
2025-10-04 23:04:05 [INFO]: Instagram Video Transcription Pipeline
2025-10-04 23:04:05 [INFO]: ============================================================
2025-10-04 23:04:05 [INFO]: URL: https://www.instagram.com/techtiff.ai/reel/DNBB6SyxHhD/
2025-10-04 23:04:05 [INFO]: 
[1/5] Downloading Instagram video...
2025-10-04 23:04:05 [INFO]: Downloading Instagram video with yt-dlp: https://www.instagram.com/techtiff.ai/reel/DNBB6SyxHhD/
2025-10-04 23:04:05 [INFO]: Output: downloads/videos/DNBB6SyxHhD.mp4
2025-10-04 23:04:07 [INFO]: ✓ Video downloaded successfully with yt-dlp
2025-10-04 23:04:07 [INFO]: ✓ Video downloaded: downloads/videos/DNBB6SyxHhD.mp4
2025-10-04 23:04:07 [INFO]: 
[2/5] Extracting audio from video...
2025-10-04 23:04:07 [INFO]: Extracting audio from: downloads/videos/DNBB6SyxHhD.mp4
2025-10-04 23:04:07 [INFO]: Output audio file: downloads/audio/DNBB6SyxHhD.wav
2025-10-04 23:04:07 [INFO]: Format: wav, Sample rate: 16000Hz, Channels: 1
2025-10-04 23:04:08 [INFO]: Audio extraction completed successfully
2025-10-04 23:04:08 [INFO]: ✓ Audio extracted: downloads/audio/DNBB6SyxHhD.wav
2025-10-04 23:04:08 [INFO]:   Duration: 69.55s
2025-10-04 23:04:08 [INFO]:   Sample Rate: 16000Hz
2025-10-04 23:04:08 [INFO]:   Channels: 1
2025-10-04 23:04:08 [INFO]: 
[3/5] Transcribing audio...
2025-10-04 23:04:08 [INFO]: Transcription method: auto
2025-10-04 23:04:08 [INFO]: Using Whisper CLI...
2025-10-04 23:04:08 [INFO]: Transcribing with Whisper CLI: downloads/audio/DNBB6SyxHhD.wav
2025-10-04 23:04:13 [INFO]: Transcription with timestamps completed
2025-10-04 23:04:13 [INFO]: ✓ Transcription completed
2025-10-04 23:04:13 [INFO]:   Text length: 1075 characters
2025-10-04 23:04:13 [INFO]:   Segments: 24
2025-10-04 23:04:13 [INFO]: 
[4/5] AI Processing with Ollama...
2025-10-04 23:04:13 [INFO]: Found 3 Ollama models
2025-10-04 23:04:13 [INFO]:   Available models: deepseek-r1:14b, dimavz/whisper-tiny:latest, gemma3:4b
2025-10-04 23:04:13 [INFO]:   Generating summary...
2025-10-04 23:04:13 [INFO]: Generating with Ollama model: gemma3:4b
2025-10-04 23:04:22 [INFO]: Generation completed
2025-10-04 23:04:22 [INFO]: 
--- SUMMARY ---
Here’s a concise summary of the video transcription:

The video argues against relying solely on individual AI apps to fix workflow problems. Instead, the key takeaway is to utilize AI agents – essentially, AI sidekicks – that can actually *do* the work. Specifically, the speaker demonstrates using ChatGPT’s agent mode to automate email organization, achieving “inbox zero” with minimal human intervention. The core message is to shift from chasing individual AI solutions to leveraging AI’s automation capabilities through strategic agent prompts.

2025-10-04 23:04:22 [INFO]:   Extracting key topics...
2025-10-04 23:04:22 [INFO]: Generating with Ollama model: gemma3:4b
2025-10-04 23:04:40 [INFO]: Generation completed
2025-10-04 23:04:40 [INFO]: 
--- KEY TOPICS ---
Here’s a breakdown of the main topics and themes discussed in the video transcription, presented as bullet points:

*   **Over-Reliance on AI Apps:** The video critiques the trend of downloading numerous AI apps without a strategic approach.
*   **Effective Prompting:** It emphasizes the importance of well-crafted prompts to get the most out of AI tools.
*   **AI Agents as Assistants:** The core concept is using AI “agents” – specifically, AI tools acting as assistants – to manage tasks.
*   **Automation of Repetitive Tasks:** The video highlights the benefit of AI agents automating time-consuming processes (like email management).
*   **Inbox Zero & Efficiency:** The goal is to achieve “Inbox Zero” and streamline workflows.
*   **Delegation to AI:** The idea of handing over tasks to AI, rather than manually performing them.
*   **Critique of Manual Processes:** The video contrasts the inefficiency of manual email management (“Inbox Tetris”) with the potential of AI automation.

Would you like me to elaborate on any of these points or perhaps summarize a specific aspect of the video?

2025-10-04 23:04:40 [INFO]: 
[5/5] Writing results to CSV...
2025-10-04 23:04:40 [INFO]: Writing Notion-friendly CSV: ./output/transcriptions-notion.csv
2025-10-04 23:04:40 [INFO]: Successfully wrote video to Notion CSV
2025-10-04 23:04:40 [INFO]: ✓ Notion CSV written: ./output/transcriptions-notion.csv
2025-10-04 23:04:40 [INFO]: 
============================================================
2025-10-04 23:04:40 [INFO]: ✓ Pipeline completed successfully
2025-10-04 23:04:40 [INFO]:   Total time: 34.53s
2025-10-04 23:04:40 [INFO]: ============================================================
2025-10-04 23:04:40 [INFO]: ✓ Success
2025-10-04 23:04:40 [INFO]: Waiting 12.0s before next video...
2025-10-04 23:04:52 [INFO]: 
[26/104] Processing: https://www.instagram.com/techtiff.ai/reel/DM_NxHgTLsH/
2025-10-04 23:04:52 [INFO]: ============================================================
2025-10-04 23:04:52 [INFO]: Instagram Video Transcription Pipeline
2025-10-04 23:04:52 [INFO]: ============================================================
2025-10-04 23:04:52 [INFO]: URL: https://www.instagram.com/techtiff.ai/reel/DM_NxHgTLsH/
2025-10-04 23:04:52 [INFO]: 
[1/5] Downloading Instagram video...
2025-10-04 23:04:52 [INFO]: Downloading Instagram video with yt-dlp: https://www.instagram.com/techtiff.ai/reel/DM_NxHgTLsH/
2025-10-04 23:04:52 [INFO]: Output: downloads/videos/DM_NxHgTLsH.mp4
2025-10-04 23:04:54 [INFO]: ✓ Video downloaded successfully with yt-dlp
2025-10-04 23:04:54 [INFO]: ✓ Video downloaded: downloads/videos/DM_NxHgTLsH.mp4
2025-10-04 23:04:54 [INFO]: 
[2/5] Extracting audio from video...
2025-10-04 23:04:55 [INFO]: Extracting audio from: downloads/videos/DM_NxHgTLsH.mp4
2025-10-04 23:04:55 [INFO]: Output audio file: downloads/audio/DM_NxHgTLsH.wav
2025-10-04 23:04:55 [INFO]: Format: wav, Sample rate: 16000Hz, Channels: 1
2025-10-04 23:04:55 [INFO]: Audio extraction completed successfully
2025-10-04 23:04:55 [INFO]: ✓ Audio extracted: downloads/audio/DM_NxHgTLsH.wav
2025-10-04 23:04:55 [INFO]:   Duration: 76.65s
2025-10-04 23:04:55 [INFO]:   Sample Rate: 16000Hz
2025-10-04 23:04:55 [INFO]:   Channels: 1
2025-10-04 23:04:55 [INFO]: 
[3/5] Transcribing audio...
2025-10-04 23:04:55 [INFO]: Transcription method: auto
2025-10-04 23:04:55 [INFO]: Using Whisper CLI...
2025-10-04 23:04:55 [INFO]: Transcribing with Whisper CLI: downloads/audio/DM_NxHgTLsH.wav
2025-10-04 23:05:02 [INFO]: Transcription with timestamps completed
2025-10-04 23:05:02 [INFO]: ✓ Transcription completed
2025-10-04 23:05:02 [INFO]:   Text length: 1292 characters
2025-10-04 23:05:02 [INFO]:   Segments: 23
2025-10-04 23:05:02 [INFO]: 
[4/5] AI Processing with Ollama...
2025-10-04 23:05:02 [INFO]: Found 3 Ollama models
2025-10-04 23:05:02 [INFO]:   Available models: deepseek-r1:14b, dimavz/whisper-tiny:latest, gemma3:4b
2025-10-04 23:05:02 [INFO]:   Generating summary...
2025-10-04 23:05:02 [INFO]: Generating with Ollama model: gemma3:4b
2025-10-04 23:05:10 [INFO]: Generation completed
2025-10-04 23:05:10 [INFO]: 
--- SUMMARY ---
Here’s a concise summary of the video transcription:

This video demonstrates how to leverage ChatGPT Pro to fully manage your schedule. The key takeaway is that upgrading to ChatGPT Pro isn’t just about better emails – it’s about using your custom GPT to handle tasks like calendar management, agenda creation, and even scheduling downtime. To do this, you’ll need to: 1) Obtain necessary Google Cloud credentials, 2) Add an action schema for calendar access, and 3) Provide specific instructions to your GPT on what you want it to do. The speaker recommends checking out the AI Flow Club for a comprehensive custom GPT course.

2025-10-04 23:05:10 [INFO]:   Extracting key topics...
2025-10-04 23:05:10 [INFO]: Generating with Ollama model: gemma3:4b
2025-10-04 23:05:23 [INFO]: Generation completed
2025-10-04 23:05:23 [INFO]: 
--- KEY TOPICS ---
Here’s a breakdown of the main topics and themes discussed in the video transcription, presented as bullet points:

*   **Custom GPT for Scheduling:** The core topic is using ChatGPT (specifically a custom GPT) to manage personal schedules.
*   **ChatGPT Pro Upgrade:** The video highlights the value of upgrading to ChatGPT Pro for this purpose.
*   **Automation of Tasks:** The video emphasizes automating calendar management – scheduling, agenda creation, and time blocking.
*   **Google Cloud Console & Credentials:**  A key step in the process is obtaining the necessary credentials to allow the GPT access to your calendar.
*   **Action Schema Configuration:**  Setting up the “action schema” within ChatGPT to enable it to read and interact with calendar events.
*   **Specific Instructions & Customization:** The importance of providing clear, detailed instructions to the GPT regarding desired actions.
*   **AI Flow Club Promotion:** The video concludes with a call to action to join the AI Flow Club and access a custom GPT course.

Would you like me to elaborate on any of these points or perhaps summarize the overall message of the video?

2025-10-04 23:05:23 [INFO]: 
[5/5] Writing results to CSV...
2025-10-04 23:05:23 [INFO]: Writing Notion-friendly CSV: ./output/transcriptions-notion.csv
2025-10-04 23:05:23 [INFO]: Successfully wrote video to Notion CSV
2025-10-04 23:05:23 [INFO]: ✓ Notion CSV written: ./output/transcriptions-notion.csv
2025-10-04 23:05:23 [INFO]: 
============================================================
2025-10-04 23:05:23 [INFO]: ✓ Pipeline completed successfully
2025-10-04 23:05:23 [INFO]:   Total time: 31.71s
2025-10-04 23:05:23 [INFO]: ============================================================
2025-10-04 23:05:23 [INFO]: ✓ Success
2025-10-04 23:05:23 [INFO]: Waiting 12.0s before next video...
2025-10-04 23:05:35 [INFO]: 
[27/104] Processing: https://www.instagram.com/techtiff.ai/reel/DMzF4ajOCE0/
2025-10-04 23:05:35 [INFO]: ============================================================
2025-10-04 23:05:35 [INFO]: Instagram Video Transcription Pipeline
2025-10-04 23:05:35 [INFO]: ============================================================
2025-10-04 23:05:35 [INFO]: URL: https://www.instagram.com/techtiff.ai/reel/DMzF4ajOCE0/
2025-10-04 23:05:35 [INFO]: 
[1/5] Downloading Instagram video...
2025-10-04 23:05:36 [INFO]: Downloading Instagram video with yt-dlp: https://www.instagram.com/techtiff.ai/reel/DMzF4ajOCE0/
2025-10-04 23:05:36 [INFO]: Output: downloads/videos/DMzF4ajOCE0.mp4
2025-10-04 23:05:38 [INFO]: ✓ Video downloaded successfully with yt-dlp
2025-10-04 23:05:38 [INFO]: ✓ Video downloaded: downloads/videos/DMzF4ajOCE0.mp4
2025-10-04 23:05:38 [INFO]: 
[2/5] Extracting audio from video...
2025-10-04 23:05:38 [INFO]: Extracting audio from: downloads/videos/DMzF4ajOCE0.mp4
2025-10-04 23:05:38 [INFO]: Output audio file: downloads/audio/DMzF4ajOCE0.wav
2025-10-04 23:05:38 [INFO]: Format: wav, Sample rate: 16000Hz, Channels: 1
2025-10-04 23:05:38 [INFO]: Audio extraction completed successfully
2025-10-04 23:05:38 [INFO]: ✓ Audio extracted: downloads/audio/DMzF4ajOCE0.wav
2025-10-04 23:05:38 [INFO]:   Duration: 87.52s
2025-10-04 23:05:38 [INFO]:   Sample Rate: 16000Hz
2025-10-04 23:05:38 [INFO]:   Channels: 1
2025-10-04 23:05:38 [INFO]: 
[3/5] Transcribing audio...
2025-10-04 23:05:38 [INFO]: Transcription method: auto
2025-10-04 23:05:38 [INFO]: Using Whisper CLI...
2025-10-04 23:05:38 [INFO]: Transcribing with Whisper CLI: downloads/audio/DMzF4ajOCE0.wav
2025-10-04 23:05:45 [INFO]: Transcription with timestamps completed
2025-10-04 23:05:45 [INFO]: ✓ Transcription completed
2025-10-04 23:05:45 [INFO]:   Text length: 1439 characters
2025-10-04 23:05:45 [INFO]:   Segments: 25
2025-10-04 23:05:45 [INFO]: 
[4/5] AI Processing with Ollama...
2025-10-04 23:05:45 [INFO]: Found 3 Ollama models
2025-10-04 23:05:45 [INFO]:   Available models: deepseek-r1:14b, dimavz/whisper-tiny:latest, gemma3:4b
2025-10-04 23:05:45 [INFO]:   Generating summary...
2025-10-04 23:05:45 [INFO]: Generating with Ollama model: gemma3:4b
2025-10-04 23:05:55 [INFO]: Generation completed
2025-10-04 23:05:55 [INFO]: 
--- SUMMARY ---
Here’s a concise summary of the video transcription:

ChatGPT’s “Agent Mode” represents a significant shift – it’s not just a chatbot, but a tool for *delegating* work. Key takeaways include:

*   **Delegation, Not Just Chat:** Agent Mode allows you to assign tasks like research, analysis, and content creation.
*   **Five Keys to Success:**
    *   Start with Research & Analysis.
    *   Request Current Examples (trending data).
    *   Validate Assumptions Live.
    *   Chain Research & Action.
    *   Always Request Fact-Checking.

Essentially, the video encourages users to move beyond simply asking questions and instead leverage Agent Mode for proactive, results-oriented work, saving significant time.

2025-10-04 23:05:55 [INFO]:   Extracting key topics...
2025-10-04 23:05:55 [INFO]: Generating with Ollama model: gemma3:4b
2025-10-04 23:06:08 [INFO]: Generation completed
2025-10-04 23:06:08 [INFO]: 
--- KEY TOPICS ---
Here’s a breakdown of the main topics and themes discussed in the video transcription, presented as bullet points:

*   **ChatGPT’s Evolution:** The video highlights the shift from ChatGPT as a simple chatbot to a more functional tool.
*   **Agent Mode vs. Standard ChatGPT:** The core distinction between the two modes is emphasized – Agent Mode’s ability to *do* work versus ChatGPT’s primarily conversational nature.
*   **Delegation of Tasks:** The key concept of “delegating work” to ChatGPT through Agent Mode is repeatedly stressed.
*   **Five Keys to Using Agent Mode Effectively:**
    *   Lead with Research
    *   Ask for Current Examples
    *   Validate Assumptions Live
    *   Chain Research & Action
    *   Request Fact-Checking
*   **Time Savings & Productivity:** The overall benefit of using Agent Mode is presented – dramatically reducing the time spent on tasks.

Would you like me to elaborate on any of these points or perhaps summarize a specific aspect of the video?

2025-10-04 23:06:08 [INFO]: 
[5/5] Writing results to CSV...
2025-10-04 23:06:08 [INFO]: Writing Notion-friendly CSV: ./output/transcriptions-notion.csv
2025-10-04 23:06:08 [INFO]: Successfully wrote video to Notion CSV
2025-10-04 23:06:08 [INFO]: ✓ Notion CSV written: ./output/transcriptions-notion.csv
2025-10-04 23:06:08 [INFO]: 
============================================================
2025-10-04 23:06:08 [INFO]: ✓ Pipeline completed successfully
2025-10-04 23:06:08 [INFO]:   Total time: 32.55s
2025-10-04 23:06:08 [INFO]: ============================================================
2025-10-04 23:06:08 [INFO]: ✓ Success
2025-10-04 23:06:08 [INFO]: Waiting 12.0s before next video...
2025-10-04 23:06:20 [INFO]: 
[28/104] Processing: https://www.instagram.com/techtiff.ai/reel/DMwTSIuRIaM/
2025-10-04 23:06:20 [INFO]: ============================================================
2025-10-04 23:06:20 [INFO]: Instagram Video Transcription Pipeline
2025-10-04 23:06:20 [INFO]: ============================================================
2025-10-04 23:06:20 [INFO]: URL: https://www.instagram.com/techtiff.ai/reel/DMwTSIuRIaM/
2025-10-04 23:06:20 [INFO]: 
[1/5] Downloading Instagram video...
2025-10-04 23:06:20 [INFO]: Downloading Instagram video with yt-dlp: https://www.instagram.com/techtiff.ai/reel/DMwTSIuRIaM/
2025-10-04 23:06:20 [INFO]: Output: downloads/videos/DMwTSIuRIaM.mp4
2025-10-04 23:06:22 [INFO]: ✓ Video downloaded successfully with yt-dlp
2025-10-04 23:06:22 [INFO]: ✓ Video downloaded: downloads/videos/DMwTSIuRIaM.mp4
2025-10-04 23:06:22 [INFO]: 
[2/5] Extracting audio from video...
2025-10-04 23:06:22 [INFO]: Extracting audio from: downloads/videos/DMwTSIuRIaM.mp4
2025-10-04 23:06:22 [INFO]: Output audio file: downloads/audio/DMwTSIuRIaM.wav
2025-10-04 23:06:22 [INFO]: Format: wav, Sample rate: 16000Hz, Channels: 1
2025-10-04 23:06:22 [INFO]: Audio extraction completed successfully
2025-10-04 23:06:22 [INFO]: ✓ Audio extracted: downloads/audio/DMwTSIuRIaM.wav
2025-10-04 23:06:22 [INFO]:   Duration: 80.88s
2025-10-04 23:06:22 [INFO]:   Sample Rate: 16000Hz
2025-10-04 23:06:22 [INFO]:   Channels: 1
2025-10-04 23:06:22 [INFO]: 
[3/5] Transcribing audio...
2025-10-04 23:06:22 [INFO]: Transcription method: auto
2025-10-04 23:06:22 [INFO]: Using Whisper CLI...
2025-10-04 23:06:22 [INFO]: Transcribing with Whisper CLI: downloads/audio/DMwTSIuRIaM.wav
2025-10-04 23:06:29 [INFO]: Transcription with timestamps completed
2025-10-04 23:06:29 [INFO]: ✓ Transcription completed
2025-10-04 23:06:29 [INFO]:   Text length: 1330 characters
2025-10-04 23:06:29 [INFO]:   Segments: 21
2025-10-04 23:06:29 [INFO]: 
[4/5] AI Processing with Ollama...
2025-10-04 23:06:29 [INFO]: Found 3 Ollama models
2025-10-04 23:06:29 [INFO]:   Available models: deepseek-r1:14b, dimavz/whisper-tiny:latest, gemma3:4b
2025-10-04 23:06:29 [INFO]:   Generating summary...
2025-10-04 23:06:29 [INFO]: Generating with Ollama model: gemma3:4b
2025-10-04 23:06:36 [INFO]: Generation completed
2025-10-04 23:06:36 [INFO]: 
--- SUMMARY ---
Here’s a concise summary of the video transcription:

The creator built a custom GPT to manage their finances by automatically tracking expenses through receipt scanning and categorization. The GPT identified a significant “coffee addiction” as a key issue. The system integrates with Notion, creating a visual financial dashboard and automatically logging expenses, eliminating manual data entry. The core takeaway is that accurate tracking is crucial for financial awareness, and this automated system provides a solution for those struggling with tracking their spending. 

---

Would you like me to focus on a specific aspect of the summary, such as the technology used or the problem it addresses?

2025-10-04 23:06:36 [INFO]:   Extracting key topics...
2025-10-04 23:06:36 [INFO]: Generating with Ollama model: gemma3:4b
2025-10-04 23:06:48 [INFO]: Generation completed
2025-10-04 23:06:48 [INFO]: 
--- KEY TOPICS ---
Here’s a breakdown of the main topics and themes discussed in the video transcription, presented as bullet points:

*   **AI-Powered Expense Tracking:** The core topic is using GPT (and a custom version) to manage and categorize personal expenses.
*   **Custom GPT Development:** The video highlights the process of building a tailored GPT solution for financial tracking.
*   **Receipt Scanning & Automation:** The system’s ability to automatically read receipts and input data is a key feature.
*   **Notion Integration:** The use of Notion as the central platform for visualizing and managing financial data is prominent.
*   **ADHD & Visualization:** The speaker’s personal need for visual breakdowns and how the system addresses this.
*   **Problem Identification & Tracking:** The GPT’s initial critique (“coffee addiction”) emphasizes the importance of tracking spending to identify issues.
*   **Automation vs. Manual Data Entry:** The video contrasts the convenience of automated tracking with the traditional, time-consuming approach.

Would you like me to elaborate on any of these points or perhaps identify any sub-themes?

2025-10-04 23:06:48 [INFO]: 
[5/5] Writing results to CSV...
2025-10-04 23:06:49 [INFO]: Writing Notion-friendly CSV: ./output/transcriptions-notion.csv
2025-10-04 23:06:49 [INFO]: Successfully wrote video to Notion CSV
2025-10-04 23:06:49 [INFO]: ✓ Notion CSV written: ./output/transcriptions-notion.csv
2025-10-04 23:06:49 [INFO]: 
============================================================
2025-10-04 23:06:49 [INFO]: ✓ Pipeline completed successfully
2025-10-04 23:06:49 [INFO]:   Total time: 28.66s
2025-10-04 23:06:49 [INFO]: ============================================================
2025-10-04 23:06:49 [INFO]: ✓ Success
2025-10-04 23:06:49 [INFO]: Waiting 12.0s before next video...
2025-10-04 23:07:01 [INFO]: 
[29/104] Processing: https://www.instagram.com/techtiff.ai/reel/DMrR08lxgKK/
2025-10-04 23:07:01 [INFO]: ============================================================
2025-10-04 23:07:01 [INFO]: Instagram Video Transcription Pipeline
2025-10-04 23:07:01 [INFO]: ============================================================
2025-10-04 23:07:01 [INFO]: URL: https://www.instagram.com/techtiff.ai/reel/DMrR08lxgKK/
2025-10-04 23:07:01 [INFO]: 
[1/5] Downloading Instagram video...
2025-10-04 23:07:01 [INFO]: Downloading Instagram video with yt-dlp: https://www.instagram.com/techtiff.ai/reel/DMrR08lxgKK/
2025-10-04 23:07:01 [INFO]: Output: downloads/videos/DMrR08lxgKK.mp4
2025-10-04 23:07:03 [INFO]: ✓ Video downloaded successfully with yt-dlp
2025-10-04 23:07:03 [INFO]: ✓ Video downloaded: downloads/videos/DMrR08lxgKK.mp4
2025-10-04 23:07:03 [INFO]: 
[2/5] Extracting audio from video...
2025-10-04 23:07:03 [INFO]: Extracting audio from: downloads/videos/DMrR08lxgKK.mp4
2025-10-04 23:07:03 [INFO]: Output audio file: downloads/audio/DMrR08lxgKK.wav
2025-10-04 23:07:03 [INFO]: Format: wav, Sample rate: 16000Hz, Channels: 1
2025-10-04 23:07:03 [INFO]: Audio extraction completed successfully
2025-10-04 23:07:03 [INFO]: ✓ Audio extracted: downloads/audio/DMrR08lxgKK.wav
2025-10-04 23:07:03 [INFO]:   Duration: 110.46s
2025-10-04 23:07:03 [INFO]:   Sample Rate: 16000Hz
2025-10-04 23:07:03 [INFO]:   Channels: 1
2025-10-04 23:07:03 [INFO]: 
[3/5] Transcribing audio...
2025-10-04 23:07:03 [INFO]: Transcription method: auto
2025-10-04 23:07:03 [INFO]: Using Whisper CLI...
2025-10-04 23:07:03 [INFO]: Transcribing with Whisper CLI: downloads/audio/DMrR08lxgKK.wav
2025-10-04 23:07:10 [INFO]: Transcription with timestamps completed
2025-10-04 23:07:10 [INFO]: ✓ Transcription completed
2025-10-04 23:07:10 [INFO]:   Text length: 1851 characters
2025-10-04 23:07:10 [INFO]:   Segments: 20
2025-10-04 23:07:10 [INFO]: 
[4/5] AI Processing with Ollama...
2025-10-04 23:07:10 [INFO]: Found 3 Ollama models
2025-10-04 23:07:10 [INFO]:   Available models: deepseek-r1:14b, dimavz/whisper-tiny:latest, gemma3:4b
2025-10-04 23:07:10 [INFO]:   Generating summary...
2025-10-04 23:07:10 [INFO]: Generating with Ollama model: gemma3:4b
2025-10-04 23:07:21 [INFO]: Generation completed
2025-10-04 23:07:21 [INFO]: 
--- SUMMARY ---
Here’s a concise summary of the video transcription:

The video highlights five AI-powered tools to combat overwhelm and boost productivity, particularly for entrepreneurs like “Chad GBT.” These tools are:

1.  **Opel:** An AI-powered app builder that creates working web apps from simple descriptions.
2.  **Canada:** An AI design studio for creating custom visuals and mockups.
3.  **Make.com:** A drag-and-drop automation platform for connecting and automating apps.
4.  **Browse AI:** An AI-powered data scraping tool for research and monitoring.
5.  **Descript:** A video/podcast editing tool with AI features for auto-cutting, summarizing, and repurposing content.

**Key Takeaway:** These tools allow you to automate tasks and streamline workflows, freeing you from busy work and giving you more time to focus on core business activities.

2025-10-04 23:07:21 [INFO]:   Extracting key topics...
2025-10-04 23:07:21 [INFO]: Generating with Ollama model: gemma3:4b
2025-10-04 23:07:32 [INFO]: Generation completed
2025-10-04 23:07:32 [INFO]: 
--- KEY TOPICS ---
Here’s a breakdown of the main topics and themes discussed in the video transcription, presented as bullet points:

*   **Overwork & Delegation:** The core theme is addressing the feeling of being overwhelmed and the need to delegate tasks.
*   **AI-Powered Tools:** The video heavily focuses on showcasing various AI-powered tools designed to automate and streamline business processes.
*   **Specific Tools:**
    *   **Google Opel:** An AI-powered web app builder.
    *   **Canada:** An AI-driven design studio for creating mockups and visuals.
    *   **Make.com:** A no-code automation platform.
    *   **Browse AI:** An AI-powered data scraping and monitoring tool.
    *   **Descript:** A video and podcast editing tool utilizing AI for editing and repurposing content.

Would you like me to elaborate on any of these points, or perhaps summarize the overall message of the video?

2025-10-04 23:07:32 [INFO]: 
[5/5] Writing results to CSV...
2025-10-04 23:07:32 [INFO]: Writing Notion-friendly CSV: ./output/transcriptions-notion.csv
2025-10-04 23:07:32 [INFO]: Successfully wrote video to Notion CSV
2025-10-04 23:07:32 [INFO]: ✓ Notion CSV written: ./output/transcriptions-notion.csv
2025-10-04 23:07:32 [INFO]: 
============================================================
2025-10-04 23:07:32 [INFO]: ✓ Pipeline completed successfully
2025-10-04 23:07:32 [INFO]:   Total time: 31.09s
2025-10-04 23:07:32 [INFO]: ============================================================
2025-10-04 23:07:32 [INFO]: ✓ Success
2025-10-04 23:07:32 [INFO]: Waiting 12.0s before next video...
2025-10-04 23:07:44 [INFO]: 
[30/104] Processing: https://www.instagram.com/techtiff.ai/reel/DMjd_99xCbf/
2025-10-04 23:07:44 [INFO]: ============================================================
2025-10-04 23:07:44 [INFO]: Instagram Video Transcription Pipeline
2025-10-04 23:07:44 [INFO]: ============================================================
2025-10-04 23:07:44 [INFO]: URL: https://www.instagram.com/techtiff.ai/reel/DMjd_99xCbf/
2025-10-04 23:07:44 [INFO]: 
[1/5] Downloading Instagram video...
2025-10-04 23:07:44 [INFO]: Downloading Instagram video with yt-dlp: https://www.instagram.com/techtiff.ai/reel/DMjd_99xCbf/
2025-10-04 23:07:44 [INFO]: Output: downloads/videos/DMjd_99xCbf.mp4
2025-10-04 23:07:46 [INFO]: ✓ Video downloaded successfully with yt-dlp
2025-10-04 23:07:46 [INFO]: ✓ Video downloaded: downloads/videos/DMjd_99xCbf.mp4
2025-10-04 23:07:46 [INFO]: 
[2/5] Extracting audio from video...
2025-10-04 23:07:46 [INFO]: Extracting audio from: downloads/videos/DMjd_99xCbf.mp4
2025-10-04 23:07:46 [INFO]: Output audio file: downloads/audio/DMjd_99xCbf.wav
2025-10-04 23:07:46 [INFO]: Format: wav, Sample rate: 16000Hz, Channels: 1
2025-10-04 23:07:46 [INFO]: Audio extraction completed successfully
2025-10-04 23:07:46 [INFO]: ✓ Audio extracted: downloads/audio/DMjd_99xCbf.wav
2025-10-04 23:07:46 [INFO]:   Duration: 68.80s
2025-10-04 23:07:46 [INFO]:   Sample Rate: 16000Hz
2025-10-04 23:07:46 [INFO]:   Channels: 1
2025-10-04 23:07:46 [INFO]: 
[3/5] Transcribing audio...
2025-10-04 23:07:46 [INFO]: Transcription method: auto
2025-10-04 23:07:46 [INFO]: Using Whisper CLI...
2025-10-04 23:07:46 [INFO]: Transcribing with Whisper CLI: downloads/audio/DMjd_99xCbf.wav
2025-10-04 23:07:51 [INFO]: Transcription with timestamps completed
2025-10-04 23:07:51 [INFO]: ✓ Transcription completed
2025-10-04 23:07:51 [INFO]:   Text length: 1159 characters
2025-10-04 23:07:51 [INFO]:   Segments: 30
2025-10-04 23:07:51 [INFO]: 
[4/5] AI Processing with Ollama...
2025-10-04 23:07:51 [INFO]: Found 3 Ollama models
2025-10-04 23:07:51 [INFO]:   Available models: deepseek-r1:14b, dimavz/whisper-tiny:latest, gemma3:4b
2025-10-04 23:07:51 [INFO]:   Generating summary...
2025-10-04 23:07:51 [INFO]: Generating with Ollama model: gemma3:4b
2025-10-04 23:07:57 [INFO]: Generation completed
2025-10-04 23:07:57 [INFO]: 
--- SUMMARY ---
Here’s a concise summary of the video transcription:

The video highlights a common problem: people get brilliant ideas from ChatGPT but then lose track of them. The speaker shares a solution – using a custom GPT to automatically transform valuable ChatGPT conversations into a structured, actionable five-day plan with supporting resources. He encourages viewers to utilize his Notion template for managing these ideas and offers further learning opportunities through the AI Flow Club. **Key takeaway:** Don’t just collect ideas in ChatGPT; actively turn them into concrete plans.

2025-10-04 23:07:57 [INFO]:   Extracting key topics...
2025-10-04 23:07:57 [INFO]: Generating with Ollama model: gemma3:4b
2025-10-04 23:08:08 [INFO]: Generation completed
2025-10-04 23:08:08 [INFO]: 
--- KEY TOPICS ---
Here’s a breakdown of the main topics and themes discussed in the video transcription, presented as bullet points:

*   **ChatGPT Thread Management:** The core issue is the tendency to lose valuable ideas within ChatGPT threads.
*   **Actionable Insights from ChatGPT:** Recognizing moments of inspiration or learning within ChatGPT conversations.
*   **Custom GPT Solution:** Utilizing a custom GPT to transform ChatGPT threads into structured action plans.
*   **Five-Day Action Plan:** The custom GPT’s function of creating a detailed five-day plan from a conversation.
*   **Organization & Task Tracking:** The importance of having insights, examples, and links directly within tasks for efficient execution.
*   **Call to Action (CTA):** Promoting a Notion template and inviting viewers to join the “AI Flow Club.”
*   **AI & Automation:** The broader topic of leveraging AI and automation for productivity.

Would you like me to elaborate on any of these points or perhaps summarize the video’s overall message?

2025-10-04 23:08:08 [INFO]: 
[5/5] Writing results to CSV...
2025-10-04 23:08:08 [INFO]: Writing Notion-friendly CSV: ./output/transcriptions-notion.csv
2025-10-04 23:08:08 [INFO]: Successfully wrote video to Notion CSV
2025-10-04 23:08:08 [INFO]: ✓ Notion CSV written: ./output/transcriptions-notion.csv
2025-10-04 23:08:08 [INFO]: 
============================================================
2025-10-04 23:08:08 [INFO]: ✓ Pipeline completed successfully
2025-10-04 23:08:08 [INFO]:   Total time: 24.47s
2025-10-04 23:08:08 [INFO]: ============================================================
2025-10-04 23:08:08 [INFO]: ✓ Success
2025-10-04 23:08:08 [INFO]: Waiting 12.0s before next video...
2025-10-04 23:08:20 [INFO]: 
[31/104] Processing: https://www.instagram.com/techtiff.ai/reel/DMb5YJRuxbh/
2025-10-04 23:08:20 [INFO]: ============================================================
2025-10-04 23:08:20 [INFO]: Instagram Video Transcription Pipeline
2025-10-04 23:08:20 [INFO]: ============================================================
2025-10-04 23:08:20 [INFO]: URL: https://www.instagram.com/techtiff.ai/reel/DMb5YJRuxbh/
2025-10-04 23:08:20 [INFO]: 
[1/5] Downloading Instagram video...
2025-10-04 23:08:20 [INFO]: Downloading Instagram video with yt-dlp: https://www.instagram.com/techtiff.ai/reel/DMb5YJRuxbh/
2025-10-04 23:08:20 [INFO]: Output: downloads/videos/DMb5YJRuxbh.mp4
2025-10-04 23:08:22 [INFO]: ✓ Video downloaded successfully with yt-dlp
2025-10-04 23:08:22 [INFO]: ✓ Video downloaded: downloads/videos/DMb5YJRuxbh.mp4
2025-10-04 23:08:22 [INFO]: 
[2/5] Extracting audio from video...
2025-10-04 23:08:22 [INFO]: Extracting audio from: downloads/videos/DMb5YJRuxbh.mp4
2025-10-04 23:08:22 [INFO]: Output audio file: downloads/audio/DMb5YJRuxbh.wav
2025-10-04 23:08:22 [INFO]: Format: wav, Sample rate: 16000Hz, Channels: 1
2025-10-04 23:08:22 [INFO]: Audio extraction completed successfully
2025-10-04 23:08:22 [INFO]: ✓ Audio extracted: downloads/audio/DMb5YJRuxbh.wav
2025-10-04 23:08:23 [INFO]:   Duration: 73.68s
2025-10-04 23:08:23 [INFO]:   Sample Rate: 16000Hz
2025-10-04 23:08:23 [INFO]:   Channels: 1
2025-10-04 23:08:23 [INFO]: 
[3/5] Transcribing audio...
2025-10-04 23:08:23 [INFO]: Transcription method: auto
2025-10-04 23:08:23 [INFO]: Using Whisper CLI...
2025-10-04 23:08:23 [INFO]: Transcribing with Whisper CLI: downloads/audio/DMb5YJRuxbh.wav
2025-10-04 23:08:28 [INFO]: Transcription with timestamps completed
2025-10-04 23:08:28 [INFO]: ✓ Transcription completed
2025-10-04 23:08:28 [INFO]:   Text length: 1304 characters
2025-10-04 23:08:28 [INFO]:   Segments: 35
2025-10-04 23:08:28 [INFO]: 
[4/5] AI Processing with Ollama...
2025-10-04 23:08:28 [INFO]: Found 3 Ollama models
2025-10-04 23:08:28 [INFO]:   Available models: deepseek-r1:14b, dimavz/whisper-tiny:latest, gemma3:4b
2025-10-04 23:08:28 [INFO]:   Generating summary...
2025-10-04 23:08:28 [INFO]: Generating with Ollama model: gemma3:4b
2025-10-04 23:08:36 [INFO]: Generation completed
2025-10-04 23:08:36 [INFO]: 
--- SUMMARY ---
Here’s a concise summary of the video transcription:

The video argues that instead of constantly explaining yourself to ChatGPT, you’re essentially training *it* rather than the other way around. The key is to build a system for ChatGPT by:

1.  **Focusing:** Clearly defining your needs, goals, and business details for ChatGPT to understand.
2.  **Leveraging Systems:** Connecting ChatGPT to your existing tools (like to-do lists or content planners) to enable it to take action.
3.  **Optimizing:** Refining your system to improve efficiency and streamline workflows.

Ultimately, the goal is to transform ChatGPT into an intelligent system that actively supports your business, not just responds to your repeated instructions. 

---

Would you like me to elaborate on any specific point or create a slightly different version of the summary?

2025-10-04 23:08:36 [INFO]:   Extracting key topics...
2025-10-04 23:08:36 [INFO]: Generating with Ollama model: gemma3:4b
2025-10-04 23:08:47 [INFO]: Generation completed
2025-10-04 23:08:47 [INFO]: 
--- KEY TOPICS ---
Here’s a breakdown of the main topics and themes discussed in the video transcription, presented as bullet points:

*   **Training vs. Being Trained by AI:** The core concept is the shift in perspective – moving from constantly explaining yourself to ChatGPT to building a system that allows it to *learn* about you and your business.
*   **Building an AI System for Your Business:** The video focuses on creating a structured approach to using ChatGPT for business purposes.
*   **Systematic Input & Clarification:** Step 1 emphasizes the importance of clearly defining your needs, goals, and business details for ChatGPT.
*   **Integrating AI with Existing Tools:** Step 2 highlights the need to link ChatGPT to other apps and systems (like to-do lists and content planners) to enable action.
*   **Optimization & Workflow Improvement:** Step 3 centers on refining the system to improve efficiency and streamline processes.
*   **Automation & Scaling:** The ultimate goal is to achieve a “machine-like” business operation – working less while scaling effectively.

Would you like me to elaborate on any of these points or perhaps summarize the overall message of the video?

2025-10-04 23:08:47 [INFO]: 
[5/5] Writing results to CSV...
2025-10-04 23:08:47 [INFO]: Writing Notion-friendly CSV: ./output/transcriptions-notion.csv
2025-10-04 23:08:47 [INFO]: Successfully wrote video to Notion CSV
2025-10-04 23:08:47 [INFO]: ✓ Notion CSV written: ./output/transcriptions-notion.csv
2025-10-04 23:08:47 [INFO]: 
============================================================
2025-10-04 23:08:47 [INFO]: ✓ Pipeline completed successfully
2025-10-04 23:08:47 [INFO]:   Total time: 27.02s
2025-10-04 23:08:47 [INFO]: ============================================================
2025-10-04 23:08:47 [INFO]: ✓ Success
2025-10-04 23:08:47 [INFO]: Waiting 12.0s before next video...
2025-10-04 23:08:59 [INFO]: 
[32/104] Processing: https://www.instagram.com/techtiff.ai/reel/DMPDlNUOpQ4/
2025-10-04 23:08:59 [INFO]: ============================================================
2025-10-04 23:08:59 [INFO]: Instagram Video Transcription Pipeline
2025-10-04 23:08:59 [INFO]: ============================================================
2025-10-04 23:08:59 [INFO]: URL: https://www.instagram.com/techtiff.ai/reel/DMPDlNUOpQ4/
2025-10-04 23:08:59 [INFO]: 
[1/5] Downloading Instagram video...
2025-10-04 23:08:59 [INFO]: Downloading Instagram video with yt-dlp: https://www.instagram.com/techtiff.ai/reel/DMPDlNUOpQ4/
2025-10-04 23:08:59 [INFO]: Output: downloads/videos/DMPDlNUOpQ4.mp4
2025-10-04 23:09:02 [INFO]: ✓ Video downloaded successfully with yt-dlp
2025-10-04 23:09:02 [INFO]: ✓ Video downloaded: downloads/videos/DMPDlNUOpQ4.mp4
2025-10-04 23:09:02 [INFO]: 
[2/5] Extracting audio from video...
2025-10-04 23:09:02 [INFO]: Extracting audio from: downloads/videos/DMPDlNUOpQ4.mp4
2025-10-04 23:09:02 [INFO]: Output audio file: downloads/audio/DMPDlNUOpQ4.wav
2025-10-04 23:09:02 [INFO]: Format: wav, Sample rate: 16000Hz, Channels: 1
2025-10-04 23:09:02 [INFO]: Audio extraction completed successfully
2025-10-04 23:09:02 [INFO]: ✓ Audio extracted: downloads/audio/DMPDlNUOpQ4.wav
2025-10-04 23:09:02 [INFO]:   Duration: 129.73s
2025-10-04 23:09:02 [INFO]:   Sample Rate: 16000Hz
2025-10-04 23:09:02 [INFO]:   Channels: 1
2025-10-04 23:09:02 [INFO]: 
[3/5] Transcribing audio...
2025-10-04 23:09:02 [INFO]: Transcription method: auto
2025-10-04 23:09:02 [INFO]: Using Whisper CLI...
2025-10-04 23:09:02 [INFO]: Transcribing with Whisper CLI: downloads/audio/DMPDlNUOpQ4.wav
2025-10-04 23:09:11 [INFO]: Transcription with timestamps completed
2025-10-04 23:09:11 [INFO]: ✓ Transcription completed
2025-10-04 23:09:11 [INFO]:   Text length: 2301 characters
2025-10-04 23:09:11 [INFO]:   Segments: 53
2025-10-04 23:09:11 [INFO]: 
[4/5] AI Processing with Ollama...
2025-10-04 23:09:11 [INFO]: Found 3 Ollama models
2025-10-04 23:09:11 [INFO]:   Available models: deepseek-r1:14b, dimavz/whisper-tiny:latest, gemma3:4b
2025-10-04 23:09:11 [INFO]:   Generating summary...
2025-10-04 23:09:11 [INFO]: Generating with Ollama model: gemma3:4b
2025-10-04 23:09:20 [INFO]: Generation completed
2025-10-04 23:09:20 [INFO]: 
--- SUMMARY ---
Here’s a concise summary of the video transcription:

The video argues against relying solely on ChatGPT for business tasks. Instead, it recommends building an “AI team” comprised of specialized tools. Here’s the breakdown:

*   **ChatGPT:** Best for brainstorming and initial content drafts.
*   **Claude:** Ideal for complex thinking, strategic planning, and nuanced ideas.
*   **Perplexity:** Perfect for quick, verified research and accessing real-time data.
*   **Dolly:** A versatile tool for multitasking, including email management and document organization.
*   **No Book LM:** Designed for in-depth learning and knowledge management, turning your documents into interactive experiences.

**Key Takeaway:** Don't treat ChatGPT as a single solution; utilize a combination of AI tools to maximize efficiency and effectiveness.

2025-10-04 23:09:20 [INFO]:   Extracting key topics...
2025-10-04 23:09:20 [INFO]: Generating with Ollama model: gemma3:4b
2025-10-04 23:09:33 [INFO]: Generation completed
2025-10-04 23:09:33 [INFO]: 
--- KEY TOPICS ---
Here’s a breakdown of the main topics and themes discussed in the video transcription, presented as bullet points:

*   **The Overreliance on a Single AI (ChadGPT):** The core argument is that relying solely on one AI like ChadGPT is unsustainable and inefficient.
*   **Specialized AI Tools:** The video highlights the need for a team of AI tools, each with a specific strength.
*   **Individual AI Tool Introductions:**
    *   **ChadGPT:** Brainstorming, initial content drafts, overcoming creative blocks.
    *   **Claude:** Deep thinking, complex workflows, nuanced analysis.
    *   **Perplexity:** Research, data verification, quick information retrieval.
    *   **Dolly:** Multitasking, administrative tasks, pulling information from various sources.
    *   **No book LM:** Knowledge management, interactive learning, document analysis.
*   **Building an AI Team:** The overall theme is about strategically assembling a collection of AI tools to maximize productivity and effectiveness.
*   **Efficiency & Productivity:** The video’s central message is about working smarter, not harder, through the intelligent use of AI.

Would you like me to elaborate on any of these points, or perhaps summarize a specific aspect of the video?

2025-10-04 23:09:33 [INFO]: 
[5/5] Writing results to CSV...
2025-10-04 23:09:33 [INFO]: Writing Notion-friendly CSV: ./output/transcriptions-notion.csv
2025-10-04 23:09:33 [INFO]: Successfully wrote video to Notion CSV
2025-10-04 23:09:33 [INFO]: ✓ Notion CSV written: ./output/transcriptions-notion.csv
2025-10-04 23:09:33 [INFO]: 
============================================================
2025-10-04 23:09:33 [INFO]: ✓ Pipeline completed successfully
2025-10-04 23:09:33 [INFO]:   Total time: 34.12s
2025-10-04 23:09:33 [INFO]: ============================================================
2025-10-04 23:09:33 [INFO]: ✓ Success
2025-10-04 23:09:33 [INFO]: Waiting 12.0s before next video...
2025-10-04 23:09:45 [INFO]: 
[33/104] Processing: https://www.instagram.com/techtiff.ai/reel/DMGvxAHSYiZ/
2025-10-04 23:09:45 [INFO]: ============================================================
2025-10-04 23:09:45 [INFO]: Instagram Video Transcription Pipeline
2025-10-04 23:09:45 [INFO]: ============================================================
2025-10-04 23:09:45 [INFO]: URL: https://www.instagram.com/techtiff.ai/reel/DMGvxAHSYiZ/
2025-10-04 23:09:45 [INFO]: 
[1/5] Downloading Instagram video...
2025-10-04 23:09:46 [INFO]: Downloading Instagram video with yt-dlp: https://www.instagram.com/techtiff.ai/reel/DMGvxAHSYiZ/
2025-10-04 23:09:46 [INFO]: Output: downloads/videos/DMGvxAHSYiZ.mp4
2025-10-04 23:09:48 [INFO]: ✓ Video downloaded successfully with yt-dlp
2025-10-04 23:09:48 [INFO]: ✓ Video downloaded: downloads/videos/DMGvxAHSYiZ.mp4
2025-10-04 23:09:48 [INFO]: 
[2/5] Extracting audio from video...
2025-10-04 23:09:48 [INFO]: Extracting audio from: downloads/videos/DMGvxAHSYiZ.mp4
2025-10-04 23:09:48 [INFO]: Output audio file: downloads/audio/DMGvxAHSYiZ.wav
2025-10-04 23:09:48 [INFO]: Format: wav, Sample rate: 16000Hz, Channels: 1
2025-10-04 23:09:48 [INFO]: Audio extraction completed successfully
2025-10-04 23:09:48 [INFO]: ✓ Audio extracted: downloads/audio/DMGvxAHSYiZ.wav
2025-10-04 23:09:48 [INFO]:   Duration: 98.66s
2025-10-04 23:09:48 [INFO]:   Sample Rate: 16000Hz
2025-10-04 23:09:48 [INFO]:   Channels: 1
2025-10-04 23:09:48 [INFO]: 
[3/5] Transcribing audio...
2025-10-04 23:09:48 [INFO]: Transcription method: auto
2025-10-04 23:09:48 [INFO]: Using Whisper CLI...
2025-10-04 23:09:48 [INFO]: Transcribing with Whisper CLI: downloads/audio/DMGvxAHSYiZ.wav
2025-10-04 23:09:55 [INFO]: Transcription with timestamps completed
2025-10-04 23:09:55 [INFO]: ✓ Transcription completed
2025-10-04 23:09:55 [INFO]:   Text length: 1866 characters
2025-10-04 23:09:55 [INFO]:   Segments: 45
2025-10-04 23:09:55 [INFO]: 
[4/5] AI Processing with Ollama...
2025-10-04 23:09:55 [INFO]: Found 3 Ollama models
2025-10-04 23:09:55 [INFO]:   Available models: deepseek-r1:14b, dimavz/whisper-tiny:latest, gemma3:4b
2025-10-04 23:09:55 [INFO]:   Generating summary...
2025-10-04 23:09:55 [INFO]: Generating with Ollama model: gemma3:4b
2025-10-04 23:10:01 [INFO]: Generation completed
2025-10-04 23:10:01 [INFO]: 
--- SUMMARY ---
Here’s a concise summary of the video transcription:

The video argues that procrastination and lack of results often stem from underlying beliefs and thought patterns within our subconscious minds, not from a lack of tools or strategy. It suggests using AI to analyze these patterns – essentially “debugging” your thinking – to identify limiting beliefs. The AI will then offer reframed beliefs and a concrete action step to shift your mindset and drive better results, treating your brain like a business needing optimization. **Key takeaway:** Your mindset is the primary driver of your success, and AI can help you identify and correct it.

2025-10-04 23:10:01 [INFO]:   Extracting key topics...
2025-10-04 23:10:01 [INFO]: Generating with Ollama model: gemma3:4b
2025-10-04 23:10:12 [INFO]: Generation completed
2025-10-04 23:10:12 [INFO]: 
--- KEY TOPICS ---
Here’s a breakdown of the main topics and themes discussed in the video transcription, presented as bullet points:

*   **The Role of Mindset in Achieving Goals:** The central theme is that your thoughts and beliefs (your mindset) are the primary drivers of your results, not just external factors like tools or strategies.
*   **Identifying Limiting Beliefs:** The video highlights the importance of recognizing and uncovering subconscious beliefs that are causing procrastination, avoidance, and self-sabotage (“I’m not ready yet”).
*   **Using AI for Self-Analysis:** The use of AI as a tool to analyze and debug your thinking patterns is a key topic. Specifically, the prompt provided for strategic questioning.
*   **Reframing Beliefs:** The process of identifying and replacing negative or limiting beliefs with more supportive and empowering ones.
*   **Taking Action:** The emphasis on translating insights into concrete, immediate action steps.
*   **Mindset as a Business:** The analogy of your mindset being like a CEO, controlling and driving your overall performance.

Would you like me to elaborate on any of these points, or perhaps summarize the overall message of the video?

2025-10-04 23:10:12 [INFO]: 
[5/5] Writing results to CSV...
2025-10-04 23:10:12 [INFO]: Writing Notion-friendly CSV: ./output/transcriptions-notion.csv
2025-10-04 23:10:12 [INFO]: Successfully wrote video to Notion CSV
2025-10-04 23:10:12 [INFO]: ✓ Notion CSV written: ./output/transcriptions-notion.csv
2025-10-04 23:10:12 [INFO]: 
============================================================
2025-10-04 23:10:12 [INFO]: ✓ Pipeline completed successfully
2025-10-04 23:10:12 [INFO]:   Total time: 27.08s
2025-10-04 23:10:12 [INFO]: ============================================================
2025-10-04 23:10:12 [INFO]: ✓ Success
2025-10-04 23:10:12 [INFO]: Waiting 12.0s before next video...
2025-10-04 23:10:24 [INFO]: 
[34/104] Processing: https://www.instagram.com/techtiff.ai/reel/DMBJmlSyNcm/
2025-10-04 23:10:24 [INFO]: ============================================================
2025-10-04 23:10:24 [INFO]: Instagram Video Transcription Pipeline
2025-10-04 23:10:24 [INFO]: ============================================================
2025-10-04 23:10:24 [INFO]: URL: https://www.instagram.com/techtiff.ai/reel/DMBJmlSyNcm/
2025-10-04 23:10:24 [INFO]: 
[1/5] Downloading Instagram video...
2025-10-04 23:10:25 [INFO]: Downloading Instagram video with yt-dlp: https://www.instagram.com/techtiff.ai/reel/DMBJmlSyNcm/
2025-10-04 23:10:25 [INFO]: Output: downloads/videos/DMBJmlSyNcm.mp4
2025-10-04 23:10:27 [INFO]: ✓ Video downloaded successfully with yt-dlp
2025-10-04 23:10:27 [INFO]: ✓ Video downloaded: downloads/videos/DMBJmlSyNcm.mp4
2025-10-04 23:10:27 [INFO]: 
[2/5] Extracting audio from video...
2025-10-04 23:10:27 [INFO]: Extracting audio from: downloads/videos/DMBJmlSyNcm.mp4
2025-10-04 23:10:27 [INFO]: Output audio file: downloads/audio/DMBJmlSyNcm.wav
2025-10-04 23:10:27 [INFO]: Format: wav, Sample rate: 16000Hz, Channels: 1
2025-10-04 23:10:27 [INFO]: Audio extraction completed successfully
2025-10-04 23:10:27 [INFO]: ✓ Audio extracted: downloads/audio/DMBJmlSyNcm.wav
2025-10-04 23:10:27 [INFO]:   Duration: 84.13s
2025-10-04 23:10:27 [INFO]:   Sample Rate: 16000Hz
2025-10-04 23:10:27 [INFO]:   Channels: 1
2025-10-04 23:10:27 [INFO]: 
[3/5] Transcribing audio...
2025-10-04 23:10:27 [INFO]: Transcription method: auto
2025-10-04 23:10:27 [INFO]: Using Whisper CLI...
2025-10-04 23:10:27 [INFO]: Transcribing with Whisper CLI: downloads/audio/DMBJmlSyNcm.wav
2025-10-04 23:10:34 [INFO]: Transcription with timestamps completed
2025-10-04 23:10:34 [INFO]: ✓ Transcription completed
2025-10-04 23:10:34 [INFO]:   Text length: 1459 characters
2025-10-04 23:10:34 [INFO]:   Segments: 33
2025-10-04 23:10:34 [INFO]: 
[4/5] AI Processing with Ollama...
2025-10-04 23:10:34 [INFO]: Found 3 Ollama models
2025-10-04 23:10:34 [INFO]:   Available models: deepseek-r1:14b, dimavz/whisper-tiny:latest, gemma3:4b
2025-10-04 23:10:34 [INFO]:   Generating summary...
2025-10-04 23:10:34 [INFO]: Generating with Ollama model: gemma3:4b
2025-10-04 23:10:40 [INFO]: Generation completed
2025-10-04 23:10:40 [INFO]: 
--- SUMMARY ---
Here’s a concise summary of the video transcription:

The video highlights the inefficiency of simply copying and pasting between ChatGPT and other apps. The key takeaway is that to truly utilize a custom GPT, you need to connect it to your workflows. This is achieved by granting the GPT access via an API key and a schema – essentially giving it “backstage passes” and a “map” to interact with your tools (like Notion). This allows the GPT to actively participate in brainstorming, capture notes, and automatically update task lists, streamlining your workflow and turning your AI assistant into a productive team member, not just a conversational tool.

2025-10-04 23:10:40 [INFO]:   Extracting key topics...
2025-10-04 23:10:40 [INFO]: Generating with Ollama model: gemma3:4b
2025-10-04 23:10:49 [INFO]: Generation completed
2025-10-04 23:10:49 [INFO]: 
--- KEY TOPICS ---
Here’s a breakdown of the main topics and themes discussed in the video transcription, presented as bullet points:

*   **Custom GPTs & Productivity:** The core focus is on using custom GPTs to boost productivity.
*   **Connecting GPTs to Other Apps:** The video highlights the critical need to integrate GPTs with tools like to-do lists and calendars.
*   **API Keys & Schemas:** Explains the technical aspects of enabling GPTs to interact with other applications – the importance of API keys and schemas.
*   **Streamlined Workflow:** Demonstrates a seamless workflow – from idea generation to task completion – without manual copy-pasting.
*   **GPT as a Team Member:** The overall theme is shifting the perception of GPTs from passive assistants to active team members.

Would you like me to elaborate on any of these points, or perhaps summarize a specific aspect of the video?

2025-10-04 23:10:49 [INFO]: 
[5/5] Writing results to CSV...
2025-10-04 23:10:49 [INFO]: Writing Notion-friendly CSV: ./output/transcriptions-notion.csv
2025-10-04 23:10:49 [INFO]: Successfully wrote video to Notion CSV
2025-10-04 23:10:49 [INFO]: ✓ Notion CSV written: ./output/transcriptions-notion.csv
2025-10-04 23:10:49 [INFO]: 
============================================================
2025-10-04 23:10:49 [INFO]: ✓ Pipeline completed successfully
2025-10-04 23:10:49 [INFO]:   Total time: 24.63s
2025-10-04 23:10:49 [INFO]: ============================================================
2025-10-04 23:10:49 [INFO]: ✓ Success
2025-10-04 23:10:49 [INFO]: Waiting 12.0s before next video...
2025-10-04 23:11:01 [INFO]: 
[35/104] Processing: https://www.instagram.com/techtiff.ai/reel/DL35qDvuPJe/
2025-10-04 23:11:01 [INFO]: ============================================================
2025-10-04 23:11:01 [INFO]: Instagram Video Transcription Pipeline
2025-10-04 23:11:01 [INFO]: ============================================================
2025-10-04 23:11:01 [INFO]: URL: https://www.instagram.com/techtiff.ai/reel/DL35qDvuPJe/
2025-10-04 23:11:01 [INFO]: 
[1/5] Downloading Instagram video...
2025-10-04 23:11:01 [INFO]: Downloading Instagram video with yt-dlp: https://www.instagram.com/techtiff.ai/reel/DL35qDvuPJe/
2025-10-04 23:11:01 [INFO]: Output: downloads/videos/DL35qDvuPJe.mp4
2025-10-04 23:11:03 [INFO]: ✓ Video downloaded successfully with yt-dlp
2025-10-04 23:11:03 [INFO]: ✓ Video downloaded: downloads/videos/DL35qDvuPJe.mp4
2025-10-04 23:11:03 [INFO]: 
[2/5] Extracting audio from video...
2025-10-04 23:11:03 [INFO]: Extracting audio from: downloads/videos/DL35qDvuPJe.mp4
2025-10-04 23:11:03 [INFO]: Output audio file: downloads/audio/DL35qDvuPJe.wav
2025-10-04 23:11:03 [INFO]: Format: wav, Sample rate: 16000Hz, Channels: 1
2025-10-04 23:11:03 [INFO]: Audio extraction completed successfully
2025-10-04 23:11:03 [INFO]: ✓ Audio extracted: downloads/audio/DL35qDvuPJe.wav
2025-10-04 23:11:03 [INFO]:   Duration: 88.17s
2025-10-04 23:11:03 [INFO]:   Sample Rate: 16000Hz
2025-10-04 23:11:03 [INFO]:   Channels: 1
2025-10-04 23:11:03 [INFO]: 
[3/5] Transcribing audio...
2025-10-04 23:11:03 [INFO]: Transcription method: auto
2025-10-04 23:11:03 [INFO]: Using Whisper CLI...
2025-10-04 23:11:03 [INFO]: Transcribing with Whisper CLI: downloads/audio/DL35qDvuPJe.wav
2025-10-04 23:11:11 [INFO]: Transcription with timestamps completed
2025-10-04 23:11:11 [INFO]: ✓ Transcription completed
2025-10-04 23:11:11 [INFO]:   Text length: 1604 characters
2025-10-04 23:11:11 [INFO]:   Segments: 40
2025-10-04 23:11:11 [INFO]: 
[4/5] AI Processing with Ollama...
2025-10-04 23:11:11 [INFO]: Found 3 Ollama models
2025-10-04 23:11:11 [INFO]:   Available models: deepseek-r1:14b, dimavz/whisper-tiny:latest, gemma3:4b
2025-10-04 23:11:11 [INFO]:   Generating summary...
2025-10-04 23:11:11 [INFO]: Generating with Ollama model: gemma3:4b
2025-10-04 23:11:21 [INFO]: Generation completed
2025-10-04 23:11:21 [INFO]: 
--- SUMMARY ---
Here’s a concise summary of the video:

This video highlights five lesser-known iPhone features designed to improve productivity and control:

1.  **BackTap:** Customize quick actions with a simple tap.
2.  **Quick Note:** Save website text as easily accessible notes with clickable links.
3.  **Custom Focus Modes:** Tailor your iPhone’s behavior based on location, time, or app usage, including customizable lock screens.
4.  **Notes + Camera:** Instantly scan text using your iPhone’s camera and add it directly to your notes.
5.  **Shortcuts with ChatGPT:** Utilize ChatGPT within Shortcuts for tasks like summarizing emails and generating content.

**Key Takeaway:** The video encourages users to explore these features to take control of their iPhone and improve their daily workflow.

2025-10-04 23:11:21 [INFO]:   Extracting key topics...
2025-10-04 23:11:21 [INFO]: Generating with Ollama model: gemma3:4b
2025-10-04 23:11:30 [INFO]: Generation completed
2025-10-04 23:11:30 [INFO]: 
--- KEY TOPICS ---
Here’s a breakdown of the main topics and themes discussed in the video transcription, presented as bullet points:

*   **iPhone Features:** The core topic is showcasing lesser-known features of the iPhone.
*   **Backtap:** Specifically highlighting the “backtap” feature for screenshots and shortcuts.
*   **Quick Note:** Demonstrating the Quick Note feature for saving website content.
*   **Custom Focus Modes:** Explaining how to personalize the iPhone’s behavior based on context.
*   **Notes + Camera Scanning:** Utilizing the Notes app and camera for instant text scanning.
*   **Shortcuts with ChatGPT:** Introducing the use of ChatGPT within the Shortcuts app for various tasks.
*   **Productivity & Efficiency:** The overall theme is about maximizing iPhone usage for productivity and streamlining tasks.

Would you like me to elaborate on any of these points or perhaps summarize the video’s overall message?

2025-10-04 23:11:30 [INFO]: 
[5/5] Writing results to CSV...
2025-10-04 23:11:30 [INFO]: Writing Notion-friendly CSV: ./output/transcriptions-notion.csv
2025-10-04 23:11:30 [INFO]: Successfully wrote video to Notion CSV
2025-10-04 23:11:30 [INFO]: ✓ Notion CSV written: ./output/transcriptions-notion.csv
2025-10-04 23:11:30 [INFO]: 
============================================================
2025-10-04 23:11:30 [INFO]: ✓ Pipeline completed successfully
2025-10-04 23:11:30 [INFO]:   Total time: 29.51s
2025-10-04 23:11:30 [INFO]: ============================================================
2025-10-04 23:11:30 [INFO]: ✓ Success
2025-10-04 23:11:30 [INFO]: Waiting 12.0s before next video...
2025-10-04 23:11:42 [INFO]: 
[36/104] Processing: https://www.instagram.com/techtiff.ai/reel/DLwTou1unEs/
2025-10-04 23:11:42 [INFO]: ============================================================
2025-10-04 23:11:42 [INFO]: Instagram Video Transcription Pipeline
2025-10-04 23:11:42 [INFO]: ============================================================
2025-10-04 23:11:42 [INFO]: URL: https://www.instagram.com/techtiff.ai/reel/DLwTou1unEs/
2025-10-04 23:11:42 [INFO]: 
[1/5] Downloading Instagram video...
2025-10-04 23:11:43 [INFO]: Downloading Instagram video with yt-dlp: https://www.instagram.com/techtiff.ai/reel/DLwTou1unEs/
2025-10-04 23:11:43 [INFO]: Output: downloads/videos/DLwTou1unEs.mp4
2025-10-04 23:11:45 [INFO]: ✓ Video downloaded successfully with yt-dlp
2025-10-04 23:11:45 [INFO]: ✓ Video downloaded: downloads/videos/DLwTou1unEs.mp4
2025-10-04 23:11:45 [INFO]: 
[2/5] Extracting audio from video...
2025-10-04 23:11:45 [INFO]: Extracting audio from: downloads/videos/DLwTou1unEs.mp4
2025-10-04 23:11:45 [INFO]: Output audio file: downloads/audio/DLwTou1unEs.wav
2025-10-04 23:11:45 [INFO]: Format: wav, Sample rate: 16000Hz, Channels: 1
2025-10-04 23:11:45 [INFO]: Audio extraction completed successfully
2025-10-04 23:11:45 [INFO]: ✓ Audio extracted: downloads/audio/DLwTou1unEs.wav
2025-10-04 23:11:45 [INFO]:   Duration: 89.98s
2025-10-04 23:11:45 [INFO]:   Sample Rate: 16000Hz
2025-10-04 23:11:45 [INFO]:   Channels: 1
2025-10-04 23:11:45 [INFO]: 
[3/5] Transcribing audio...
2025-10-04 23:11:45 [INFO]: Transcription method: auto
2025-10-04 23:11:45 [INFO]: Using Whisper CLI...
2025-10-04 23:11:45 [INFO]: Transcribing with Whisper CLI: downloads/audio/DLwTou1unEs.wav
2025-10-04 23:11:51 [INFO]: Transcription with timestamps completed
2025-10-04 23:11:51 [INFO]: ✓ Transcription completed
2025-10-04 23:11:51 [INFO]:   Text length: 1447 characters
2025-10-04 23:11:51 [INFO]:   Segments: 15
2025-10-04 23:11:51 [INFO]: 
[4/5] AI Processing with Ollama...
2025-10-04 23:11:51 [INFO]: Found 3 Ollama models
2025-10-04 23:11:51 [INFO]:   Available models: deepseek-r1:14b, dimavz/whisper-tiny:latest, gemma3:4b
2025-10-04 23:11:51 [INFO]:   Generating summary...
2025-10-04 23:11:51 [INFO]: Generating with Ollama model: gemma3:4b
2025-10-04 23:11:58 [INFO]: Generation completed
2025-10-04 23:11:58 [INFO]: 
--- SUMMARY ---
Here’s a concise summary of the video transcription:

**The video highlights the importance of “braining” your custom GPTs for effective use.** Simply building a GPT doesn’t guarantee it will perform well. The key is to create a “context bank” – a detailed document (like a Google Doc) containing information about your brand, target audience, offers, and goals.  **Don't just build it; teach it.** The video suggests using GPT itself to help you define your brand voice and then systematically filling out sections within the document.  **Ultimately, the GPT’s intelligence is directly tied to the quality of the information you provide it.**

---

Would you like me to elaborate on any specific aspect of the summary, or perhaps provide a slightly different version?

2025-10-04 23:11:58 [INFO]:   Extracting key topics...
2025-10-04 23:11:58 [INFO]: Generating with Ollama model: gemma3:4b
2025-10-04 23:12:10 [INFO]: Generation completed
2025-10-04 23:12:10 [INFO]: 
--- KEY TOPICS ---
Here’s a breakdown of the main topics and themes discussed in the video transcription, presented as bullet points:

*   **Custom GPTs & Brain Building:** The core topic is about creating and “building a brain” for custom GPTs.
*   **Context Banks:** The video emphasizes the importance of creating a “context bank” – a repository of information for the GPT.
*   **AI Limitations & Guesswork:** It highlights that AI needs guidance and won’t inherently understand a business.
*   **Google Docs as a Context Bank:** Specifically recommends using Google Docs with clear headings and sections.
*   **Sections within the Context Bank:** These include:
    *   Brand Voice
    *   Audience Profile
    *   Offers & Pricing
    *   Content Guidelines
    *   Industry Context
    *   Goals & Vision
*   **Using GPT to Define Brand Voice:**  A practical technique of using GPT to interview the user and establish brand guidelines.
*   **Instructing the GPT on Content Usage:** The crucial step of telling the GPT *when* and *how* to utilize the information within the context bank.

Would you like me to elaborate on any of these points, or perhaps summarize a specific aspect of the video?

2025-10-04 23:12:10 [INFO]: 
[5/5] Writing results to CSV...
2025-10-04 23:12:10 [INFO]: Writing Notion-friendly CSV: ./output/transcriptions-notion.csv
2025-10-04 23:12:10 [INFO]: Successfully wrote video to Notion CSV
2025-10-04 23:12:10 [INFO]: ✓ Notion CSV written: ./output/transcriptions-notion.csv
2025-10-04 23:12:10 [INFO]: 
============================================================
2025-10-04 23:12:10 [INFO]: ✓ Pipeline completed successfully
2025-10-04 23:12:10 [INFO]:   Total time: 27.60s
2025-10-04 23:12:10 [INFO]: ============================================================
2025-10-04 23:12:10 [INFO]: ✓ Success
2025-10-04 23:12:10 [INFO]: Waiting 12.0s before next video...
2025-10-04 23:12:22 [INFO]: 
[37/104] Processing: https://www.instagram.com/techtiff.ai/reel/DLdnKPiy8cz/
2025-10-04 23:12:22 [INFO]: ============================================================
2025-10-04 23:12:22 [INFO]: Instagram Video Transcription Pipeline
2025-10-04 23:12:22 [INFO]: ============================================================
2025-10-04 23:12:22 [INFO]: URL: https://www.instagram.com/techtiff.ai/reel/DLdnKPiy8cz/
2025-10-04 23:12:22 [INFO]: 
[1/5] Downloading Instagram video...
2025-10-04 23:12:22 [INFO]: Downloading Instagram video with yt-dlp: https://www.instagram.com/techtiff.ai/reel/DLdnKPiy8cz/
2025-10-04 23:12:22 [INFO]: Output: downloads/videos/DLdnKPiy8cz.mp4
2025-10-04 23:12:24 [INFO]: ✓ Video downloaded successfully with yt-dlp
2025-10-04 23:12:24 [INFO]: ✓ Video downloaded: downloads/videos/DLdnKPiy8cz.mp4
2025-10-04 23:12:24 [INFO]: 
[2/5] Extracting audio from video...
2025-10-04 23:12:24 [INFO]: Extracting audio from: downloads/videos/DLdnKPiy8cz.mp4
2025-10-04 23:12:24 [INFO]: Output audio file: downloads/audio/DLdnKPiy8cz.wav
2025-10-04 23:12:24 [INFO]: Format: wav, Sample rate: 16000Hz, Channels: 1
2025-10-04 23:12:25 [INFO]: Audio extraction completed successfully
2025-10-04 23:12:25 [INFO]: ✓ Audio extracted: downloads/audio/DLdnKPiy8cz.wav
2025-10-04 23:12:25 [INFO]:   Duration: 68.52s
2025-10-04 23:12:25 [INFO]:   Sample Rate: 16000Hz
2025-10-04 23:12:25 [INFO]:   Channels: 1
2025-10-04 23:12:25 [INFO]: 
[3/5] Transcribing audio...
2025-10-04 23:12:25 [INFO]: Transcription method: auto
2025-10-04 23:12:25 [INFO]: Using Whisper CLI...
2025-10-04 23:12:25 [INFO]: Transcribing with Whisper CLI: downloads/audio/DLdnKPiy8cz.wav
2025-10-04 23:12:31 [INFO]: Transcription with timestamps completed
2025-10-04 23:12:31 [INFO]: ✓ Transcription completed
2025-10-04 23:12:31 [INFO]:   Text length: 1196 characters
2025-10-04 23:12:31 [INFO]:   Segments: 26
2025-10-04 23:12:31 [INFO]: 
[4/5] AI Processing with Ollama...
2025-10-04 23:12:31 [INFO]: Found 3 Ollama models
2025-10-04 23:12:31 [INFO]:   Available models: deepseek-r1:14b, dimavz/whisper-tiny:latest, gemma3:4b
2025-10-04 23:12:31 [INFO]:   Generating summary...
2025-10-04 23:12:31 [INFO]: Generating with Ollama model: gemma3:4b
2025-10-04 23:12:37 [INFO]: Generation completed
2025-10-04 23:12:37 [INFO]: 
--- SUMMARY ---
Here’s a concise summary of the video transcription:

The key takeaway is to shift your approach when using ChatGPT. Instead of simply asking it to *write* for you (like captions or launch plans), **ask it to challenge your thinking and assumptions.**  Focus on prompting ChatGPT with questions that uncover potential problems with your content or strategy – like identifying objections or clarifying confusing aspects of your offer.  ChatGPT’s true power lies in its ability to think *with* you, acting as a tool for critical analysis rather than a content generator.  Essentially, you need to provide good questions to get valuable answers.

2025-10-04 23:12:37 [INFO]:   Extracting key topics...
2025-10-04 23:12:37 [INFO]: Generating with Ollama model: gemma3:4b
2025-10-04 23:12:48 [INFO]: Generation completed
2025-10-04 23:12:48 [INFO]: 
--- KEY TOPICS ---
Here’s a breakdown of the main topics and themes discussed in the video transcription, presented as bullet points:

*   **Effective Prompting for ChatGPT:** The core theme is shifting from *telling* ChatGPT what to write to *asking* it questions that stimulate critical thinking.
*   **Moving Beyond Simple Output:** The video argues against using ChatGPT solely for generating content like emails and captions.
*   **Critical Thinking with AI:** The key takeaway is leveraging ChatGPT’s ability to help you analyze, question, and audit your own ideas.
*   **Asking Probing Questions:** Specifically, the video emphasizes formulating questions that uncover objections, clarify confusion, and challenge assumptions.
*   **AI as a Collaborative Tool:** The video frames ChatGPT not as a replacement for human thought, but as a “smartest teammate” that works *with* you.
*   **Understanding AI’s Limitations:** The analogy of AI as a “mirror” highlights the importance of providing good questions to get valuable responses.

Would you like me to elaborate on any of these points, or perhaps summarize a particular aspect of the video?

2025-10-04 23:12:48 [INFO]: 
[5/5] Writing results to CSV...
2025-10-04 23:12:48 [INFO]: Writing Notion-friendly CSV: ./output/transcriptions-notion.csv
2025-10-04 23:12:48 [INFO]: Successfully wrote video to Notion CSV
2025-10-04 23:12:48 [INFO]: ✓ Notion CSV written: ./output/transcriptions-notion.csv
2025-10-04 23:12:48 [INFO]: 
============================================================
2025-10-04 23:12:48 [INFO]: ✓ Pipeline completed successfully
2025-10-04 23:12:48 [INFO]:   Total time: 25.66s
2025-10-04 23:12:48 [INFO]: ============================================================
2025-10-04 23:12:48 [INFO]: ✓ Success
2025-10-04 23:12:48 [INFO]: Waiting 12.0s before next video...
2025-10-04 23:13:00 [INFO]: 
[38/104] Processing: https://www.instagram.com/techtiff.ai/reel/DLVueEKzM2T/
2025-10-04 23:13:00 [INFO]: ============================================================
2025-10-04 23:13:00 [INFO]: Instagram Video Transcription Pipeline
2025-10-04 23:13:00 [INFO]: ============================================================
2025-10-04 23:13:00 [INFO]: URL: https://www.instagram.com/techtiff.ai/reel/DLVueEKzM2T/
2025-10-04 23:13:00 [INFO]: 
[1/5] Downloading Instagram video...
2025-10-04 23:13:00 [INFO]: Downloading Instagram video with yt-dlp: https://www.instagram.com/techtiff.ai/reel/DLVueEKzM2T/
2025-10-04 23:13:00 [INFO]: Output: downloads/videos/DLVueEKzM2T.mp4
2025-10-04 23:13:02 [INFO]: ✓ Video downloaded successfully with yt-dlp
2025-10-04 23:13:02 [INFO]: ✓ Video downloaded: downloads/videos/DLVueEKzM2T.mp4
2025-10-04 23:13:02 [INFO]: 
[2/5] Extracting audio from video...
2025-10-04 23:13:02 [INFO]: Extracting audio from: downloads/videos/DLVueEKzM2T.mp4
2025-10-04 23:13:02 [INFO]: Output audio file: downloads/audio/DLVueEKzM2T.wav
2025-10-04 23:13:02 [INFO]: Format: wav, Sample rate: 16000Hz, Channels: 1
2025-10-04 23:13:02 [INFO]: Audio extraction completed successfully
2025-10-04 23:13:02 [INFO]: ✓ Audio extracted: downloads/audio/DLVueEKzM2T.wav
2025-10-04 23:13:02 [INFO]:   Duration: 103.26s
2025-10-04 23:13:02 [INFO]:   Sample Rate: 16000Hz
2025-10-04 23:13:02 [INFO]:   Channels: 1
2025-10-04 23:13:02 [INFO]: 
[3/5] Transcribing audio...
2025-10-04 23:13:02 [INFO]: Transcription method: auto
2025-10-04 23:13:02 [INFO]: Using Whisper CLI...
2025-10-04 23:13:02 [INFO]: Transcribing with Whisper CLI: downloads/audio/DLVueEKzM2T.wav
2025-10-04 23:13:09 [INFO]: Transcription with timestamps completed
2025-10-04 23:13:09 [INFO]: ✓ Transcription completed
2025-10-04 23:13:09 [INFO]:   Text length: 1595 characters
2025-10-04 23:13:09 [INFO]:   Segments: 36
2025-10-04 23:13:09 [INFO]: 
[4/5] AI Processing with Ollama...
2025-10-04 23:13:09 [INFO]: Found 3 Ollama models
2025-10-04 23:13:09 [INFO]:   Available models: deepseek-r1:14b, dimavz/whisper-tiny:latest, gemma3:4b
2025-10-04 23:13:09 [INFO]:   Generating summary...
2025-10-04 23:13:09 [INFO]: Generating with Ollama model: gemma3:4b
2025-10-04 23:13:19 [INFO]: Generation completed
2025-10-04 23:13:19 [INFO]: 
--- SUMMARY ---
Here’s a concise summary of the video transcription:

The video argues that we’re underutilizing AI’s potential for business. It introduces three key prompts designed to transform ChatGPT from a simple tool into a powerful business strategist. These prompts help users:

1.  **Build a Scalable Business:** Design a business generating $10k/month with AI, a laptop, and minimal time investment.
2.  **Map Out a Digital Product Plan:** Create a detailed, month-by-month plan for a digital product, including content, email sequences, and strategies.
3.  **Simulate Success:**  "Reverse engineer" a successful future business model by imagining yourself one year from now and creating a timeline of actions to achieve that success.

Essentially, the video encourages users to move beyond basic AI applications and leverage these prompts to build truly effective business systems. 

---

Would you like me to elaborate on any particular aspect of the summary?

2025-10-04 23:13:19 [INFO]:   Extracting key topics...
2025-10-04 23:13:19 [INFO]: Generating with Ollama model: gemma3:4b
2025-10-04 23:13:30 [INFO]: Generation completed
2025-10-04 23:13:30 [INFO]: 
--- KEY TOPICS ---
Here’s a breakdown of the main topics and themes discussed in the video transcription, presented as bullet points:

*   **AI Optimization & Strategic Use:** The core message is about moving beyond superficial use of AI and leveraging it for genuine business strategy.
*   **ChatGPT as a Business Strategist:** The video positions ChatGPT (and likely other AI tools) as a tool to actively build and manage a business.
*   **Three Prompts for Business Growth:**
    *   **AI Business Builder:** Creating a scalable business model with specific revenue targets.
    *   **Lunch Strategist:** Mapping out a detailed one-month plan for a digital product.
    *   **Simulating Success:** Using AI to reverse-engineer a successful future business model.
*   **Digital Product Creation:** A significant focus is on using AI to develop and launch digital products.
*   **Scalable Business Models:** The concept of building a business that generates a consistent income (e.g., $10K/month).
*   **AI Tool Recommendations:** The video promotes a resource called "AI Flow Club" for accessing additional prompts and AI tools.

Would you like me to elaborate on any of these points, or perhaps summarize a specific aspect of the video?

2025-10-04 23:13:30 [INFO]: 
[5/5] Writing results to CSV...
2025-10-04 23:13:30 [INFO]: Writing Notion-friendly CSV: ./output/transcriptions-notion.csv
2025-10-04 23:13:30 [INFO]: Successfully wrote video to Notion CSV
2025-10-04 23:13:30 [INFO]: ✓ Notion CSV written: ./output/transcriptions-notion.csv
2025-10-04 23:13:30 [INFO]: 
============================================================
2025-10-04 23:13:30 [INFO]: ✓ Pipeline completed successfully
2025-10-04 23:13:30 [INFO]:   Total time: 30.70s
2025-10-04 23:13:30 [INFO]: ============================================================
2025-10-04 23:13:30 [INFO]: ✓ Success
2025-10-04 23:13:30 [INFO]: Waiting 12.0s before next video...
2025-10-04 23:13:42 [INFO]: 
[39/104] Processing: https://www.instagram.com/techtiff.ai/reel/DLOZbnzv0Ko/
2025-10-04 23:13:42 [INFO]: ============================================================
2025-10-04 23:13:42 [INFO]: Instagram Video Transcription Pipeline
2025-10-04 23:13:42 [INFO]: ============================================================
2025-10-04 23:13:42 [INFO]: URL: https://www.instagram.com/techtiff.ai/reel/DLOZbnzv0Ko/
2025-10-04 23:13:42 [INFO]: 
[1/5] Downloading Instagram video...
2025-10-04 23:13:43 [INFO]: Downloading Instagram video with yt-dlp: https://www.instagram.com/techtiff.ai/reel/DLOZbnzv0Ko/
2025-10-04 23:13:43 [INFO]: Output: downloads/videos/DLOZbnzv0Ko.mp4
2025-10-04 23:13:45 [INFO]: ✓ Video downloaded successfully with yt-dlp
2025-10-04 23:13:45 [INFO]: ✓ Video downloaded: downloads/videos/DLOZbnzv0Ko.mp4
2025-10-04 23:13:45 [INFO]: 
[2/5] Extracting audio from video...
2025-10-04 23:13:45 [INFO]: Extracting audio from: downloads/videos/DLOZbnzv0Ko.mp4
2025-10-04 23:13:45 [INFO]: Output audio file: downloads/audio/DLOZbnzv0Ko.wav
2025-10-04 23:13:45 [INFO]: Format: wav, Sample rate: 16000Hz, Channels: 1
2025-10-04 23:13:45 [INFO]: Audio extraction completed successfully
2025-10-04 23:13:45 [INFO]: ✓ Audio extracted: downloads/audio/DLOZbnzv0Ko.wav
2025-10-04 23:13:45 [INFO]:   Duration: 69.08s
2025-10-04 23:13:45 [INFO]:   Sample Rate: 16000Hz
2025-10-04 23:13:45 [INFO]:   Channels: 1
2025-10-04 23:13:45 [INFO]: 
[3/5] Transcribing audio...
2025-10-04 23:13:45 [INFO]: Transcription method: auto
2025-10-04 23:13:45 [INFO]: Using Whisper CLI...
2025-10-04 23:13:45 [INFO]: Transcribing with Whisper CLI: downloads/audio/DLOZbnzv0Ko.wav
2025-10-04 23:13:50 [INFO]: Transcription with timestamps completed
2025-10-04 23:13:50 [INFO]: ✓ Transcription completed
2025-10-04 23:13:50 [INFO]:   Text length: 1081 characters
2025-10-04 23:13:50 [INFO]:   Segments: 27
2025-10-04 23:13:50 [INFO]: 
[4/5] AI Processing with Ollama...
2025-10-04 23:13:50 [INFO]: Found 3 Ollama models
2025-10-04 23:13:50 [INFO]:   Available models: deepseek-r1:14b, dimavz/whisper-tiny:latest, gemma3:4b
2025-10-04 23:13:50 [INFO]:   Generating summary...
2025-10-04 23:13:50 [INFO]: Generating with Ollama model: gemma3:4b
2025-10-04 23:13:55 [INFO]: Generation completed
2025-10-04 23:13:55 [INFO]: 
--- SUMMARY ---
Here’s a concise summary of the video:

The video highlights three ways to use ChatGPT for business. Primarily, it suggests using ChatGPT to analyze your social media content (specifically carousels) and website to identify issues like unclear CTAs or passive voice that are hindering engagement and sales. ChatGPT can quickly provide feedback on layout, copy, and messaging, allowing you to revise your strategy and improve your brand’s performance. Essentially, it’s a fast, AI-powered critique partner for your marketing materials.

2025-10-04 23:13:55 [INFO]:   Extracting key topics...
2025-10-04 23:13:55 [INFO]: Generating with Ollama model: gemma3:4b
2025-10-04 23:14:03 [INFO]: Generation completed
2025-10-04 23:14:03 [INFO]: 
--- KEY TOPICS ---
Here’s a breakdown of the main topics and themes discussed in the video transcription, presented as bullet points:

*   **ChatGPT for Content Optimization:** The core focus is using ChatGPT to improve content performance.
*   **Canva Carousel Critique:** Specifically, using ChatGPT to analyze and improve Canva carousel posts.
*   **Engagement Issues:** Addressing the problem of low engagement despite consistent posting.
*   **AI-Powered Feedback:** Utilizing AI (ChatGPT & Gemini) to provide rapid feedback on content.
*   **Content Analysis:** Examining elements like layout, copy, energy, and calls-to-action.
*   **Actionable Feedback:** Receiving specific, usable recommendations for revisions.
*   **Brand Strategy Revitalization:** The overall goal of using AI to improve and revamp a brand’s strategy.

Would you like me to elaborate on any of these points?

2025-10-04 23:14:03 [INFO]: 
[5/5] Writing results to CSV...
2025-10-04 23:14:03 [INFO]: Writing Notion-friendly CSV: ./output/transcriptions-notion.csv
2025-10-04 23:14:03 [INFO]: Successfully wrote video to Notion CSV
2025-10-04 23:14:03 [INFO]: ✓ Notion CSV written: ./output/transcriptions-notion.csv
2025-10-04 23:14:03 [INFO]: 
============================================================
2025-10-04 23:14:03 [INFO]: ✓ Pipeline completed successfully
2025-10-04 23:14:03 [INFO]:   Total time: 20.70s
2025-10-04 23:14:03 [INFO]: ============================================================
2025-10-04 23:14:03 [INFO]: ✓ Success
2025-10-04 23:14:03 [INFO]: Waiting 12.0s before next video...
2025-10-04 23:14:15 [INFO]: 
[40/104] Processing: https://www.instagram.com/techtiff.ai/reel/DLOG-ezyUxB/
2025-10-04 23:14:15 [INFO]: ============================================================
2025-10-04 23:14:15 [INFO]: Instagram Video Transcription Pipeline
2025-10-04 23:14:15 [INFO]: ============================================================
2025-10-04 23:14:15 [INFO]: URL: https://www.instagram.com/techtiff.ai/reel/DLOG-ezyUxB/
2025-10-04 23:14:15 [INFO]: 
[1/5] Downloading Instagram video...
2025-10-04 23:14:15 [INFO]: Downloading Instagram video with yt-dlp: https://www.instagram.com/techtiff.ai/reel/DLOG-ezyUxB/
2025-10-04 23:14:15 [INFO]: Output: downloads/videos/DLOG-ezyUxB.mp4
2025-10-04 23:14:19 [INFO]: ✓ Video downloaded successfully with yt-dlp
2025-10-04 23:14:19 [INFO]: ✓ Video downloaded: downloads/videos/DLOG-ezyUxB.mp4
2025-10-04 23:14:19 [INFO]: 
[2/5] Extracting audio from video...
2025-10-04 23:14:20 [INFO]: Extracting audio from: downloads/videos/DLOG-ezyUxB.mp4
2025-10-04 23:14:20 [INFO]: Output audio file: downloads/audio/DLOG-ezyUxB.wav
2025-10-04 23:14:20 [INFO]: Format: wav, Sample rate: 16000Hz, Channels: 1
2025-10-04 23:14:20 [INFO]: Audio extraction completed successfully
2025-10-04 23:14:20 [INFO]: ✓ Audio extracted: downloads/audio/DLOG-ezyUxB.wav
2025-10-04 23:14:20 [INFO]:   Duration: 72.29s
2025-10-04 23:14:20 [INFO]:   Sample Rate: 16000Hz
2025-10-04 23:14:20 [INFO]:   Channels: 1
2025-10-04 23:14:20 [INFO]: 
[3/5] Transcribing audio...
2025-10-04 23:14:20 [INFO]: Transcription method: auto
2025-10-04 23:14:20 [INFO]: Using Whisper CLI...
2025-10-04 23:14:20 [INFO]: Transcribing with Whisper CLI: downloads/audio/DLOG-ezyUxB.wav
2025-10-04 23:14:25 [INFO]: Transcription with timestamps completed
2025-10-04 23:14:25 [INFO]: ✓ Transcription completed
2025-10-04 23:14:25 [INFO]:   Text length: 1157 characters
2025-10-04 23:14:25 [INFO]:   Segments: 13
2025-10-04 23:14:25 [INFO]: 
[4/5] AI Processing with Ollama...
2025-10-04 23:14:25 [INFO]: Found 3 Ollama models
2025-10-04 23:14:25 [INFO]:   Available models: deepseek-r1:14b, dimavz/whisper-tiny:latest, gemma3:4b
2025-10-04 23:14:25 [INFO]:   Generating summary...
2025-10-04 23:14:25 [INFO]: Generating with Ollama model: gemma3:4b
2025-10-04 23:14:32 [INFO]: Generation completed
2025-10-04 23:14:32 [INFO]: 
--- SUMMARY ---
Here’s a concise summary of the video transcription:

The speaker argues that simply chatting with ChatGPT isn’t effective for productivity. The key takeaway is to utilize **Projects** (for strategy and context) and **Custom GPTs** (for execution) to actually get work done. Projects act as your command center, while Custom GPTs are trained specialists. The speaker emphasizes a system of mapping strategy in a Project and then translating it into instructions for a Custom GPT.  He encourages viewers to join his AI Flow Club for resources and strategies.

2025-10-04 23:14:32 [INFO]:   Extracting key topics...
2025-10-04 23:14:32 [INFO]: Generating with Ollama model: gemma3:4b
2025-10-04 23:14:42 [INFO]: Generation completed
2025-10-04 23:14:42 [INFO]: 
--- KEY TOPICS ---
Here’s a breakdown of the main topics and themes discussed in the video transcription, presented as bullet points:

*   **Effective Use of GPTs:** The core theme is about maximizing the potential of GPTs beyond simple conversation.
*   **Projects vs. Regular ChatGPT:**  Distinction is made between using GPTs for strategic planning (“Projects”) versus simply chatting with them (“Regular ChatGPT”).
*   **Custom GPTs:**  Emphasis on creating and utilizing custom-trained GPTs for specific tasks and workflows.
*   **Strategic Planning & Execution:** The video highlights the importance of designing a strategy (in a “Project”) and then having a custom GPT execute that strategy.
*   **AI Workflow & Automation:** The concept of a defined system for using AI to drive productivity.
*   **AI Flow Club:** Promotion of a community and resource hub for further learning and tool access.

Would you like me to elaborate on any of these points, or perhaps summarize a specific aspect of the video?

2025-10-04 23:14:42 [INFO]: 
[5/5] Writing results to CSV...
2025-10-04 23:14:42 [INFO]: Writing Notion-friendly CSV: ./output/transcriptions-notion.csv
2025-10-04 23:14:42 [INFO]: Successfully wrote video to Notion CSV
2025-10-04 23:14:42 [INFO]: ✓ Notion CSV written: ./output/transcriptions-notion.csv
2025-10-04 23:14:42 [INFO]: 
============================================================
2025-10-04 23:14:42 [INFO]: ✓ Pipeline completed successfully
2025-10-04 23:14:42 [INFO]:   Total time: 26.70s
2025-10-04 23:14:42 [INFO]: ============================================================
2025-10-04 23:14:42 [INFO]: ✓ Success
2025-10-04 23:14:42 [INFO]: Waiting 12.0s before next video...
2025-10-04 23:14:54 [INFO]: 
[41/104] Processing: https://www.instagram.com/techtiff.ai/reel/DLMC56JO3bv/
2025-10-04 23:14:54 [INFO]: ============================================================
2025-10-04 23:14:54 [INFO]: Instagram Video Transcription Pipeline
2025-10-04 23:14:54 [INFO]: ============================================================
2025-10-04 23:14:54 [INFO]: URL: https://www.instagram.com/techtiff.ai/reel/DLMC56JO3bv/
2025-10-04 23:14:54 [INFO]: 
[1/5] Downloading Instagram video...
2025-10-04 23:14:54 [INFO]: Downloading Instagram video with yt-dlp: https://www.instagram.com/techtiff.ai/reel/DLMC56JO3bv/
2025-10-04 23:14:54 [INFO]: Output: downloads/videos/DLMC56JO3bv.mp4
2025-10-04 23:14:56 [INFO]: ✓ Video downloaded successfully with yt-dlp
2025-10-04 23:14:56 [INFO]: ✓ Video downloaded: downloads/videos/DLMC56JO3bv.mp4
2025-10-04 23:14:56 [INFO]: 
[2/5] Extracting audio from video...
2025-10-04 23:14:56 [INFO]: Extracting audio from: downloads/videos/DLMC56JO3bv.mp4
2025-10-04 23:14:56 [INFO]: Output audio file: downloads/audio/DLMC56JO3bv.wav
2025-10-04 23:14:56 [INFO]: Format: wav, Sample rate: 16000Hz, Channels: 1
2025-10-04 23:14:56 [INFO]: Audio extraction completed successfully
2025-10-04 23:14:56 [INFO]: ✓ Audio extracted: downloads/audio/DLMC56JO3bv.wav
2025-10-04 23:14:56 [INFO]:   Duration: 60.02s
2025-10-04 23:14:56 [INFO]:   Sample Rate: 16000Hz
2025-10-04 23:14:56 [INFO]:   Channels: 1
2025-10-04 23:14:56 [INFO]: 
[3/5] Transcribing audio...
2025-10-04 23:14:56 [INFO]: Transcription method: auto
2025-10-04 23:14:56 [INFO]: Using Whisper CLI...
2025-10-04 23:14:56 [INFO]: Transcribing with Whisper CLI: downloads/audio/DLMC56JO3bv.wav
2025-10-04 23:15:01 [INFO]: Transcription with timestamps completed
2025-10-04 23:15:01 [INFO]: ✓ Transcription completed
2025-10-04 23:15:01 [INFO]:   Text length: 1046 characters
2025-10-04 23:15:01 [INFO]:   Segments: 26
2025-10-04 23:15:01 [INFO]: 
[4/5] AI Processing with Ollama...
2025-10-04 23:15:01 [INFO]: Found 3 Ollama models
2025-10-04 23:15:01 [INFO]:   Available models: deepseek-r1:14b, dimavz/whisper-tiny:latest, gemma3:4b
2025-10-04 23:15:01 [INFO]:   Generating summary...
2025-10-04 23:15:01 [INFO]: Generating with Ollama model: gemma3:4b
2025-10-04 23:15:06 [INFO]: Generation completed
2025-10-04 23:15:06 [INFO]: 
--- SUMMARY ---
Here’s a concise summary of the video transcription:

The video argues that using AI for simple tasks like affirmations is a waste of time when it could be used to build automated business systems. The speaker promotes the “AI Flow Club,” which offers weekly workshops on content automation, AI strategy, and practical tools like Notion systems and iPhone shortcuts to help entrepreneurs leverage AI for scaling their businesses. It’s a no-nonsense, community-driven approach to actually using AI for business growth.

2025-10-04 23:15:06 [INFO]:   Extracting key topics...
2025-10-04 23:15:06 [INFO]: Generating with Ollama model: gemma3:4b
2025-10-04 23:15:16 [INFO]: Generation completed
2025-10-04 23:15:16 [INFO]: 
--- KEY TOPICS ---
Here’s a breakdown of the main topics and themes discussed in the video transcription, presented as bullet points:

*   **AI for Business Automation:** The core focus is on using AI to automate business processes, not just for creative tasks like affirmations or mood boards.
*   **System Building with AI:** The video emphasizes creating scalable AI-powered systems, rather than individual prompts.
*   **Content Automation:** A specific workshop topic within the AI Flow Club.
*   **AI Strategy:** Another key workshop topic within the club.
*   **Practical Tools & Systems:** Mentioning specific tools like iPhone shortcuts, Notion, and Canva Brand Kit.
*   **Community & Learning:** The AI Flow Club is presented as a community where entrepreneurs share strategies and learn from each other.
*   **Moving Beyond "Diary" AI Use:** Criticizing the tendency to use AI for superficial or personal applications when it could be used for business growth.

Would you like me to elaborate on any of these points, or perhaps summarize a specific aspect of the video?

2025-10-04 23:15:16 [INFO]: 
[5/5] Writing results to CSV...
2025-10-04 23:15:16 [INFO]: Writing Notion-friendly CSV: ./output/transcriptions-notion.csv
2025-10-04 23:15:16 [INFO]: Successfully wrote video to Notion CSV
2025-10-04 23:15:16 [INFO]: ✓ Notion CSV written: ./output/transcriptions-notion.csv
2025-10-04 23:15:16 [INFO]: 
============================================================
2025-10-04 23:15:16 [INFO]: ✓ Pipeline completed successfully
2025-10-04 23:15:16 [INFO]:   Total time: 22.08s
2025-10-04 23:15:16 [INFO]: ============================================================
2025-10-04 23:15:16 [INFO]: ✓ Success
2025-10-04 23:15:16 [INFO]: Waiting 12.0s before next video...
2025-10-04 23:15:28 [INFO]: 
[42/104] Processing: https://www.instagram.com/techtiff.ai/reel/DLD7TPhSXq8/
2025-10-04 23:15:28 [INFO]: ============================================================
2025-10-04 23:15:28 [INFO]: Instagram Video Transcription Pipeline
2025-10-04 23:15:28 [INFO]: ============================================================
2025-10-04 23:15:28 [INFO]: URL: https://www.instagram.com/techtiff.ai/reel/DLD7TPhSXq8/
2025-10-04 23:15:28 [INFO]: 
[1/5] Downloading Instagram video...
2025-10-04 23:15:28 [INFO]: Downloading Instagram video with yt-dlp: https://www.instagram.com/techtiff.ai/reel/DLD7TPhSXq8/
2025-10-04 23:15:28 [INFO]: Output: downloads/videos/DLD7TPhSXq8.mp4
2025-10-04 23:15:30 [INFO]: ✓ Video downloaded successfully with yt-dlp
2025-10-04 23:15:30 [INFO]: ✓ Video downloaded: downloads/videos/DLD7TPhSXq8.mp4
2025-10-04 23:15:30 [INFO]: 
[2/5] Extracting audio from video...
2025-10-04 23:15:30 [INFO]: Extracting audio from: downloads/videos/DLD7TPhSXq8.mp4
2025-10-04 23:15:30 [INFO]: Output audio file: downloads/audio/DLD7TPhSXq8.wav
2025-10-04 23:15:30 [INFO]: Format: wav, Sample rate: 16000Hz, Channels: 1
2025-10-04 23:15:30 [INFO]: Audio extraction completed successfully
2025-10-04 23:15:30 [INFO]: ✓ Audio extracted: downloads/audio/DLD7TPhSXq8.wav
2025-10-04 23:15:30 [INFO]:   Duration: 65.74s
2025-10-04 23:15:30 [INFO]:   Sample Rate: 16000Hz
2025-10-04 23:15:30 [INFO]:   Channels: 1
2025-10-04 23:15:30 [INFO]: 
[3/5] Transcribing audio...
2025-10-04 23:15:30 [INFO]: Transcription method: auto
2025-10-04 23:15:30 [INFO]: Using Whisper CLI...
2025-10-04 23:15:30 [INFO]: Transcribing with Whisper CLI: downloads/audio/DLD7TPhSXq8.wav
2025-10-04 23:15:35 [INFO]: Transcription with timestamps completed
2025-10-04 23:15:35 [INFO]: ✓ Transcription completed
2025-10-04 23:15:35 [INFO]:   Text length: 1086 characters
2025-10-04 23:15:35 [INFO]:   Segments: 12
2025-10-04 23:15:35 [INFO]: 
[4/5] AI Processing with Ollama...
2025-10-04 23:15:35 [INFO]: Found 3 Ollama models
2025-10-04 23:15:35 [INFO]:   Available models: deepseek-r1:14b, dimavz/whisper-tiny:latest, gemma3:4b
2025-10-04 23:15:35 [INFO]:   Generating summary...
2025-10-04 23:15:35 [INFO]: Generating with Ollama model: gemma3:4b
2025-10-04 23:15:40 [INFO]: Generation completed
2025-10-04 23:15:40 [INFO]: 
--- SUMMARY ---
Here’s a concise summary of the video transcription:

This video promotes a shortcut using AI to streamline meeting follow-up. The AI automatically records, transcribes, summarizes, and even drafts a follow-up email from meeting notes. It integrates with Notion and sends a summary to attendees. The key takeaway is to leverage AI for busywork so you can focus on building relationships during meetings. 

---

Would you like me to elaborate on any specific aspect of the summary?

2025-10-04 23:15:40 [INFO]:   Extracting key topics...
2025-10-04 23:15:40 [INFO]: Generating with Ollama model: gemma3:4b
2025-10-04 23:15:49 [INFO]: Generation completed
2025-10-04 23:15:49 [INFO]: 
--- KEY TOPICS ---
Here’s a breakdown of the main topics and themes discussed in the video transcription, presented as bullet points:

*   **Meeting Recap Automation:** The core topic is using technology to automatically generate meeting recaps.
*   **Distraction Reduction:** The video highlights the problem of distractions during meetings and how the tool addresses this.
*   **AI-Powered Productivity:** The use of AI (specifically transcription and summarization) to streamline workflow.
*   **Notion Integration:** The tool’s use of Notion for organizing meeting notes and information.
*   **Workflow Optimization:** The overall goal is to improve productivity by automating repetitive tasks.
*   **AI Assistant & Relationship Building:** The video emphasizes shifting focus from “busy work” to prioritizing relationships.

Would you like me to elaborate on any of these points or perhaps identify any underlying themes (e.g., efficiency, time management)?

2025-10-04 23:15:49 [INFO]: 
[5/5] Writing results to CSV...
2025-10-04 23:15:49 [INFO]: Writing Notion-friendly CSV: ./output/transcriptions-notion.csv
2025-10-04 23:15:49 [INFO]: Successfully wrote video to Notion CSV
2025-10-04 23:15:49 [INFO]: ✓ Notion CSV written: ./output/transcriptions-notion.csv
2025-10-04 23:15:49 [INFO]: 
============================================================
2025-10-04 23:15:49 [INFO]: ✓ Pipeline completed successfully
2025-10-04 23:15:49 [INFO]:   Total time: 20.75s
2025-10-04 23:15:49 [INFO]: ============================================================
2025-10-04 23:15:49 [INFO]: ✓ Success
2025-10-04 23:15:49 [INFO]: Waiting 12.0s before next video...
2025-10-04 23:16:01 [INFO]: 
[43/104] Processing: https://www.instagram.com/techtiff.ai/reel/DK_AvUlJh-w/
2025-10-04 23:16:01 [INFO]: ============================================================
2025-10-04 23:16:01 [INFO]: Instagram Video Transcription Pipeline
2025-10-04 23:16:01 [INFO]: ============================================================
2025-10-04 23:16:01 [INFO]: URL: https://www.instagram.com/techtiff.ai/reel/DK_AvUlJh-w/
2025-10-04 23:16:01 [INFO]: 
[1/5] Downloading Instagram video...
2025-10-04 23:16:01 [INFO]: Downloading Instagram video with yt-dlp: https://www.instagram.com/techtiff.ai/reel/DK_AvUlJh-w/
2025-10-04 23:16:01 [INFO]: Output: downloads/videos/DK_AvUlJh-w.mp4
2025-10-04 23:16:03 [INFO]: ✓ Video downloaded successfully with yt-dlp
2025-10-04 23:16:03 [INFO]: ✓ Video downloaded: downloads/videos/DK_AvUlJh-w.mp4
2025-10-04 23:16:03 [INFO]: 
[2/5] Extracting audio from video...
2025-10-04 23:16:03 [INFO]: Extracting audio from: downloads/videos/DK_AvUlJh-w.mp4
2025-10-04 23:16:03 [INFO]: Output audio file: downloads/audio/DK_AvUlJh-w.wav
2025-10-04 23:16:03 [INFO]: Format: wav, Sample rate: 16000Hz, Channels: 1
2025-10-04 23:16:03 [INFO]: Audio extraction completed successfully
2025-10-04 23:16:03 [INFO]: ✓ Audio extracted: downloads/audio/DK_AvUlJh-w.wav
2025-10-04 23:16:03 [INFO]:   Duration: 73.72s
2025-10-04 23:16:03 [INFO]:   Sample Rate: 16000Hz
2025-10-04 23:16:03 [INFO]:   Channels: 1
2025-10-04 23:16:03 [INFO]: 
[3/5] Transcribing audio...
2025-10-04 23:16:03 [INFO]: Transcription method: auto
2025-10-04 23:16:03 [INFO]: Using Whisper CLI...
2025-10-04 23:16:03 [INFO]: Transcribing with Whisper CLI: downloads/audio/DK_AvUlJh-w.wav
2025-10-04 23:16:09 [INFO]: Transcription with timestamps completed
2025-10-04 23:16:09 [INFO]: ✓ Transcription completed
2025-10-04 23:16:09 [INFO]:   Text length: 1191 characters
2025-10-04 23:16:09 [INFO]:   Segments: 34
2025-10-04 23:16:09 [INFO]: 
[4/5] AI Processing with Ollama...
2025-10-04 23:16:09 [INFO]: Found 3 Ollama models
2025-10-04 23:16:09 [INFO]:   Available models: deepseek-r1:14b, dimavz/whisper-tiny:latest, gemma3:4b
2025-10-04 23:16:09 [INFO]:   Generating summary...
2025-10-04 23:16:09 [INFO]: Generating with Ollama model: gemma3:4b
2025-10-04 23:16:14 [INFO]: Generation completed
2025-10-04 23:16:14 [INFO]: 
--- SUMMARY ---
Here’s a concise summary of the video transcription:

The video suggests that overthinking and mental loops can prevent clear decision-making. The speaker recommends using ChatGPT as an “AI intern” to help break through this paralysis. Specifically, they suggest using a prompt that asks ChatGPT to analyze a situation, identify core decision factors, highlight potential overthinking, and outline actionable steps. The key takeaway is to leverage AI for strategic clarity and objective insight, shifting from passive listening to a productive thought partnership.

2025-10-04 23:16:14 [INFO]:   Extracting key topics...
2025-10-04 23:16:14 [INFO]: Generating with Ollama model: gemma3:4b
2025-10-04 23:16:24 [INFO]: Generation completed
2025-10-04 23:16:24 [INFO]: 
--- KEY TOPICS ---
Here’s a breakdown of the main topics and themes discussed in the video transcription, presented as bullet points:

*   **Overthinking & Decision Paralysis:** The core issue is addressing the problem of getting stuck in overthinking and struggling to make decisions.
*   **Spirit Guides & Energy Drain:** The video initially touches on the idea of depleted spiritual guidance contributing to the problem.
*   **Utilizing AI for Clarity:** The primary focus is on using AI (specifically ChatGPT) as a tool to overcome overthinking and gain strategic clarity.
*   **ChatGPT as a Thought Partner:** The video emphasizes shifting the role of AI from simply providing answers to acting as a genuine thought partner.
*   **Strategic Prompting:** The importance of crafting effective prompts for ChatGPT to elicit the *needed* information, rather than desired information.
*   **Actionable Insights & Next Steps:** The goal is to move beyond simply understanding the problem to receiving concrete action steps.

Would you like me to elaborate on any of these points, or perhaps summarize the overall message of the video?

2025-10-04 23:16:24 [INFO]: 
[5/5] Writing results to CSV...
2025-10-04 23:16:24 [INFO]: Writing Notion-friendly CSV: ./output/transcriptions-notion.csv
2025-10-04 23:16:24 [INFO]: Successfully wrote video to Notion CSV
2025-10-04 23:16:24 [INFO]: ✓ Notion CSV written: ./output/transcriptions-notion.csv
2025-10-04 23:16:24 [INFO]: 
============================================================
2025-10-04 23:16:24 [INFO]: ✓ Pipeline completed successfully
2025-10-04 23:16:24 [INFO]:   Total time: 23.11s
2025-10-04 23:16:24 [INFO]: ============================================================
2025-10-04 23:16:24 [INFO]: ✓ Success
2025-10-04 23:16:24 [INFO]: Waiting 12.0s before next video...
2025-10-04 23:16:36 [INFO]: 
[44/104] Processing: https://www.instagram.com/techtiff.ai/reel/DK0zcwtRG1A/
2025-10-04 23:16:36 [INFO]: ============================================================
2025-10-04 23:16:36 [INFO]: Instagram Video Transcription Pipeline
2025-10-04 23:16:36 [INFO]: ============================================================
2025-10-04 23:16:36 [INFO]: URL: https://www.instagram.com/techtiff.ai/reel/DK0zcwtRG1A/
2025-10-04 23:16:36 [INFO]: 
[1/5] Downloading Instagram video...
2025-10-04 23:16:36 [INFO]: Downloading Instagram video with yt-dlp: https://www.instagram.com/techtiff.ai/reel/DK0zcwtRG1A/
2025-10-04 23:16:36 [INFO]: Output: downloads/videos/DK0zcwtRG1A.mp4
2025-10-04 23:16:38 [INFO]: ✓ Video downloaded successfully with yt-dlp
2025-10-04 23:16:38 [INFO]: ✓ Video downloaded: downloads/videos/DK0zcwtRG1A.mp4
2025-10-04 23:16:38 [INFO]: 
[2/5] Extracting audio from video...
2025-10-04 23:16:38 [INFO]: Extracting audio from: downloads/videos/DK0zcwtRG1A.mp4
2025-10-04 23:16:38 [INFO]: Output audio file: downloads/audio/DK0zcwtRG1A.wav
2025-10-04 23:16:38 [INFO]: Format: wav, Sample rate: 16000Hz, Channels: 1
2025-10-04 23:16:38 [INFO]: Audio extraction completed successfully
2025-10-04 23:16:38 [INFO]: ✓ Audio extracted: downloads/audio/DK0zcwtRG1A.wav
2025-10-04 23:16:38 [INFO]:   Duration: 90.68s
2025-10-04 23:16:38 [INFO]:   Sample Rate: 16000Hz
2025-10-04 23:16:38 [INFO]:   Channels: 1
2025-10-04 23:16:38 [INFO]: 
[3/5] Transcribing audio...
2025-10-04 23:16:38 [INFO]: Transcription method: auto
2025-10-04 23:16:38 [INFO]: Using Whisper CLI...
2025-10-04 23:16:38 [INFO]: Transcribing with Whisper CLI: downloads/audio/DK0zcwtRG1A.wav
2025-10-04 23:16:45 [INFO]: Transcription with timestamps completed
2025-10-04 23:16:45 [INFO]: ✓ Transcription completed
2025-10-04 23:16:45 [INFO]:   Text length: 1448 characters
2025-10-04 23:16:45 [INFO]:   Segments: 26
2025-10-04 23:16:45 [INFO]: 
[4/5] AI Processing with Ollama...
2025-10-04 23:16:45 [INFO]: Found 3 Ollama models
2025-10-04 23:16:45 [INFO]:   Available models: deepseek-r1:14b, dimavz/whisper-tiny:latest, gemma3:4b
2025-10-04 23:16:45 [INFO]:   Generating summary...
2025-10-04 23:16:45 [INFO]: Generating with Ollama model: gemma3:4b
2025-10-04 23:16:50 [INFO]: Generation completed
2025-10-04 23:16:50 [INFO]: 
--- SUMMARY ---
Here’s a concise summary of the video:

The video highlights the common problem of meticulously planned schedules failing due to the challenges of accurately estimating time and the tendency to get sidetracked. It advocates switching from traditional time blocking to **Time Boxing**, where you schedule *time* rather than tasks.  The key takeaway is to use tools like ChatGPT not just for task breakdown, but also as an accountability partner and to help manage overwhelm. Ultimately, the video emphasizes the importance of training your AI assistant to support system building, not just completing individual tasks.

2025-10-04 23:16:50 [INFO]:   Extracting key topics...
2025-10-04 23:16:50 [INFO]: Generating with Ollama model: gemma3:4b
2025-10-04 23:17:00 [INFO]: Generation completed
2025-10-04 23:17:00 [INFO]: 
--- KEY TOPICS ---
Here’s a breakdown of the main topics and themes discussed in the video transcription, presented as bullet points:

*   **Time Blocking vs. Time Boxing:** The core of the video is a comparison and shift from traditional time blocking to time boxing.
*   **ADHD & Task Management:** The video acknowledges the challenges of ADHD (specifically, difficulty estimating time and getting easily distracted).
*   **Overwhelm & Procrastination:** The video addresses the feeling of overwhelm and the tendency to start new projects instead of finishing existing ones.
*   **Utilizing AI (ChatGPT) for Productivity:** The video highlights the use of ChatGPT as a tool for breaking down tasks, providing accountability, and offering emotional support.
*   **System Building & Training AI:** The video emphasizes that AI tools are only effective when combined with a structured system and intentional training.

Would you like me to elaborate on any of these points, or perhaps summarize the video’s overall message?

2025-10-04 23:17:00 [INFO]: 
[5/5] Writing results to CSV...
2025-10-04 23:17:00 [INFO]: Writing Notion-friendly CSV: ./output/transcriptions-notion.csv
2025-10-04 23:17:00 [INFO]: Successfully wrote video to Notion CSV
2025-10-04 23:17:00 [INFO]: ✓ Notion CSV written: ./output/transcriptions-notion.csv
2025-10-04 23:17:00 [INFO]: 
============================================================
2025-10-04 23:17:00 [INFO]: ✓ Pipeline completed successfully
2025-10-04 23:17:00 [INFO]:   Total time: 23.96s
2025-10-04 23:17:00 [INFO]: ============================================================
2025-10-04 23:17:00 [INFO]: ✓ Success
2025-10-04 23:17:00 [INFO]: Waiting 12.0s before next video...
2025-10-04 23:17:12 [INFO]: 
[45/104] Processing: https://www.instagram.com/techtiff.ai/reel/DKqhtb0xZdu/
2025-10-04 23:17:12 [INFO]: ============================================================
2025-10-04 23:17:12 [INFO]: Instagram Video Transcription Pipeline
2025-10-04 23:17:12 [INFO]: ============================================================
2025-10-04 23:17:12 [INFO]: URL: https://www.instagram.com/techtiff.ai/reel/DKqhtb0xZdu/
2025-10-04 23:17:12 [INFO]: 
[1/5] Downloading Instagram video...
2025-10-04 23:17:12 [INFO]: Downloading Instagram video with yt-dlp: https://www.instagram.com/techtiff.ai/reel/DKqhtb0xZdu/
2025-10-04 23:17:12 [INFO]: Output: downloads/videos/DKqhtb0xZdu.mp4
2025-10-04 23:17:14 [INFO]: ✓ Video downloaded successfully with yt-dlp
2025-10-04 23:17:14 [INFO]: ✓ Video downloaded: downloads/videos/DKqhtb0xZdu.mp4
2025-10-04 23:17:14 [INFO]: 
[2/5] Extracting audio from video...
2025-10-04 23:17:14 [INFO]: Extracting audio from: downloads/videos/DKqhtb0xZdu.mp4
2025-10-04 23:17:14 [INFO]: Output audio file: downloads/audio/DKqhtb0xZdu.wav
2025-10-04 23:17:14 [INFO]: Format: wav, Sample rate: 16000Hz, Channels: 1
2025-10-04 23:17:14 [INFO]: Audio extraction completed successfully
2025-10-04 23:17:14 [INFO]: ✓ Audio extracted: downloads/audio/DKqhtb0xZdu.wav
2025-10-04 23:17:14 [INFO]:   Duration: 69.36s
2025-10-04 23:17:14 [INFO]:   Sample Rate: 16000Hz
2025-10-04 23:17:14 [INFO]:   Channels: 1
2025-10-04 23:17:14 [INFO]: 
[3/5] Transcribing audio...
2025-10-04 23:17:14 [INFO]: Transcription method: auto
2025-10-04 23:17:14 [INFO]: Using Whisper CLI...
2025-10-04 23:17:14 [INFO]: Transcribing with Whisper CLI: downloads/audio/DKqhtb0xZdu.wav
2025-10-04 23:17:20 [INFO]: Transcription with timestamps completed
2025-10-04 23:17:20 [INFO]: ✓ Transcription completed
2025-10-04 23:17:20 [INFO]:   Text length: 1264 characters
2025-10-04 23:17:20 [INFO]:   Segments: 21
2025-10-04 23:17:20 [INFO]: 
[4/5] AI Processing with Ollama...
2025-10-04 23:17:20 [INFO]: Found 3 Ollama models
2025-10-04 23:17:20 [INFO]:   Available models: deepseek-r1:14b, dimavz/whisper-tiny:latest, gemma3:4b
2025-10-04 23:17:20 [INFO]:   Generating summary...
2025-10-04 23:17:20 [INFO]: Generating with Ollama model: gemma3:4b
2025-10-04 23:17:28 [INFO]: Generation completed
2025-10-04 23:17:28 [INFO]: 
--- SUMMARY ---
Here’s a concise summary of the video transcription:

The speaker argues that the key to business success with AI isn’t about chasing the latest apps, but about building **repeatable systems** that work *with* your brain. He highlights a custom iPhone shortcut – an AI-powered email assistant – that allows him to instantly draft professional, tone-appropriate responses with clear next steps. This system, built within the AI Flow Club, is designed to automate tasks and scale, rather than relying on manual prompt creation. The speaker encourages viewers to join the AI Flow Club for access to these automated systems and a call this Thursday. 

---

Would you like me to focus on a specific aspect of the summary, or perhaps provide a slightly different version?

2025-10-04 23:17:28 [INFO]:   Extracting key topics...
2025-10-04 23:17:28 [INFO]: Generating with Ollama model: gemma3:4b
2025-10-04 23:17:37 [INFO]: Generation completed
2025-10-04 23:17:37 [INFO]: 
--- KEY TOPICS ---
Here’s a breakdown of the main topics and themes discussed in the video transcription, presented as bullet points:

*   **Efficiency & Automation:** The core theme is about streamlining business processes and increasing efficiency.
*   **iPhone as a Business Hub:** The video emphasizes using the iPhone as the central tool for running a business.
*   **System Building over App Reliance:** It advocates for creating repeatable systems rather than relying solely on individual apps, particularly AI apps.
*   **Prompt Engineering:** The importance of crafting effective prompts for AI tools is a key focus.
*   **AI-Powered Automation:** Utilizing AI to build automated systems that handle tasks like email responses.
*   **Shortcut Systems:** Building simple, repeatable “shortcuts” for various business tasks.
*   **AI Flow Club:** Promoting the AI Flow Club and its community of founders.

Would you like me to elaborate on any of these points, or perhaps summarize a specific aspect of the video?

2025-10-04 23:17:37 [INFO]: 
[5/5] Writing results to CSV...
2025-10-04 23:17:37 [INFO]: Writing Notion-friendly CSV: ./output/transcriptions-notion.csv
2025-10-04 23:17:37 [INFO]: Successfully wrote video to Notion CSV
2025-10-04 23:17:37 [INFO]: ✓ Notion CSV written: ./output/transcriptions-notion.csv
2025-10-04 23:17:37 [INFO]: 
============================================================
2025-10-04 23:17:37 [INFO]: ✓ Pipeline completed successfully
2025-10-04 23:17:37 [INFO]:   Total time: 25.70s
2025-10-04 23:17:37 [INFO]: ============================================================
2025-10-04 23:17:37 [INFO]: ✓ Success
2025-10-04 23:17:37 [INFO]: Waiting 12.0s before next video...
2025-10-04 23:17:49 [INFO]: 
[46/104] Processing: https://www.instagram.com/techtiff.ai/reel/DKgRxrdOF6l/
2025-10-04 23:17:49 [INFO]: ============================================================
2025-10-04 23:17:49 [INFO]: Instagram Video Transcription Pipeline
2025-10-04 23:17:49 [INFO]: ============================================================
2025-10-04 23:17:49 [INFO]: URL: https://www.instagram.com/techtiff.ai/reel/DKgRxrdOF6l/
2025-10-04 23:17:49 [INFO]: 
[1/5] Downloading Instagram video...
2025-10-04 23:17:50 [INFO]: Downloading Instagram video with yt-dlp: https://www.instagram.com/techtiff.ai/reel/DKgRxrdOF6l/
2025-10-04 23:17:50 [INFO]: Output: downloads/videos/DKgRxrdOF6l.mp4
2025-10-04 23:17:52 [INFO]: ✓ Video downloaded successfully with yt-dlp
2025-10-04 23:17:52 [INFO]: ✓ Video downloaded: downloads/videos/DKgRxrdOF6l.mp4
2025-10-04 23:17:52 [INFO]: 
[2/5] Extracting audio from video...
2025-10-04 23:17:52 [INFO]: Extracting audio from: downloads/videos/DKgRxrdOF6l.mp4
2025-10-04 23:17:52 [INFO]: Output audio file: downloads/audio/DKgRxrdOF6l.wav
2025-10-04 23:17:52 [INFO]: Format: wav, Sample rate: 16000Hz, Channels: 1
2025-10-04 23:17:52 [INFO]: Audio extraction completed successfully
2025-10-04 23:17:52 [INFO]: ✓ Audio extracted: downloads/audio/DKgRxrdOF6l.wav
2025-10-04 23:17:52 [INFO]:   Duration: 72.98s
2025-10-04 23:17:52 [INFO]:   Sample Rate: 16000Hz
2025-10-04 23:17:52 [INFO]:   Channels: 1
2025-10-04 23:17:52 [INFO]: 
[3/5] Transcribing audio...
2025-10-04 23:17:52 [INFO]: Transcription method: auto
2025-10-04 23:17:52 [INFO]: Using Whisper CLI...
2025-10-04 23:17:52 [INFO]: Transcribing with Whisper CLI: downloads/audio/DKgRxrdOF6l.wav
2025-10-04 23:17:58 [INFO]: Transcription with timestamps completed
2025-10-04 23:17:58 [INFO]: ✓ Transcription completed
2025-10-04 23:17:58 [INFO]:   Text length: 1140 characters
2025-10-04 23:17:58 [INFO]:   Segments: 17
2025-10-04 23:17:58 [INFO]: 
[4/5] AI Processing with Ollama...
2025-10-04 23:17:58 [INFO]: Found 3 Ollama models
2025-10-04 23:17:58 [INFO]:   Available models: deepseek-r1:14b, dimavz/whisper-tiny:latest, gemma3:4b
2025-10-04 23:17:58 [INFO]:   Generating summary...
2025-10-04 23:17:58 [INFO]: Generating with Ollama model: gemma3:4b
2025-10-04 23:18:05 [INFO]: Generation completed
2025-10-04 23:18:05 [INFO]: 
--- SUMMARY ---
Here’s a concise summary of the video transcription:

The video advocates for a more efficient system than simply writing ideas down. The speaker demonstrates a shortcut that uses AI (ChatGPT and Notion’s AI) to instantly digitize handwritten notes, organize them, and integrate them directly into a to-do list. This eliminates the problem of ideas getting lost in notebooks and allows for quick insights and a searchable, AI-powered study guide. The key takeaway is to move beyond traditional note-taking and embrace a system that seamlessly connects your ideas to action.

2025-10-04 23:18:05 [INFO]:   Extracting key topics...
2025-10-04 23:18:05 [INFO]: Generating with Ollama model: gemma3:4b
2025-10-04 23:18:18 [INFO]: Generation completed
2025-10-04 23:18:18 [INFO]: 
--- KEY TOPICS ---
Here’s a breakdown of the main topics and themes discussed in the video transcription, presented as bullet points:

*   **Digital Note-Taking Alternatives:** The core discussion revolves around moving beyond traditional handwritten notes and exploring digital solutions.
*   **Using AI for Note Organization:** Specifically, utilizing AI (ChatGPT and Notion’s AI feature) to organize, summarize, and extract insights from handwritten notes.
*   **Workflow Integration:** Connecting note-taking with productivity tools like Notion and LM (presumably a note-taking app) to create a seamless workflow.
*   **Turning Notes into Study Guides:** Demonstrating how to quickly transform handwritten notes into usable study materials.
*   **Audio Consumption of Notes:** Highlighting the ability to listen to notes as a podcast.
*   **Focus on Idea Capture:** The central argument is that the goal isn’t just more notes, but a system that effectively captures and utilizes ideas as they arise.

Would you like me to elaborate on any of these points, or perhaps summarize a specific aspect of the video?

2025-10-04 23:18:18 [INFO]: 
[5/5] Writing results to CSV...
2025-10-04 23:18:18 [INFO]: Writing Notion-friendly CSV: ./output/transcriptions-notion.csv
2025-10-04 23:18:18 [INFO]: Successfully wrote video to Notion CSV
2025-10-04 23:18:18 [INFO]: ✓ Notion CSV written: ./output/transcriptions-notion.csv
2025-10-04 23:18:18 [INFO]: 
============================================================
2025-10-04 23:18:18 [INFO]: ✓ Pipeline completed successfully
2025-10-04 23:18:18 [INFO]:   Total time: 28.27s
2025-10-04 23:18:18 [INFO]: ============================================================
2025-10-04 23:18:18 [INFO]: ✓ Success
2025-10-04 23:18:18 [INFO]: Waiting 12.0s before next video...
2025-10-04 23:18:30 [INFO]: 
[47/104] Processing: https://www.instagram.com/techtiff.ai/reel/DKbCqlHRwiW/
2025-10-04 23:18:30 [INFO]: ============================================================
2025-10-04 23:18:30 [INFO]: Instagram Video Transcription Pipeline
2025-10-04 23:18:30 [INFO]: ============================================================
2025-10-04 23:18:30 [INFO]: URL: https://www.instagram.com/techtiff.ai/reel/DKbCqlHRwiW/
2025-10-04 23:18:30 [INFO]: 
[1/5] Downloading Instagram video...
2025-10-04 23:18:30 [INFO]: Downloading Instagram video with yt-dlp: https://www.instagram.com/techtiff.ai/reel/DKbCqlHRwiW/
2025-10-04 23:18:30 [INFO]: Output: downloads/videos/DKbCqlHRwiW.mp4
2025-10-04 23:18:32 [INFO]: ✓ Video downloaded successfully with yt-dlp
2025-10-04 23:18:32 [INFO]: ✓ Video downloaded: downloads/videos/DKbCqlHRwiW.mp4
2025-10-04 23:18:32 [INFO]: 
[2/5] Extracting audio from video...
2025-10-04 23:18:32 [INFO]: Extracting audio from: downloads/videos/DKbCqlHRwiW.mp4
2025-10-04 23:18:32 [INFO]: Output audio file: downloads/audio/DKbCqlHRwiW.wav
2025-10-04 23:18:32 [INFO]: Format: wav, Sample rate: 16000Hz, Channels: 1
2025-10-04 23:18:32 [INFO]: Audio extraction completed successfully
2025-10-04 23:18:32 [INFO]: ✓ Audio extracted: downloads/audio/DKbCqlHRwiW.wav
2025-10-04 23:18:32 [INFO]:   Duration: 74.65s
2025-10-04 23:18:32 [INFO]:   Sample Rate: 16000Hz
2025-10-04 23:18:32 [INFO]:   Channels: 1
2025-10-04 23:18:32 [INFO]: 
[3/5] Transcribing audio...
2025-10-04 23:18:32 [INFO]: Transcription method: auto
2025-10-04 23:18:32 [INFO]: Using Whisper CLI...
2025-10-04 23:18:32 [INFO]: Transcribing with Whisper CLI: downloads/audio/DKbCqlHRwiW.wav
2025-10-04 23:18:38 [INFO]: Transcription with timestamps completed
2025-10-04 23:18:38 [INFO]: ✓ Transcription completed
2025-10-04 23:18:38 [INFO]:   Text length: 1268 characters
2025-10-04 23:18:38 [INFO]:   Segments: 17
2025-10-04 23:18:38 [INFO]: 
[4/5] AI Processing with Ollama...
2025-10-04 23:18:38 [INFO]: Found 3 Ollama models
2025-10-04 23:18:38 [INFO]:   Available models: deepseek-r1:14b, dimavz/whisper-tiny:latest, gemma3:4b
2025-10-04 23:18:38 [INFO]:   Generating summary...
2025-10-04 23:18:38 [INFO]: Generating with Ollama model: gemma3:4b
2025-10-04 23:18:45 [INFO]: Generation completed
2025-10-04 23:18:45 [INFO]: 
--- SUMMARY ---
Here’s a concise summary of the video transcription:

The video promotes a system using ChatGPT as a virtual assistant to combat calendar chaos. The creator automates their daily schedule by having their iPhone send calendar events to ChatGPT, which then creates time blocks, batches tasks, and suggests how to utilize free time based on goals. The plan is then delivered to platforms like Notion or email. Essentially, it’s about leveraging AI to proactively manage and optimize your schedule, rather than just tracking it. 

**Key Takeaway:** Use ChatGPT to build a personalized daily plan and automate your schedule management.

2025-10-04 23:18:45 [INFO]:   Extracting key topics...
2025-10-04 23:18:45 [INFO]: Generating with Ollama model: gemma3:4b
2025-10-04 23:19:00 [INFO]: Generation completed
2025-10-04 23:19:00 [INFO]: 
--- KEY TOPICS ---
Here’s a breakdown of the main topics and themes discussed in the video transcription, presented as bullet points:

*   **Calendar Chaos & Overwhelm:** The core issue highlighted is the feeling of being overwhelmed by a packed and disorganized calendar.
*   **AI as a Virtual Assistant:** The central solution presented is utilizing ChatGPT as a personalized virtual assistant.
*   **Automation & Daily Planning:** The video focuses on automating daily tasks and creating structured plans using ChatGPT.
*   **Time Blocking & Task Batching:** ChatGPT is trained to implement time blocking and batch similar tasks for efficiency.
*   **Integration with Productivity Tools:** The system integrates with tools like Notion and potentially others (email, text) for seamless task management.
*   **ChatGPT Training & Prompting:** The importance of training ChatGPT to mimic an executive assistant and using effective prompts is emphasized.
*   **AI Flow Club:** The video promotes a community/resource called “AI Flow Club” where this shortcut can be found.

Would you like me to elaborate on any of these points or perhaps summarize the overall message of the video?

2025-10-04 23:19:00 [INFO]: 
[5/5] Writing results to CSV...
2025-10-04 23:19:00 [INFO]: Writing Notion-friendly CSV: ./output/transcriptions-notion.csv
2025-10-04 23:19:00 [INFO]: Successfully wrote video to Notion CSV
2025-10-04 23:19:00 [INFO]: ✓ Notion CSV written: ./output/transcriptions-notion.csv
2025-10-04 23:19:00 [INFO]: 
============================================================
2025-10-04 23:19:00 [INFO]: ✓ Pipeline completed successfully
2025-10-04 23:19:00 [INFO]:   Total time: 30.18s
2025-10-04 23:19:00 [INFO]: ============================================================
2025-10-04 23:19:00 [INFO]: ✓ Success
2025-10-04 23:19:00 [INFO]: Waiting 12.0s before next video...
2025-10-04 23:19:12 [INFO]: 
[48/104] Processing: https://www.instagram.com/techtiff.ai/reel/DKVvoj5v2MH/
2025-10-04 23:19:12 [INFO]: ============================================================
2025-10-04 23:19:12 [INFO]: Instagram Video Transcription Pipeline
2025-10-04 23:19:12 [INFO]: ============================================================
2025-10-04 23:19:12 [INFO]: URL: https://www.instagram.com/techtiff.ai/reel/DKVvoj5v2MH/
2025-10-04 23:19:12 [INFO]: 
[1/5] Downloading Instagram video...
2025-10-04 23:19:12 [INFO]: Downloading Instagram video with yt-dlp: https://www.instagram.com/techtiff.ai/reel/DKVvoj5v2MH/
2025-10-04 23:19:12 [INFO]: Output: downloads/videos/DKVvoj5v2MH.mp4
2025-10-04 23:19:15 [INFO]: ✓ Video downloaded successfully with yt-dlp
2025-10-04 23:19:15 [INFO]: ✓ Video downloaded: downloads/videos/DKVvoj5v2MH.mp4
2025-10-04 23:19:15 [INFO]: 
[2/5] Extracting audio from video...
2025-10-04 23:19:15 [INFO]: Extracting audio from: downloads/videos/DKVvoj5v2MH.mp4
2025-10-04 23:19:15 [INFO]: Output audio file: downloads/audio/DKVvoj5v2MH.wav
2025-10-04 23:19:15 [INFO]: Format: wav, Sample rate: 16000Hz, Channels: 1
2025-10-04 23:19:15 [INFO]: Audio extraction completed successfully
2025-10-04 23:19:15 [INFO]: ✓ Audio extracted: downloads/audio/DKVvoj5v2MH.wav
2025-10-04 23:19:15 [INFO]:   Duration: 76.42s
2025-10-04 23:19:15 [INFO]:   Sample Rate: 16000Hz
2025-10-04 23:19:15 [INFO]:   Channels: 1
2025-10-04 23:19:15 [INFO]: 
[3/5] Transcribing audio...
2025-10-04 23:19:15 [INFO]: Transcription method: auto
2025-10-04 23:19:15 [INFO]: Using Whisper CLI...
2025-10-04 23:19:15 [INFO]: Transcribing with Whisper CLI: downloads/audio/DKVvoj5v2MH.wav
2025-10-04 23:19:20 [INFO]: Transcription with timestamps completed
2025-10-04 23:19:20 [INFO]: ✓ Transcription completed
2025-10-04 23:19:20 [INFO]:   Text length: 1242 characters
2025-10-04 23:19:20 [INFO]:   Segments: 29
2025-10-04 23:19:20 [INFO]: 
[4/5] AI Processing with Ollama...
2025-10-04 23:19:20 [INFO]: Found 3 Ollama models
2025-10-04 23:19:20 [INFO]:   Available models: deepseek-r1:14b, dimavz/whisper-tiny:latest, gemma3:4b
2025-10-04 23:19:20 [INFO]:   Generating summary...
2025-10-04 23:19:20 [INFO]: Generating with Ollama model: gemma3:4b
2025-10-04 23:19:32 [INFO]: Generation completed
2025-10-04 23:19:32 [INFO]: 
--- SUMMARY ---
Here’s a concise summary of the video transcription:

This video promotes a system for content creation using an iPhone shortcut and ChatGPT. The core idea is to eliminate the struggle of “blank page syndrome” by automating the process of generating 10 pieces of content from a simple idea. The system involves sending an idea to ChatGPT with a pre-written prompt, resulting in content tailored to the user’s voice and with built-in structure. The finished content is then saved and organized for easy access. The video encourages viewers to join the “AI Flow Club” for access to the shortcut and templates. 

**Key Takeaways:**

*   **Automation:** Use an iPhone shortcut and ChatGPT to automate content creation.
*   **Efficiency:** Turn a basic idea into multiple pieces of content quickly.
*   **Systematic Approach:**  Avoid starting from scratch by having a structured process.

2025-10-04 23:19:32 [INFO]:   Extracting key topics...
2025-10-04 23:19:32 [INFO]: Generating with Ollama model: gemma3:4b
2025-10-04 23:19:42 [INFO]: Generation completed
2025-10-04 23:19:42 [INFO]: 
--- KEY TOPICS ---
Here’s a breakdown of the main topics and themes discussed in the video transcription, presented as bullet points:

*   **AI-Powered Content Generation:** The core topic is using AI (specifically ChatGPT) to automate content creation.
*   **iPhone Shortcuts:** The video demonstrates using iPhone shortcuts to streamline the content generation process.
*   **Efficiency & Automation:** The video highlights the goal of eliminating time-consuming tasks like brainstorming and staring at a blank screen.
*   **Systemization of Content Creation:** The speaker emphasizes creating a structured system for taking ideas and turning them into actionable content.
*   **Turning Ideas into Strategy:** The system isn't just about generating content, but also about building a strategic approach.
*   **Overcoming Writer's Block:** The video addresses the common problem of struggling to come up with content ideas.

Would you like me to elaborate on any of these points or perhaps summarize the video's overall message?

2025-10-04 23:19:42 [INFO]: 
[5/5] Writing results to CSV...
2025-10-04 23:19:42 [INFO]: Writing Notion-friendly CSV: ./output/transcriptions-notion.csv
2025-10-04 23:19:42 [INFO]: Successfully wrote video to Notion CSV
2025-10-04 23:19:42 [INFO]: ✓ Notion CSV written: ./output/transcriptions-notion.csv
2025-10-04 23:19:42 [INFO]: 
============================================================
2025-10-04 23:19:42 [INFO]: ✓ Pipeline completed successfully
2025-10-04 23:19:42 [INFO]:   Total time: 30.07s
2025-10-04 23:19:42 [INFO]: ============================================================
2025-10-04 23:19:42 [INFO]: ✓ Success
2025-10-04 23:19:42 [INFO]: Waiting 12.0s before next video...
2025-10-04 23:19:54 [INFO]: 
[49/104] Processing: https://www.instagram.com/techtiff.ai/reel/DKQlz7svstg/
2025-10-04 23:19:54 [INFO]: ============================================================
2025-10-04 23:19:54 [INFO]: Instagram Video Transcription Pipeline
2025-10-04 23:19:54 [INFO]: ============================================================
2025-10-04 23:19:54 [INFO]: URL: https://www.instagram.com/techtiff.ai/reel/DKQlz7svstg/
2025-10-04 23:19:54 [INFO]: 
[1/5] Downloading Instagram video...
2025-10-04 23:19:54 [INFO]: Downloading Instagram video with yt-dlp: https://www.instagram.com/techtiff.ai/reel/DKQlz7svstg/
2025-10-04 23:19:54 [INFO]: Output: downloads/videos/DKQlz7svstg.mp4
2025-10-04 23:19:56 [INFO]: ✓ Video downloaded successfully with yt-dlp
2025-10-04 23:19:56 [INFO]: ✓ Video downloaded: downloads/videos/DKQlz7svstg.mp4
2025-10-04 23:19:56 [INFO]: 
[2/5] Extracting audio from video...
2025-10-04 23:19:56 [INFO]: Extracting audio from: downloads/videos/DKQlz7svstg.mp4
2025-10-04 23:19:56 [INFO]: Output audio file: downloads/audio/DKQlz7svstg.wav
2025-10-04 23:19:56 [INFO]: Format: wav, Sample rate: 16000Hz, Channels: 1
2025-10-04 23:19:56 [INFO]: Audio extraction completed successfully
2025-10-04 23:19:56 [INFO]: ✓ Audio extracted: downloads/audio/DKQlz7svstg.wav
2025-10-04 23:19:56 [INFO]:   Duration: 62.53s
2025-10-04 23:19:56 [INFO]:   Sample Rate: 16000Hz
2025-10-04 23:19:56 [INFO]:   Channels: 1
2025-10-04 23:19:56 [INFO]: 
[3/5] Transcribing audio...
2025-10-04 23:19:56 [INFO]: Transcription method: auto
2025-10-04 23:19:56 [INFO]: Using Whisper CLI...
2025-10-04 23:19:56 [INFO]: Transcribing with Whisper CLI: downloads/audio/DKQlz7svstg.wav
2025-10-04 23:20:02 [INFO]: Transcription with timestamps completed
2025-10-04 23:20:02 [INFO]: ✓ Transcription completed
2025-10-04 23:20:02 [INFO]:   Text length: 1122 characters
2025-10-04 23:20:02 [INFO]:   Segments: 18
2025-10-04 23:20:02 [INFO]: 
[4/5] AI Processing with Ollama...
2025-10-04 23:20:02 [INFO]: Found 3 Ollama models
2025-10-04 23:20:02 [INFO]:   Available models: deepseek-r1:14b, dimavz/whisper-tiny:latest, gemma3:4b
2025-10-04 23:20:02 [INFO]:   Generating summary...
2025-10-04 23:20:02 [INFO]: Generating with Ollama model: gemma3:4b
2025-10-04 23:20:09 [INFO]: Generation completed
2025-10-04 23:20:09 [INFO]: 
--- SUMMARY ---
Here’s a concise summary of the video transcription:

The video highlights the common mistake of using GPTs simply for creative tasks like journaling, instead of leveraging their sales potential. The key takeaway is that you need to **train your GPT to actively promote your offers.** This involves:

1.  **Uploading a document** detailing all your products/services.
2.  **Providing clear instructions** on how the GPT should access and utilize this information.
3.  **Defining the desired conversation flow** – instructing it to qualify leads, match them with your offers, and drop relevant links.

Essentially, the video argues that a properly trained GPT should function as a sales rep, not just a conversational tool.

2025-10-04 23:20:09 [INFO]:   Extracting key topics...
2025-10-04 23:20:09 [INFO]: Generating with Ollama model: gemma3:4b
2025-10-04 23:20:24 [INFO]: Generation completed
2025-10-04 23:20:24 [INFO]: 
--- KEY TOPICS ---
Here’s a breakdown of the main topics and themes discussed in the video transcription, presented as bullet points:

*   **Utilizing GPT for Sales & Lead Generation:** The core topic is how to effectively use GPT models (like ChatGPT) not just for creative tasks (writing captions, journaling) but for actual sales and lead generation.
*   **Training GPT for Sales Processes:** The video emphasizes the importance of “training” the GPT – specifically, feeding it information about your products/services and instructing it on how to qualify leads and direct them to your offers.
*   **GPT as a Sales Rep:** The video frames the GPT’s role as a virtual sales representative, highlighting the need for it to proactively guide customers.
*   **Step-by-Step Training Process:** The video outlines a three-step process for training the GPT:
    *   Uploading documents with offer details.
    *   Adding instructions on where to find information and how to use it.
    *   Defining specific instructions for its role in conversations.
*   **Recognizing a “Toy” vs. a “Tool”:** The video warns against simply having a GPT that can only perform basic tasks and emphasizes the need to build a system that actively drives sales.

Would you like me to elaborate on any of these points or perhaps summarize the overall message of the video?

2025-10-04 23:20:24 [INFO]: 
[5/5] Writing results to CSV...
2025-10-04 23:20:24 [INFO]: Writing Notion-friendly CSV: ./output/transcriptions-notion.csv
2025-10-04 23:20:24 [INFO]: Successfully wrote video to Notion CSV
2025-10-04 23:20:24 [INFO]: ✓ Notion CSV written: ./output/transcriptions-notion.csv
2025-10-04 23:20:24 [INFO]: 
============================================================
2025-10-04 23:20:24 [INFO]: ✓ Pipeline completed successfully
2025-10-04 23:20:24 [INFO]:   Total time: 30.46s
2025-10-04 23:20:24 [INFO]: ============================================================
2025-10-04 23:20:24 [INFO]: ✓ Success
2025-10-04 23:20:24 [INFO]: Waiting 12.0s before next video...
2025-10-04 23:20:36 [INFO]: 
[50/104] Processing: https://www.instagram.com/techtiff.ai/reel/DKIToK_TEFK/
2025-10-04 23:20:36 [INFO]: ============================================================
2025-10-04 23:20:36 [INFO]: Instagram Video Transcription Pipeline
2025-10-04 23:20:36 [INFO]: ============================================================
2025-10-04 23:20:36 [INFO]: URL: https://www.instagram.com/techtiff.ai/reel/DKIToK_TEFK/
2025-10-04 23:20:36 [INFO]: 
[1/5] Downloading Instagram video...
2025-10-04 23:20:37 [INFO]: Downloading Instagram video with yt-dlp: https://www.instagram.com/techtiff.ai/reel/DKIToK_TEFK/
2025-10-04 23:20:37 [INFO]: Output: downloads/videos/DKIToK_TEFK.mp4
2025-10-04 23:20:38 [INFO]: ✓ Video downloaded successfully with yt-dlp
2025-10-04 23:20:38 [INFO]: ✓ Video downloaded: downloads/videos/DKIToK_TEFK.mp4
2025-10-04 23:20:38 [INFO]: 
[2/5] Extracting audio from video...
2025-10-04 23:20:38 [INFO]: Extracting audio from: downloads/videos/DKIToK_TEFK.mp4
2025-10-04 23:20:38 [INFO]: Output audio file: downloads/audio/DKIToK_TEFK.wav
2025-10-04 23:20:38 [INFO]: Format: wav, Sample rate: 16000Hz, Channels: 1
2025-10-04 23:20:39 [INFO]: Audio extraction completed successfully
2025-10-04 23:20:39 [INFO]: ✓ Audio extracted: downloads/audio/DKIToK_TEFK.wav
2025-10-04 23:20:39 [INFO]:   Duration: 46.37s
2025-10-04 23:20:39 [INFO]:   Sample Rate: 16000Hz
2025-10-04 23:20:39 [INFO]:   Channels: 1
2025-10-04 23:20:39 [INFO]: 
[3/5] Transcribing audio...
2025-10-04 23:20:39 [INFO]: Transcription method: auto
2025-10-04 23:20:39 [INFO]: Using Whisper CLI...
2025-10-04 23:20:39 [INFO]: Transcribing with Whisper CLI: downloads/audio/DKIToK_TEFK.wav
2025-10-04 23:20:43 [INFO]: Transcription with timestamps completed
2025-10-04 23:20:43 [INFO]: ✓ Transcription completed
2025-10-04 23:20:43 [INFO]:   Text length: 805 characters
2025-10-04 23:20:43 [INFO]:   Segments: 19
2025-10-04 23:20:43 [INFO]: 
[4/5] AI Processing with Ollama...
2025-10-04 23:20:43 [INFO]: Found 3 Ollama models
2025-10-04 23:20:43 [INFO]:   Available models: deepseek-r1:14b, dimavz/whisper-tiny:latest, gemma3:4b
2025-10-04 23:20:43 [INFO]:   Generating summary...
2025-10-04 23:20:43 [INFO]: Generating with Ollama model: gemma3:4b
2025-10-04 23:20:49 [INFO]: Generation completed
2025-10-04 23:20:49 [INFO]: 
--- SUMMARY ---
Here’s a concise summary of the video transcription:

The video argues that most productivity apps aren’t tailored to individual needs, leading to frustration. The creator is launching a personalized gold tracker app designed to support your specific goals and habits. It offers customization, daily check-ins, and reflection spaces. The key takeaway is to create a system that truly fits *you*, rather than relying on generic apps.  Viewers are encouraged to duplicate the app and share their customized versions. 

---

Would you like me to elaborate on any specific aspect of the summary?

2025-10-04 23:20:49 [INFO]:   Extracting key topics...
2025-10-04 23:20:49 [INFO]: Generating with Ollama model: gemma3:4b
2025-10-04 23:21:00 [INFO]: Generation completed
2025-10-04 23:21:00 [INFO]: 
--- KEY TOPICS ---
Here’s a breakdown of the main topics and themes discussed in the video transcription, presented as bullet points:

*   **Personalized Productivity Systems:** The core topic is about creating a productivity system tailored to an individual’s specific needs and goals.
*   **Critique of Generic Productivity Apps:** The video argues that existing productivity apps are too broad and don’t cater to individual users effectively.
*   **DIY Productivity Solution:** The speaker advocates for building a custom productivity app or system rather than relying on pre-made solutions.
*   **Customization & Personalization:** The emphasis is on the importance of adapting tools to fit one’s unique habits, intentions, and “version of self.”
*   **Habit Tracking & Reflection:** Specific features highlighted include daily check-ins, habit tracking, intention setting, and reflection spaces.
*   **Call to Action:** The video encourages viewers to duplicate and customize the speaker’s app and share their creations.

Would you like me to elaborate on any of these points, or perhaps identify any underlying themes (e.g., self-discovery, agency, or intentional living)?

2025-10-04 23:21:00 [INFO]: 
[5/5] Writing results to CSV...
2025-10-04 23:21:00 [INFO]: Writing Notion-friendly CSV: ./output/transcriptions-notion.csv
2025-10-04 23:21:00 [INFO]: Successfully wrote video to Notion CSV
2025-10-04 23:21:00 [INFO]: ✓ Notion CSV written: ./output/transcriptions-notion.csv
2025-10-04 23:21:00 [INFO]: 
============================================================
2025-10-04 23:21:00 [INFO]: ✓ Pipeline completed successfully
2025-10-04 23:21:00 [INFO]:   Total time: 23.13s
2025-10-04 23:21:00 [INFO]: ============================================================
2025-10-04 23:21:00 [INFO]: ✓ Success
2025-10-04 23:21:00 [INFO]: Waiting 12.0s before next video...
2025-10-04 23:21:12 [INFO]: 
[51/104] Processing: https://www.instagram.com/techtiff.ai/reel/DKBNF-IpEnb/
2025-10-04 23:21:12 [INFO]: ============================================================
2025-10-04 23:21:12 [INFO]: Instagram Video Transcription Pipeline
2025-10-04 23:21:12 [INFO]: ============================================================
2025-10-04 23:21:12 [INFO]: URL: https://www.instagram.com/techtiff.ai/reel/DKBNF-IpEnb/
2025-10-04 23:21:12 [INFO]: 
[1/5] Downloading Instagram video...
2025-10-04 23:21:12 [INFO]: Downloading Instagram video with yt-dlp: https://www.instagram.com/techtiff.ai/reel/DKBNF-IpEnb/
2025-10-04 23:21:12 [INFO]: Output: downloads/videos/DKBNF-IpEnb.mp4
2025-10-04 23:21:14 [INFO]: ✓ Video downloaded successfully with yt-dlp
2025-10-04 23:21:14 [INFO]: ✓ Video downloaded: downloads/videos/DKBNF-IpEnb.mp4
2025-10-04 23:21:14 [INFO]: 
[2/5] Extracting audio from video...
2025-10-04 23:21:14 [INFO]: Extracting audio from: downloads/videos/DKBNF-IpEnb.mp4
2025-10-04 23:21:14 [INFO]: Output audio file: downloads/audio/DKBNF-IpEnb.wav
2025-10-04 23:21:14 [INFO]: Format: wav, Sample rate: 16000Hz, Channels: 1
2025-10-04 23:21:14 [INFO]: Audio extraction completed successfully
2025-10-04 23:21:14 [INFO]: ✓ Audio extracted: downloads/audio/DKBNF-IpEnb.wav
2025-10-04 23:21:14 [INFO]:   Duration: 85.06s
2025-10-04 23:21:14 [INFO]:   Sample Rate: 16000Hz
2025-10-04 23:21:14 [INFO]:   Channels: 1
2025-10-04 23:21:14 [INFO]: 
[3/5] Transcribing audio...
2025-10-04 23:21:14 [INFO]: Transcription method: auto
2025-10-04 23:21:14 [INFO]: Using Whisper CLI...
2025-10-04 23:21:14 [INFO]: Transcribing with Whisper CLI: downloads/audio/DKBNF-IpEnb.wav
2025-10-04 23:21:20 [INFO]: Transcription with timestamps completed
2025-10-04 23:21:20 [INFO]: ✓ Transcription completed
2025-10-04 23:21:20 [INFO]:   Text length: 1519 characters
2025-10-04 23:21:20 [INFO]:   Segments: 29
2025-10-04 23:21:20 [INFO]: 
[4/5] AI Processing with Ollama...
2025-10-04 23:21:20 [INFO]: Found 3 Ollama models
2025-10-04 23:21:20 [INFO]:   Available models: deepseek-r1:14b, dimavz/whisper-tiny:latest, gemma3:4b
2025-10-04 23:21:20 [INFO]:   Generating summary...
2025-10-04 23:21:20 [INFO]: Generating with Ollama model: gemma3:4b
2025-10-04 23:21:28 [INFO]: Generation completed
2025-10-04 23:21:28 [INFO]: 
--- SUMMARY ---
Here’s a concise summary of the video transcription:

This video highlights four key cybersecurity tips to avoid online scams. **Firstly, always check the spelling of sender names – real creators rarely misspell their own.** **Secondly, be wary of unsolicited DMs offering crypto, coaching, or free readings.** **Thirdly, if something feels suspicious, report the account immediately.** **Finally, use AI (like ChatGPT) to analyze suspicious messages for red flags.** The video emphasizes that you don't need to be a cybersecurity expert, just aware of potentially “fishy” behavior and reporting it. 

---

Would you like me to elaborate on any specific point or create a slightly different version of the summary?

2025-10-04 23:21:28 [INFO]:   Extracting key topics...
2025-10-04 23:21:28 [INFO]: Generating with Ollama model: gemma3:4b
2025-10-04 23:21:38 [INFO]: Generation completed
2025-10-04 23:21:38 [INFO]: 
--- KEY TOPICS ---
Here’s a breakdown of the main topics and themes discussed in the video transcription, presented as bullet points:

*   **Online Scams & Fraud:** The core topic is identifying and avoiding online scams.
*   **AI as a Tool for Detection:** Utilizing ChatGPT to analyze suspicious messages and identify red flags.
*   **Spotting Fake Profiles:** Recognizing scammers who mimic legitimate creators (using profile pictures, copied content, and similar usernames).
*   **Red Flags in Messages:** Specifically, the video highlights the danger of unsolicited offers of crypto, coaching, or free readings.
*   **Importance of Reporting:** Stressing the effectiveness of reporting suspicious accounts to disrupt scam operations.
*   **Verification of Official Channels:** Emphasizing the need to always access information and collaborations through verified official links.

Would you like me to elaborate on any of these points, or perhaps summarize the overall message of the video?

2025-10-04 23:21:38 [INFO]: 
[5/5] Writing results to CSV...
2025-10-04 23:21:38 [INFO]: Writing Notion-friendly CSV: ./output/transcriptions-notion.csv
2025-10-04 23:21:38 [INFO]: Successfully wrote video to Notion CSV
2025-10-04 23:21:38 [INFO]: ✓ Notion CSV written: ./output/transcriptions-notion.csv
2025-10-04 23:21:38 [INFO]: 
============================================================
2025-10-04 23:21:38 [INFO]: ✓ Pipeline completed successfully
2025-10-04 23:21:38 [INFO]:   Total time: 26.16s
2025-10-04 23:21:38 [INFO]: ============================================================
2025-10-04 23:21:38 [INFO]: ✓ Success
2025-10-04 23:21:38 [INFO]: Waiting 12.0s before next video...
2025-10-04 23:21:50 [INFO]: 
[52/104] Processing: https://www.instagram.com/techtiff.ai/reel/DKAlNdzzNR1/
2025-10-04 23:21:50 [INFO]: ============================================================
2025-10-04 23:21:50 [INFO]: Instagram Video Transcription Pipeline
2025-10-04 23:21:50 [INFO]: ============================================================
2025-10-04 23:21:50 [INFO]: URL: https://www.instagram.com/techtiff.ai/reel/DKAlNdzzNR1/
2025-10-04 23:21:50 [INFO]: 
[1/5] Downloading Instagram video...
2025-10-04 23:21:50 [INFO]: Downloading Instagram video with yt-dlp: https://www.instagram.com/techtiff.ai/reel/DKAlNdzzNR1/
2025-10-04 23:21:50 [INFO]: Output: downloads/videos/DKAlNdzzNR1.mp4
2025-10-04 23:21:52 [INFO]: ✓ Video downloaded successfully with yt-dlp
2025-10-04 23:21:52 [INFO]: ✓ Video downloaded: downloads/videos/DKAlNdzzNR1.mp4
2025-10-04 23:21:52 [INFO]: 
[2/5] Extracting audio from video...
2025-10-04 23:21:52 [INFO]: Extracting audio from: downloads/videos/DKAlNdzzNR1.mp4
2025-10-04 23:21:52 [INFO]: Output audio file: downloads/audio/DKAlNdzzNR1.wav
2025-10-04 23:21:52 [INFO]: Format: wav, Sample rate: 16000Hz, Channels: 1
2025-10-04 23:21:52 [INFO]: Audio extraction completed successfully
2025-10-04 23:21:52 [INFO]: ✓ Audio extracted: downloads/audio/DKAlNdzzNR1.wav
2025-10-04 23:21:52 [INFO]:   Duration: 64.48s
2025-10-04 23:21:52 [INFO]:   Sample Rate: 16000Hz
2025-10-04 23:21:52 [INFO]:   Channels: 1
2025-10-04 23:21:52 [INFO]: 
[3/5] Transcribing audio...
2025-10-04 23:21:52 [INFO]: Transcription method: auto
2025-10-04 23:21:52 [INFO]: Using Whisper CLI...
2025-10-04 23:21:52 [INFO]: Transcribing with Whisper CLI: downloads/audio/DKAlNdzzNR1.wav
2025-10-04 23:21:57 [INFO]: Transcription with timestamps completed
2025-10-04 23:21:57 [INFO]: ✓ Transcription completed
2025-10-04 23:21:57 [INFO]:   Text length: 1053 characters
2025-10-04 23:21:57 [INFO]:   Segments: 30
2025-10-04 23:21:57 [INFO]: 
[4/5] AI Processing with Ollama...
2025-10-04 23:21:57 [INFO]: Found 3 Ollama models
2025-10-04 23:21:57 [INFO]:   Available models: deepseek-r1:14b, dimavz/whisper-tiny:latest, gemma3:4b
2025-10-04 23:21:57 [INFO]:   Generating summary...
2025-10-04 23:21:57 [INFO]: Generating with Ollama model: gemma3:4b
2025-10-04 23:22:04 [INFO]: Generation completed
2025-10-04 23:22:04 [INFO]: 
--- SUMMARY ---
Here’s a concise summary of the video transcription:

The video argues against the outdated approach of simply “prompting” AI like a genie to build apps. Instead, it advocates for a more structured method called “vibe coding,” which involves clearly defining your app’s purpose, features (3-5 key ones), and format (mobile, web, etc.). You’re essentially giving the AI a detailed job description, treating it as a skilled intern rather than a creative muse. The key takeaway is to move beyond vague prompts and embrace a strategic, task-oriented approach to utilizing AI for app development.

2025-10-04 23:22:04 [INFO]:   Extracting key topics...
2025-10-04 23:22:04 [INFO]: Generating with Ollama model: gemma3:4b
2025-10-04 23:22:14 [INFO]: Generation completed
2025-10-04 23:22:14 [INFO]: 
--- KEY TOPICS ---
Here’s a breakdown of the main topics and themes discussed in the video transcription, presented as bullet points:

*   **Vibe Coding:** The core concept – using no-code tools and AI to build apps by describing them.
*   **Shifting the Approach to AI App Development:** Moving away from the “genie” expectation of simply asking for an app.
*   **AI as an Intern, Not a Muse:** Emphasizing that AI needs clear instructions and direction.
*   **Importance of Clear Job Descriptions:** The need to provide specific, detailed instructions to the AI.
*   **Structured App Development Process:**  The outlined steps:
    *   Defining the problem/intent
    *   Identifying must-have features (3-5)
    *   Choosing the appropriate format (mobile, web, dashboard)
*   **Call to Action:** Encouraging viewers to subscribe to the creator’s newsletter for a full prompt framework.

Would you like me to elaborate on any of these points, or perhaps summarize a specific aspect of the video?

2025-10-04 23:22:14 [INFO]: 
[5/5] Writing results to CSV...
2025-10-04 23:22:14 [INFO]: Writing Notion-friendly CSV: ./output/transcriptions-notion.csv
2025-10-04 23:22:14 [INFO]: Successfully wrote video to Notion CSV
2025-10-04 23:22:14 [INFO]: ✓ Notion CSV written: ./output/transcriptions-notion.csv
2025-10-04 23:22:14 [INFO]: 
============================================================
2025-10-04 23:22:14 [INFO]: ✓ Pipeline completed successfully
2025-10-04 23:22:14 [INFO]:   Total time: 24.80s
2025-10-04 23:22:14 [INFO]: ============================================================
2025-10-04 23:22:14 [INFO]: ✓ Success
2025-10-04 23:22:14 [INFO]: Waiting 12.0s before next video...
2025-10-04 23:22:26 [INFO]: 
[53/104] Processing: https://www.instagram.com/techtiff.ai/reel/DJ7oPJhhHyd/
2025-10-04 23:22:26 [INFO]: ============================================================
2025-10-04 23:22:26 [INFO]: Instagram Video Transcription Pipeline
2025-10-04 23:22:26 [INFO]: ============================================================
2025-10-04 23:22:26 [INFO]: URL: https://www.instagram.com/techtiff.ai/reel/DJ7oPJhhHyd/
2025-10-04 23:22:26 [INFO]: 
[1/5] Downloading Instagram video...
2025-10-04 23:22:27 [INFO]: Downloading Instagram video with yt-dlp: https://www.instagram.com/techtiff.ai/reel/DJ7oPJhhHyd/
2025-10-04 23:22:27 [INFO]: Output: downloads/videos/DJ7oPJhhHyd.mp4
2025-10-04 23:22:28 [INFO]: ✓ Video downloaded successfully with yt-dlp
2025-10-04 23:22:28 [INFO]: ✓ Video downloaded: downloads/videos/DJ7oPJhhHyd.mp4
2025-10-04 23:22:28 [INFO]: 
[2/5] Extracting audio from video...
2025-10-04 23:22:29 [INFO]: Extracting audio from: downloads/videos/DJ7oPJhhHyd.mp4
2025-10-04 23:22:29 [INFO]: Output audio file: downloads/audio/DJ7oPJhhHyd.wav
2025-10-04 23:22:29 [INFO]: Format: wav, Sample rate: 16000Hz, Channels: 1
2025-10-04 23:22:29 [INFO]: Audio extraction completed successfully
2025-10-04 23:22:29 [INFO]: ✓ Audio extracted: downloads/audio/DJ7oPJhhHyd.wav
2025-10-04 23:22:29 [INFO]:   Duration: 72.80s
2025-10-04 23:22:29 [INFO]:   Sample Rate: 16000Hz
2025-10-04 23:22:29 [INFO]:   Channels: 1
2025-10-04 23:22:29 [INFO]: 
[3/5] Transcribing audio...
2025-10-04 23:22:29 [INFO]: Transcription method: auto
2025-10-04 23:22:29 [INFO]: Using Whisper CLI...
2025-10-04 23:22:29 [INFO]: Transcribing with Whisper CLI: downloads/audio/DJ7oPJhhHyd.wav
2025-10-04 23:22:34 [INFO]: Transcription with timestamps completed
2025-10-04 23:22:34 [INFO]: ✓ Transcription completed
2025-10-04 23:22:34 [INFO]:   Text length: 1233 characters
2025-10-04 23:22:34 [INFO]:   Segments: 17
2025-10-04 23:22:34 [INFO]: 
[4/5] AI Processing with Ollama...
2025-10-04 23:22:34 [INFO]: Found 3 Ollama models
2025-10-04 23:22:34 [INFO]:   Available models: deepseek-r1:14b, dimavz/whisper-tiny:latest, gemma3:4b
2025-10-04 23:22:34 [INFO]:   Generating summary...
2025-10-04 23:22:34 [INFO]: Generating with Ollama model: gemma3:4b
2025-10-04 23:22:41 [INFO]: Generation completed
2025-10-04 23:22:41 [INFO]: 
--- SUMMARY ---
Here’s a concise summary of the video transcription:

This video demonstrates how to utilize the iPhone’s Action Button (above the volume buttons) to significantly streamline your daily workflow. The creator has customized it to:

*   **Quick Voice Memos:** Record, transcribe, and add to-do lists instantly.
*   **Music Analysis:** Use Shazam and send results to a playlist builder.
*   **Text Reading:** Copy and paste text, then have it read aloud in a chosen language.
*   **AI Assistant Access:**  Direct link to an AI assistant.

**Key Takeaway:** The Action Button can be a powerful, personalized tool for boosting productivity on your iPhone.

---

Would you like me to elaborate on any specific aspect of the summary?

2025-10-04 23:22:41 [INFO]:   Extracting key topics...
2025-10-04 23:22:41 [INFO]: Generating with Ollama model: gemma3:4b
2025-10-04 23:22:50 [INFO]: Generation completed
2025-10-04 23:22:50 [INFO]: 
--- KEY TOPICS ---
Here’s a breakdown of the main topics and themes discussed in the video transcription, presented as bullet points:

*   **iPhone Action Button Customization:** The primary topic is about utilizing the iPhone’s action button (above the volume buttons) for personalization.
*   **Automation:** The video focuses on automating daily tasks and workflows.
*   **Voice Memos & To-Do Lists:** Utilizing the action button to quickly create voice memos and automatically add them to to-do lists.
*   **Shazam Integration:** Using the action button to instantly identify music and build playlists.
*   **Text-to-Speech & Translation:** Employing the action button to read copied text aloud in different languages and create translated notes.
*   **AI Assistant Access:** Linking the action button to a full menu for accessing an AI assistant.

Would you like me to elaborate on any of these points or perhaps summarize the overall video’s purpose?

2025-10-04 23:22:50 [INFO]: 
[5/5] Writing results to CSV...
2025-10-04 23:22:50 [INFO]: Writing Notion-friendly CSV: ./output/transcriptions-notion.csv
2025-10-04 23:22:50 [INFO]: Successfully wrote video to Notion CSV
2025-10-04 23:22:50 [INFO]: ✓ Notion CSV written: ./output/transcriptions-notion.csv
2025-10-04 23:22:50 [INFO]: 
============================================================
2025-10-04 23:22:50 [INFO]: ✓ Pipeline completed successfully
2025-10-04 23:22:50 [INFO]:   Total time: 23.58s
2025-10-04 23:22:50 [INFO]: ============================================================
2025-10-04 23:22:50 [INFO]: ✓ Success
2025-10-04 23:22:50 [INFO]: Waiting 12.0s before next video...
2025-10-04 23:23:02 [INFO]: 
[54/104] Processing: https://www.instagram.com/techtiff.ai/reel/DJu2ERkSErJ/
2025-10-04 23:23:02 [INFO]: ============================================================
2025-10-04 23:23:02 [INFO]: Instagram Video Transcription Pipeline
2025-10-04 23:23:02 [INFO]: ============================================================
2025-10-04 23:23:02 [INFO]: URL: https://www.instagram.com/techtiff.ai/reel/DJu2ERkSErJ/
2025-10-04 23:23:02 [INFO]: 
[1/5] Downloading Instagram video...
2025-10-04 23:23:02 [INFO]: Downloading Instagram video with yt-dlp: https://www.instagram.com/techtiff.ai/reel/DJu2ERkSErJ/
2025-10-04 23:23:02 [INFO]: Output: downloads/videos/DJu2ERkSErJ.mp4
2025-10-04 23:23:04 [INFO]: ✓ Video downloaded successfully with yt-dlp
2025-10-04 23:23:04 [INFO]: ✓ Video downloaded: downloads/videos/DJu2ERkSErJ.mp4
2025-10-04 23:23:04 [INFO]: 
[2/5] Extracting audio from video...
2025-10-04 23:23:04 [INFO]: Extracting audio from: downloads/videos/DJu2ERkSErJ.mp4
2025-10-04 23:23:04 [INFO]: Output audio file: downloads/audio/DJu2ERkSErJ.wav
2025-10-04 23:23:04 [INFO]: Format: wav, Sample rate: 16000Hz, Channels: 1
2025-10-04 23:23:04 [INFO]: Audio extraction completed successfully
2025-10-04 23:23:04 [INFO]: ✓ Audio extracted: downloads/audio/DJu2ERkSErJ.wav
2025-10-04 23:23:04 [INFO]:   Duration: 75.72s
2025-10-04 23:23:04 [INFO]:   Sample Rate: 16000Hz
2025-10-04 23:23:04 [INFO]:   Channels: 1
2025-10-04 23:23:04 [INFO]: 
[3/5] Transcribing audio...
2025-10-04 23:23:04 [INFO]: Transcription method: auto
2025-10-04 23:23:04 [INFO]: Using Whisper CLI...
2025-10-04 23:23:04 [INFO]: Transcribing with Whisper CLI: downloads/audio/DJu2ERkSErJ.wav
2025-10-04 23:23:09 [INFO]: Transcription with timestamps completed
2025-10-04 23:23:09 [INFO]: ✓ Transcription completed
2025-10-04 23:23:09 [INFO]:   Text length: 1179 characters
2025-10-04 23:23:09 [INFO]:   Segments: 13
2025-10-04 23:23:09 [INFO]: 
[4/5] AI Processing with Ollama...
2025-10-04 23:23:09 [INFO]: Found 3 Ollama models
2025-10-04 23:23:09 [INFO]:   Available models: deepseek-r1:14b, dimavz/whisper-tiny:latest, gemma3:4b
2025-10-04 23:23:09 [INFO]:   Generating summary...
2025-10-04 23:23:09 [INFO]: Generating with Ollama model: gemma3:4b
2025-10-04 23:23:16 [INFO]: Generation completed
2025-10-04 23:23:16 [INFO]: 
--- SUMMARY ---
Here’s a concise summary of the video transcription:

This video showcases how to leverage AI to significantly boost productivity, going beyond simple caption generation. The key takeaways are:

*   **Automate Email & Reading:** Use Make.com with ChatGPT to draft and send emails, and Notebook LM to turn articles into podcasts.
*   **Voice Cloning:** Utilize 11 Labs or Descript to create an AI-powered audiobook or podcast in your own voice.
*   **Personalized VA:** Train a custom ChatGPT (using Hagen) to manage your to-do list and act as a virtual assistant.
*   **Global Expansion:** Translate content into multiple languages using AI.

Essentially, the speaker is urging viewers to move beyond basic AI use and embrace more strategic automation for increased efficiency and scale.

2025-10-04 23:23:16 [INFO]:   Extracting key topics...
2025-10-04 23:23:16 [INFO]: Generating with Ollama model: gemma3:4b
2025-10-04 23:23:26 [INFO]: Generation completed
2025-10-04 23:23:26 [INFO]: 
--- KEY TOPICS ---
Here’s a breakdown of the main topics and themes discussed in the video transcription, presented as bullet points:

*   **AI Automation of Tasks:** The core theme is using AI to automate repetitive and time-consuming tasks.
*   **ChatGPT for Content Creation:** Utilizing ChatGPT for drafting emails, captions, and podcast scripts.
*   **Notebook LM for Podcast Generation:** Leveraging Notebook LM to transform articles into custom podcasts with sourced information.
*   **Voice Cloning (11 Labs/Descript):** Exploring the use of AI to clone and utilize one’s own voice for audio content.
*   **Notion Dashboard Automation (with ChatGPT):** Employing ChatGPT as a virtual assistant to manage and update Notion dashboards.
*   **Global Content Translation:** Utilizing AI for translating content into multiple languages to expand reach.
*   **Efficiency & Productivity:** The overall message centers around boosting productivity and streamlining workflows through AI.

Would you like me to elaborate on any of these points, or perhaps summarize a specific aspect of the video?

2025-10-04 23:23:26 [INFO]: 
[5/5] Writing results to CSV...
2025-10-04 23:23:26 [INFO]: Writing Notion-friendly CSV: ./output/transcriptions-notion.csv
2025-10-04 23:23:26 [INFO]: Successfully wrote video to Notion CSV
2025-10-04 23:23:26 [INFO]: ✓ Notion CSV written: ./output/transcriptions-notion.csv
2025-10-04 23:23:26 [INFO]: 
============================================================
2025-10-04 23:23:26 [INFO]: ✓ Pipeline completed successfully
2025-10-04 23:23:26 [INFO]:   Total time: 23.66s
2025-10-04 23:23:26 [INFO]: ============================================================
2025-10-04 23:23:26 [INFO]: ✓ Success
2025-10-04 23:23:26 [INFO]: Waiting 12.0s before next video...
2025-10-04 23:23:38 [INFO]: 
[55/104] Processing: https://www.instagram.com/techtiff.ai/reel/DJstEOvRj3P/
2025-10-04 23:23:38 [INFO]: ============================================================
2025-10-04 23:23:38 [INFO]: Instagram Video Transcription Pipeline
2025-10-04 23:23:38 [INFO]: ============================================================
2025-10-04 23:23:38 [INFO]: URL: https://www.instagram.com/techtiff.ai/reel/DJstEOvRj3P/
2025-10-04 23:23:38 [INFO]: 
[1/5] Downloading Instagram video...
2025-10-04 23:23:38 [INFO]: Downloading Instagram video with yt-dlp: https://www.instagram.com/techtiff.ai/reel/DJstEOvRj3P/
2025-10-04 23:23:38 [INFO]: Output: downloads/videos/DJstEOvRj3P.mp4
2025-10-04 23:23:40 [INFO]: ✓ Video downloaded successfully with yt-dlp
2025-10-04 23:23:40 [INFO]: ✓ Video downloaded: downloads/videos/DJstEOvRj3P.mp4
2025-10-04 23:23:40 [INFO]: 
[2/5] Extracting audio from video...
2025-10-04 23:23:40 [INFO]: Extracting audio from: downloads/videos/DJstEOvRj3P.mp4
2025-10-04 23:23:40 [INFO]: Output audio file: downloads/audio/DJstEOvRj3P.wav
2025-10-04 23:23:40 [INFO]: Format: wav, Sample rate: 16000Hz, Channels: 1
2025-10-04 23:23:40 [INFO]: Audio extraction completed successfully
2025-10-04 23:23:40 [INFO]: ✓ Audio extracted: downloads/audio/DJstEOvRj3P.wav
2025-10-04 23:23:40 [INFO]:   Duration: 122.44s
2025-10-04 23:23:40 [INFO]:   Sample Rate: 16000Hz
2025-10-04 23:23:40 [INFO]:   Channels: 1
2025-10-04 23:23:40 [INFO]: 
[3/5] Transcribing audio...
2025-10-04 23:23:40 [INFO]: Transcription method: auto
2025-10-04 23:23:40 [INFO]: Using Whisper CLI...
2025-10-04 23:23:40 [INFO]: Transcribing with Whisper CLI: downloads/audio/DJstEOvRj3P.wav
2025-10-04 23:23:48 [INFO]: Transcription with timestamps completed
2025-10-04 23:23:48 [INFO]: ✓ Transcription completed
2025-10-04 23:23:48 [INFO]:   Text length: 2129 characters
2025-10-04 23:23:48 [INFO]:   Segments: 50
2025-10-04 23:23:48 [INFO]: 
[4/5] AI Processing with Ollama...
2025-10-04 23:23:48 [INFO]: Found 3 Ollama models
2025-10-04 23:23:48 [INFO]:   Available models: deepseek-r1:14b, dimavz/whisper-tiny:latest, gemma3:4b
2025-10-04 23:23:48 [INFO]:   Generating summary...
2025-10-04 23:23:48 [INFO]: Generating with Ollama model: gemma3:4b
2025-10-04 23:23:56 [INFO]: Generation completed
2025-10-04 23:23:56 [INFO]: 
--- SUMMARY ---
Here’s a concise summary of the video transcription:

This video presents a framework for quickly turning ideas into profitable launches, specifically designed for people with ADHD or those easily distracted. The core problem isn’t the idea itself, but the tendency to get stuck in the planning phase. The solution is a three-phase process:

1.  **Clarify the Offer:** Define your idea’s target audience, problem-solving capabilities, and simplest delivery method.
2.  **Build the MVP:** Create a lightweight, minimum viable product (MVP) with a realistic weekly action plan (3 tasks max). Include a fallback plan for missed days.
3.  **Add Profit Boosters:** Implement simple strategies like bundles and quick upsells, along with a clear one-line description.

The overall goal is to launch quickly and avoid overwhelm by focusing on a manageable, ADHD-friendly approach.

2025-10-04 23:23:56 [INFO]:   Extracting key topics...
2025-10-04 23:23:56 [INFO]: Generating with Ollama model: gemma3:4b
2025-10-04 23:24:08 [INFO]: Generation completed
2025-10-04 23:24:08 [INFO]: 
--- KEY TOPICS ---
Here’s a breakdown of the main topics and themes discussed in the video transcription, presented as bullet points:

*   **Idea Implementation:** The core theme is about taking ideas and turning them into profitable ventures.
*   **ADHD-Friendly Launch Planning:** A significant focus is on creating a launch plan specifically designed for individuals with ADHD or those easily distracted.
*   **Minimum Viable Product (MVP):** The video emphasizes building a lightweight, essential version of a product/offer for rapid testing.
*   **7-Day Launch Timeline:** A specific timeframe (7 days) is proposed for completing the launch process.
*   **Clarity of Offer:**  The importance of clearly defining the offer – including target audience, problem solved, and delivery method.
*   **Actionable Steps & Weekly Planning:** Utilizing a structured, manageable action plan with limited tasks per week.
*   **Profit Boosting Strategies:** Simple techniques for increasing revenue without adding complexity (e.g., bundles, upsells).
*   **Lightweight & Doable Approach:** A recurring theme is to keep the process simple, focused, and achievable to avoid overwhelm.

Would you like me to elaborate on any of these points or perhaps summarize the overall message of the video?

2025-10-04 23:24:08 [INFO]: 
[5/5] Writing results to CSV...
2025-10-04 23:24:08 [INFO]: Writing Notion-friendly CSV: ./output/transcriptions-notion.csv
2025-10-04 23:24:08 [INFO]: Successfully wrote video to Notion CSV
2025-10-04 23:24:08 [INFO]: ✓ Notion CSV written: ./output/transcriptions-notion.csv
2025-10-04 23:24:08 [INFO]: 
============================================================
2025-10-04 23:24:08 [INFO]: ✓ Pipeline completed successfully
2025-10-04 23:24:08 [INFO]:   Total time: 30.15s
2025-10-04 23:24:08 [INFO]: ============================================================
2025-10-04 23:24:08 [INFO]: ✓ Success
2025-10-04 23:24:08 [INFO]: Waiting 12.0s before next video...
2025-10-04 23:24:20 [INFO]: 
[56/104] Processing: https://www.instagram.com/techtiff.ai/reel/DJqECuapLOh/
2025-10-04 23:24:20 [INFO]: ============================================================
2025-10-04 23:24:20 [INFO]: Instagram Video Transcription Pipeline
2025-10-04 23:24:20 [INFO]: ============================================================
2025-10-04 23:24:20 [INFO]: URL: https://www.instagram.com/techtiff.ai/reel/DJqECuapLOh/
2025-10-04 23:24:20 [INFO]: 
[1/5] Downloading Instagram video...
2025-10-04 23:24:20 [INFO]: Downloading Instagram video with yt-dlp: https://www.instagram.com/techtiff.ai/reel/DJqECuapLOh/
2025-10-04 23:24:20 [INFO]: Output: downloads/videos/DJqECuapLOh.mp4
2025-10-04 23:24:22 [INFO]: ✓ Video downloaded successfully with yt-dlp
2025-10-04 23:24:22 [INFO]: ✓ Video downloaded: downloads/videos/DJqECuapLOh.mp4
2025-10-04 23:24:22 [INFO]: 
[2/5] Extracting audio from video...
2025-10-04 23:24:22 [INFO]: Extracting audio from: downloads/videos/DJqECuapLOh.mp4
2025-10-04 23:24:22 [INFO]: Output audio file: downloads/audio/DJqECuapLOh.wav
2025-10-04 23:24:22 [INFO]: Format: wav, Sample rate: 16000Hz, Channels: 1
2025-10-04 23:24:22 [INFO]: Audio extraction completed successfully
2025-10-04 23:24:22 [INFO]: ✓ Audio extracted: downloads/audio/DJqECuapLOh.wav
2025-10-04 23:24:22 [INFO]:   Duration: 74.56s
2025-10-04 23:24:22 [INFO]:   Sample Rate: 16000Hz
2025-10-04 23:24:22 [INFO]:   Channels: 1
2025-10-04 23:24:22 [INFO]: 
[3/5] Transcribing audio...
2025-10-04 23:24:22 [INFO]: Transcription method: auto
2025-10-04 23:24:22 [INFO]: Using Whisper CLI...
2025-10-04 23:24:22 [INFO]: Transcribing with Whisper CLI: downloads/audio/DJqECuapLOh.wav
2025-10-04 23:24:28 [INFO]: Transcription with timestamps completed
2025-10-04 23:24:28 [INFO]: ✓ Transcription completed
2025-10-04 23:24:28 [INFO]:   Text length: 1256 characters
2025-10-04 23:24:28 [INFO]:   Segments: 32
2025-10-04 23:24:28 [INFO]: 
[4/5] AI Processing with Ollama...
2025-10-04 23:24:28 [INFO]: Found 3 Ollama models
2025-10-04 23:24:28 [INFO]:   Available models: deepseek-r1:14b, dimavz/whisper-tiny:latest, gemma3:4b
2025-10-04 23:24:28 [INFO]:   Generating summary...
2025-10-04 23:24:28 [INFO]: Generating with Ollama model: gemma3:4b
2025-10-04 23:24:36 [INFO]: Generation completed
2025-10-04 23:24:36 [INFO]: 
--- SUMMARY ---
Here’s a concise summary of the video transcription:

The video argues against simply using ChatGPT to generate content and instead encourages a more strategic approach. The key takeaway is to use ChatGPT to actively challenge your thinking and business strategy. The speaker recommends three prompts:

1.  **“Hype me, then fix me”:** Identify what’s working and then pinpoint areas needing improvement with a visibility plan.
2.  **“Expose my blind spots”:**  Ask GPT to identify three overlooked factors hindering your success and suggest solutions.
3.  **“COO Clarity”:** Have GPT act as your COO and ask five clarifying questions about your goals and current actions.

Essentially, the video promotes using ChatGPT not just for automation, but for a critical self-assessment and mindset shift to avoid building on shaky foundations. 

---

Would you like me to elaborate on any specific aspect of the summary?

2025-10-04 23:24:36 [INFO]:   Extracting key topics...
2025-10-04 23:24:36 [INFO]: Generating with Ollama model: gemma3:4b
2025-10-04 23:24:47 [INFO]: Generation completed
2025-10-04 23:24:47 [INFO]: 
--- KEY TOPICS ---
Here’s a breakdown of the main topics and themes discussed in the video transcription, presented as bullet points:

*   **Overcoming Confirmation Bias with ChatGPT:** The core message is against simply using ChatGPT to validate existing ideas and avoid critical self-reflection.
*   **Building an “AI Echo Chamber”:** The video warns against using ChatGPT solely for generating content and reinforcing pre-existing thoughts.
*   **Strategic Use of ChatGPT Prompts:** The video advocates for a specific approach using three key prompts to stimulate critical thinking.
*   **Prompt 1: “Hype Me, Then Fix Me”:** This prompt focuses on identifying strengths and weaknesses within a brand’s current strategy.
*   **Prompt 2: “Expose My Blind Spots”:** This prompt encourages users to identify overlooked factors hindering their success.
*   **Prompt 3: “COO Clarity”:** Utilizing ChatGPT to ask strategic questions and assess alignment with overall goals.
*   **Mindset as a Foundation:** The video emphasizes the importance of checking one's mindset and building a solid foundation for success.
*   **Challenging Assumptions:** The overall theme is about using AI not just for automation, but to challenge your thinking and assumptions.

Would you like me to elaborate on any of these points, or perhaps summarize the video's overall argument?

2025-10-04 23:24:47 [INFO]: 
[5/5] Writing results to CSV...
2025-10-04 23:24:47 [INFO]: Writing Notion-friendly CSV: ./output/transcriptions-notion.csv
2025-10-04 23:24:47 [INFO]: Successfully wrote video to Notion CSV
2025-10-04 23:24:47 [INFO]: ✓ Notion CSV written: ./output/transcriptions-notion.csv
2025-10-04 23:24:47 [INFO]: 
============================================================
2025-10-04 23:24:47 [INFO]: ✓ Pipeline completed successfully
2025-10-04 23:24:47 [INFO]:   Total time: 27.39s
2025-10-04 23:24:47 [INFO]: ============================================================
2025-10-04 23:24:47 [INFO]: ✓ Success
2025-10-04 23:24:47 [INFO]: Waiting 12.0s before next video...
2025-10-04 23:24:59 [INFO]: 
[57/104] Processing: https://www.instagram.com/techtiff.ai/reel/DJnbuZWvNiU/
2025-10-04 23:24:59 [INFO]: ============================================================
2025-10-04 23:24:59 [INFO]: Instagram Video Transcription Pipeline
2025-10-04 23:24:59 [INFO]: ============================================================
2025-10-04 23:24:59 [INFO]: URL: https://www.instagram.com/techtiff.ai/reel/DJnbuZWvNiU/
2025-10-04 23:24:59 [INFO]: 
[1/5] Downloading Instagram video...
2025-10-04 23:25:00 [INFO]: Downloading Instagram video with yt-dlp: https://www.instagram.com/techtiff.ai/reel/DJnbuZWvNiU/
2025-10-04 23:25:00 [INFO]: Output: downloads/videos/DJnbuZWvNiU.mp4
2025-10-04 23:25:01 [INFO]: ✓ Video downloaded successfully with yt-dlp
2025-10-04 23:25:01 [INFO]: ✓ Video downloaded: downloads/videos/DJnbuZWvNiU.mp4
2025-10-04 23:25:01 [INFO]: 
[2/5] Extracting audio from video...
2025-10-04 23:25:02 [INFO]: Extracting audio from: downloads/videos/DJnbuZWvNiU.mp4
2025-10-04 23:25:02 [INFO]: Output audio file: downloads/audio/DJnbuZWvNiU.wav
2025-10-04 23:25:02 [INFO]: Format: wav, Sample rate: 16000Hz, Channels: 1
2025-10-04 23:25:02 [INFO]: Audio extraction completed successfully
2025-10-04 23:25:02 [INFO]: ✓ Audio extracted: downloads/audio/DJnbuZWvNiU.wav
2025-10-04 23:25:02 [INFO]:   Duration: 79.02s
2025-10-04 23:25:02 [INFO]:   Sample Rate: 16000Hz
2025-10-04 23:25:02 [INFO]:   Channels: 1
2025-10-04 23:25:02 [INFO]: 
[3/5] Transcribing audio...
2025-10-04 23:25:02 [INFO]: Transcription method: auto
2025-10-04 23:25:02 [INFO]: Using Whisper CLI...
2025-10-04 23:25:02 [INFO]: Transcribing with Whisper CLI: downloads/audio/DJnbuZWvNiU.wav
2025-10-04 23:25:08 [INFO]: Transcription with timestamps completed
2025-10-04 23:25:08 [INFO]: ✓ Transcription completed
2025-10-04 23:25:08 [INFO]:   Text length: 1310 characters
2025-10-04 23:25:08 [INFO]:   Segments: 30
2025-10-04 23:25:08 [INFO]: 
[4/5] AI Processing with Ollama...
2025-10-04 23:25:08 [INFO]: Found 3 Ollama models
2025-10-04 23:25:08 [INFO]:   Available models: deepseek-r1:14b, dimavz/whisper-tiny:latest, gemma3:4b
2025-10-04 23:25:08 [INFO]:   Generating summary...
2025-10-04 23:25:08 [INFO]: Generating with Ollama model: gemma3:4b
2025-10-04 23:25:16 [INFO]: Generation completed
2025-10-04 23:25:16 [INFO]: 
--- SUMMARY ---
Here’s a concise summary of the video transcription:

**To get the most out of ChatGPT, you need to personalize it.** The video highlights three key steps:

1.  **Customize Personality:** Use the “Personalization” settings to tell ChatGPT your name, profession, and desired personality traits (e.g., bold, opinionated).
2.  **Manage Memories:** Regularly review and update ChatGPT’s “memories” to remove outdated or irrelevant information.
3.  **Under-Training:** ChatGPT is essentially under-trained; customization helps it learn and respond more effectively to your specific needs.

Essentially, the video argues that ChatGPT’s generic responses are due to a lack of personalization, and users should actively train it.

2025-10-04 23:25:16 [INFO]:   Extracting key topics...
2025-10-04 23:25:16 [INFO]: Generating with Ollama model: gemma3:4b
2025-10-04 23:25:24 [INFO]: Generation completed
2025-10-04 23:25:24 [INFO]: 
--- KEY TOPICS ---
Here’s a breakdown of the main topics and themes discussed in the video transcription, presented as bullet points:

*   **ChatGPT Personalization:** The core focus is on customizing ChatGPT through its personalization settings.
*   **Naming & Role Definition:** Setting ChatGPT’s name and describing its role/occupation.
*   **Vibe/Personality Settings:** Defining the desired personality traits (e.g., bold, opinionated, strategic) for ChatGPT to emulate.
*   **Memory Management:** Addressing and clearing out outdated or irrelevant information ChatGPT retains.
*   **“Cleaning Slate”/Resetting:** The importance of regularly resetting ChatGPT’s memory for optimal performance.
*   **Under-Training:** The argument that ChatGPT’s issues stem from insufficient personalization and training.

Would you like me to elaborate on any of these points, or perhaps summarize the overall message of the video?

2025-10-04 23:25:24 [INFO]: 
[5/5] Writing results to CSV...
2025-10-04 23:25:24 [INFO]: Writing Notion-friendly CSV: ./output/transcriptions-notion.csv
2025-10-04 23:25:24 [INFO]: Successfully wrote video to Notion CSV
2025-10-04 23:25:24 [INFO]: ✓ Notion CSV written: ./output/transcriptions-notion.csv
2025-10-04 23:25:24 [INFO]: 
============================================================
2025-10-04 23:25:24 [INFO]: ✓ Pipeline completed successfully
2025-10-04 23:25:24 [INFO]:   Total time: 24.92s
2025-10-04 23:25:24 [INFO]: ============================================================
2025-10-04 23:25:24 [INFO]: ✓ Success
2025-10-04 23:25:24 [INFO]: Waiting 12.0s before next video...
2025-10-04 23:25:36 [INFO]: 
[58/104] Processing: https://www.instagram.com/techtiff.ai/reel/DJk0EK7vMFX/
2025-10-04 23:25:36 [INFO]: ============================================================
2025-10-04 23:25:36 [INFO]: Instagram Video Transcription Pipeline
2025-10-04 23:25:36 [INFO]: ============================================================
2025-10-04 23:25:36 [INFO]: URL: https://www.instagram.com/techtiff.ai/reel/DJk0EK7vMFX/
2025-10-04 23:25:36 [INFO]: 
[1/5] Downloading Instagram video...
2025-10-04 23:25:37 [INFO]: Downloading Instagram video with yt-dlp: https://www.instagram.com/techtiff.ai/reel/DJk0EK7vMFX/
2025-10-04 23:25:37 [INFO]: Output: downloads/videos/DJk0EK7vMFX.mp4
2025-10-04 23:25:38 [INFO]: ✓ Video downloaded successfully with yt-dlp
2025-10-04 23:25:38 [INFO]: ✓ Video downloaded: downloads/videos/DJk0EK7vMFX.mp4
2025-10-04 23:25:38 [INFO]: 
[2/5] Extracting audio from video...
2025-10-04 23:25:38 [INFO]: Extracting audio from: downloads/videos/DJk0EK7vMFX.mp4
2025-10-04 23:25:38 [INFO]: Output audio file: downloads/audio/DJk0EK7vMFX.wav
2025-10-04 23:25:38 [INFO]: Format: wav, Sample rate: 16000Hz, Channels: 1
2025-10-04 23:25:38 [INFO]: Audio extraction completed successfully
2025-10-04 23:25:38 [INFO]: ✓ Audio extracted: downloads/audio/DJk0EK7vMFX.wav
2025-10-04 23:25:38 [INFO]:   Duration: 42.10s
2025-10-04 23:25:38 [INFO]:   Sample Rate: 16000Hz
2025-10-04 23:25:38 [INFO]:   Channels: 1
2025-10-04 23:25:38 [INFO]: 
[3/5] Transcribing audio...
2025-10-04 23:25:38 [INFO]: Transcription method: auto
2025-10-04 23:25:38 [INFO]: Using Whisper CLI...
2025-10-04 23:25:38 [INFO]: Transcribing with Whisper CLI: downloads/audio/DJk0EK7vMFX.wav
2025-10-04 23:25:42 [INFO]: Transcription with timestamps completed
2025-10-04 23:25:42 [INFO]: ✓ Transcription completed
2025-10-04 23:25:42 [INFO]:   Text length: 699 characters
2025-10-04 23:25:42 [INFO]:   Segments: 7
2025-10-04 23:25:42 [INFO]: 
[4/5] AI Processing with Ollama...
2025-10-04 23:25:42 [INFO]: Found 3 Ollama models
2025-10-04 23:25:42 [INFO]:   Available models: deepseek-r1:14b, dimavz/whisper-tiny:latest, gemma3:4b
2025-10-04 23:25:42 [INFO]:   Generating summary...
2025-10-04 23:25:42 [INFO]: Generating with Ollama model: gemma3:4b
2025-10-04 23:25:47 [INFO]: Generation completed
2025-10-04 23:25:47 [INFO]: 
--- SUMMARY ---
Here’s a concise summary of the video transcription:

The video explains Notion as a flexible productivity tool, likened to Lego – you start with basic building blocks (text, checklists, databases) and build upon them. The key takeaway is to utilize a free starter template to avoid feeling overwhelmed and begin with a simple project like a content tracker or to-do list. It emphasizes building your own system within Notion rather than starting from scratch.

2025-10-04 23:25:47 [INFO]:   Extracting key topics...
2025-10-04 23:25:47 [INFO]: Generating with Ollama model: gemma3:4b
2025-10-04 23:25:56 [INFO]: Generation completed
2025-10-04 23:25:56 [INFO]: 
--- KEY TOPICS ---
Here’s a breakdown of the main topics and themes discussed in the video transcription, presented as bullet points:

*   **Notion as a Productivity Tool:** The core topic is introducing Notion and its function as a productivity application.
*   **Notion’s Initial Complexity:** The video acknowledges the initial feeling of overwhelm that many users experience when first using Notion.
*   **Notion’s Modular System:** The key concept is presented – Notion’s ability to be built using “blocks” like text, checklists, and databases.
*   **Leveraging Starter Templates:** The video highlights the importance of using pre-built templates (specifically a free one linked in the bio) as a starting point.
*   **Building Incrementally:** The advice to begin with simple tasks (content tracker, to-do list) and then expand from there is a central theme.
*   **Personalization & Customization:** The encouragement to “make it your own” emphasizes the flexibility and customization options within Notion.

Would you like me to elaborate on any of these points, or perhaps summarize the overall message of the video?

2025-10-04 23:25:56 [INFO]: 
[5/5] Writing results to CSV...
2025-10-04 23:25:56 [INFO]: Writing Notion-friendly CSV: ./output/transcriptions-notion.csv
2025-10-04 23:25:56 [INFO]: Successfully wrote video to Notion CSV
2025-10-04 23:25:56 [INFO]: ✓ Notion CSV written: ./output/transcriptions-notion.csv
2025-10-04 23:25:56 [INFO]: 
============================================================
2025-10-04 23:25:56 [INFO]: ✓ Pipeline completed successfully
2025-10-04 23:25:56 [INFO]:   Total time: 20.23s
2025-10-04 23:25:56 [INFO]: ============================================================
2025-10-04 23:25:56 [INFO]: ✓ Success
2025-10-04 23:25:56 [INFO]: Waiting 12.0s before next video...
2025-10-04 23:26:08 [INFO]: 
[59/104] Processing: https://www.instagram.com/techtiff.ai/reel/DJiaUBGR2J2/
2025-10-04 23:26:08 [INFO]: ============================================================
2025-10-04 23:26:08 [INFO]: Instagram Video Transcription Pipeline
2025-10-04 23:26:08 [INFO]: ============================================================
2025-10-04 23:26:08 [INFO]: URL: https://www.instagram.com/techtiff.ai/reel/DJiaUBGR2J2/
2025-10-04 23:26:08 [INFO]: 
[1/5] Downloading Instagram video...
2025-10-04 23:26:09 [INFO]: Downloading Instagram video with yt-dlp: https://www.instagram.com/techtiff.ai/reel/DJiaUBGR2J2/
2025-10-04 23:26:09 [INFO]: Output: downloads/videos/DJiaUBGR2J2.mp4
2025-10-04 23:26:11 [INFO]: ✓ Video downloaded successfully with yt-dlp
2025-10-04 23:26:11 [INFO]: ✓ Video downloaded: downloads/videos/DJiaUBGR2J2.mp4
2025-10-04 23:26:11 [INFO]: 
[2/5] Extracting audio from video...
2025-10-04 23:26:11 [INFO]: Extracting audio from: downloads/videos/DJiaUBGR2J2.mp4
2025-10-04 23:26:11 [INFO]: Output audio file: downloads/audio/DJiaUBGR2J2.wav
2025-10-04 23:26:11 [INFO]: Format: wav, Sample rate: 16000Hz, Channels: 1
2025-10-04 23:26:11 [INFO]: Audio extraction completed successfully
2025-10-04 23:26:11 [INFO]: ✓ Audio extracted: downloads/audio/DJiaUBGR2J2.wav
2025-10-04 23:26:11 [INFO]:   Duration: 87.66s
2025-10-04 23:26:11 [INFO]:   Sample Rate: 16000Hz
2025-10-04 23:26:11 [INFO]:   Channels: 1
2025-10-04 23:26:11 [INFO]: 
[3/5] Transcribing audio...
2025-10-04 23:26:11 [INFO]: Transcription method: auto
2025-10-04 23:26:11 [INFO]: Using Whisper CLI...
2025-10-04 23:26:11 [INFO]: Transcribing with Whisper CLI: downloads/audio/DJiaUBGR2J2.wav
2025-10-04 23:26:17 [INFO]: Transcription with timestamps completed
2025-10-04 23:26:17 [INFO]: ✓ Transcription completed
2025-10-04 23:26:17 [INFO]:   Text length: 1439 characters
2025-10-04 23:26:17 [INFO]:   Segments: 24
2025-10-04 23:26:17 [INFO]: 
[4/5] AI Processing with Ollama...
2025-10-04 23:26:17 [INFO]: Found 3 Ollama models
2025-10-04 23:26:17 [INFO]:   Available models: deepseek-r1:14b, dimavz/whisper-tiny:latest, gemma3:4b
2025-10-04 23:26:17 [INFO]:   Generating summary...
2025-10-04 23:26:17 [INFO]: Generating with Ollama model: gemma3:4b
2025-10-04 23:26:26 [INFO]: Generation completed
2025-10-04 23:26:26 [INFO]: 
--- SUMMARY ---
Here’s a concise summary of the video transcription:

The video argues against simply using AI like ChatGPT as a passive “trauma dump.” Instead, it recommends five tools for smarter, more effective AI usage:

1.  **ChatGPT:** The starting point for experimentation.
2.  **Canva Magic Studio:** For professional-looking designs without design skills.
3.  **Notion:** A central hub for planning, content, and journaling with AI integration.
4.  **Perplexity:** An AI search engine that provides answers with sources.
5.  **Google Gemini/Microsoft Copilot:** Integrated AI assistants within existing apps like Gmail and Word.

The video also encourages exploration of newer AI tools through platforms like Po.com. 

**Key Takeaway:** Move beyond simply feeding prompts to AI; utilize these tools strategically for enhanced productivity and results.

2025-10-04 23:26:26 [INFO]:   Extracting key topics...
2025-10-04 23:26:26 [INFO]: Generating with Ollama model: gemma3:4b
2025-10-04 23:26:36 [INFO]: Generation completed
2025-10-04 23:26:36 [INFO]: 
--- KEY TOPICS ---
Here’s a breakdown of the main topics and themes discussed in the video transcription, presented as bullet points:

*   **Optimizing AI Usage:** The core message is moving beyond simply using AI as a “trauma dump” (like a chatbot therapist) and instead adopting a more strategic approach.
*   **Recommended AI Tools:** The video focuses on promoting five specific AI tools.
*   **Canva Magic Studio:** Utilizing AI for design without needing design skills.
*   **Notion:** Leveraging Notion’s AI capabilities for productivity (planner, calendar, journal).
*   **Perplexity:** An AI search engine that provides answers with sources.
*   **Google Gemini/Microsoft Copilot:** Integrating AI directly into existing apps (Gmail, Word).
*   **Po.com (AI Playground):** Experimenting with multiple AI models to understand their capabilities.
*   **The Rapid Pace of AI Development:** Acknowledging the constant emergence of new AI tools.

Would you like me to elaborate on any of these points, or perhaps summarize the overall tone of the video?

2025-10-04 23:26:36 [INFO]: 
[5/5] Writing results to CSV...
2025-10-04 23:26:36 [INFO]: Writing Notion-friendly CSV: ./output/transcriptions-notion.csv
2025-10-04 23:26:36 [INFO]: Successfully wrote video to Notion CSV
2025-10-04 23:26:36 [INFO]: ✓ Notion CSV written: ./output/transcriptions-notion.csv
2025-10-04 23:26:36 [INFO]: 
============================================================
2025-10-04 23:26:36 [INFO]: ✓ Pipeline completed successfully
2025-10-04 23:26:36 [INFO]:   Total time: 27.40s
2025-10-04 23:26:36 [INFO]: ============================================================
2025-10-04 23:26:36 [INFO]: ✓ Success
2025-10-04 23:26:36 [INFO]: Waiting 12.0s before next video...
2025-10-04 23:26:48 [INFO]: 
[60/104] Processing: https://www.instagram.com/techtiff.ai/reel/DJfHo-oTWRl/
2025-10-04 23:26:48 [INFO]: ============================================================
2025-10-04 23:26:48 [INFO]: Instagram Video Transcription Pipeline
2025-10-04 23:26:48 [INFO]: ============================================================
2025-10-04 23:26:48 [INFO]: URL: https://www.instagram.com/techtiff.ai/reel/DJfHo-oTWRl/
2025-10-04 23:26:48 [INFO]: 
[1/5] Downloading Instagram video...
2025-10-04 23:26:48 [INFO]: Downloading Instagram video with yt-dlp: https://www.instagram.com/techtiff.ai/reel/DJfHo-oTWRl/
2025-10-04 23:26:48 [INFO]: Output: downloads/videos/DJfHo-oTWRl.mp4
2025-10-04 23:26:51 [INFO]: ✓ Video downloaded successfully with yt-dlp
2025-10-04 23:26:51 [INFO]: ✓ Video downloaded: downloads/videos/DJfHo-oTWRl.mp4
2025-10-04 23:26:51 [INFO]: 
[2/5] Extracting audio from video...
2025-10-04 23:26:51 [INFO]: Extracting audio from: downloads/videos/DJfHo-oTWRl.mp4
2025-10-04 23:26:51 [INFO]: Output audio file: downloads/audio/DJfHo-oTWRl.wav
2025-10-04 23:26:51 [INFO]: Format: wav, Sample rate: 16000Hz, Channels: 1
2025-10-04 23:26:51 [INFO]: Audio extraction completed successfully
2025-10-04 23:26:51 [INFO]: ✓ Audio extracted: downloads/audio/DJfHo-oTWRl.wav
2025-10-04 23:26:51 [INFO]:   Duration: 111.62s
2025-10-04 23:26:51 [INFO]:   Sample Rate: 16000Hz
2025-10-04 23:26:51 [INFO]:   Channels: 1
2025-10-04 23:26:51 [INFO]: 
[3/5] Transcribing audio...
2025-10-04 23:26:51 [INFO]: Transcription method: auto
2025-10-04 23:26:51 [INFO]: Using Whisper CLI...
2025-10-04 23:26:51 [INFO]: Transcribing with Whisper CLI: downloads/audio/DJfHo-oTWRl.wav
2025-10-04 23:26:58 [INFO]: Transcription with timestamps completed
2025-10-04 23:26:58 [INFO]: ✓ Transcription completed
2025-10-04 23:26:58 [INFO]:   Text length: 1832 characters
2025-10-04 23:26:58 [INFO]:   Segments: 33
2025-10-04 23:26:58 [INFO]: 
[4/5] AI Processing with Ollama...
2025-10-04 23:26:58 [INFO]: Found 3 Ollama models
2025-10-04 23:26:58 [INFO]:   Available models: deepseek-r1:14b, dimavz/whisper-tiny:latest, gemma3:4b
2025-10-04 23:26:58 [INFO]:   Generating summary...
2025-10-04 23:26:58 [INFO]: Generating with Ollama model: gemma3:4b
2025-10-04 23:27:07 [INFO]: Generation completed
2025-10-04 23:27:07 [INFO]: 
--- SUMMARY ---
Here’s a concise summary of the video:

The video highlights five ways to use ChatGPT to significantly improve your job search, moving beyond generic LinkedIn posting. Key takeaways include:

1.  **Career Clarity:** Use ChatGPT to identify your strengths and suitable roles.
2.  **Job Description Analysis:**  Get detailed breakdowns and resume bullet points from ChatGPT based on job descriptions.
3.  **Resume Feedback:**  Utilize ChatGPT as a brutally honest reviewer for your resume and application materials.
4.  **Confident Introductions:**  Ask ChatGPT for a strategic way to introduce yourself during interviews.
5.  **Mock Interviews:**  Conduct realistic mock interviews with ChatGPT for instant feedback.

Essentially, the video advocates for a proactive, data-driven approach to job searching with the help of AI.

2025-10-04 23:27:07 [INFO]:   Extracting key topics...
2025-10-04 23:27:07 [INFO]: Generating with Ollama model: gemma3:4b
2025-10-04 23:27:16 [INFO]: Generation completed
2025-10-04 23:27:16 [INFO]: 
--- KEY TOPICS ---
Here’s a breakdown of the main topics and themes discussed in the video transcription, presented as bullet points:

*   **Using ChatGPT for Career Development:** The overarching theme is leveraging ChatGPT as a tool to improve your job search.
*   **Personalized Career Coaching:** Utilizing ChatGPT to gain clarity on your strengths, skills, and ideal roles.
*   **Job Description Analysis:** Breaking down job descriptions to identify requirements and generate resume bullet points.
*   **Resume Feedback & Optimization:** Getting honest feedback on your resume using ChatGPT to ensure it's effective and avoids sounding desperate.
*   **Interview Preparation:** Utilizing ChatGPT for mock interviews and crafting confident introductions for hiring managers.
*   **Overcoming Job Search Anxiety:** The video emphasizes a positive mindset and avoiding common pitfalls like excessive desperation.

Would you like me to elaborate on any of these points or perhaps summarize a specific aspect of the video?

2025-10-04 23:27:16 [INFO]: 
[5/5] Writing results to CSV...
2025-10-04 23:27:16 [INFO]: Writing Notion-friendly CSV: ./output/transcriptions-notion.csv
2025-10-04 23:27:16 [INFO]: Successfully wrote video to Notion CSV
2025-10-04 23:27:16 [INFO]: ✓ Notion CSV written: ./output/transcriptions-notion.csv
2025-10-04 23:27:16 [INFO]: 
============================================================
2025-10-04 23:27:16 [INFO]: ✓ Pipeline completed successfully
2025-10-04 23:27:16 [INFO]:   Total time: 28.39s
2025-10-04 23:27:16 [INFO]: ============================================================
2025-10-04 23:27:16 [INFO]: ✓ Success
2025-10-04 23:27:16 [INFO]: Waiting 12.0s before next video...
2025-10-04 23:27:28 [INFO]: 
[61/104] Processing: https://www.instagram.com/techtiff.ai/reel/DJc5AzuS9jY/
2025-10-04 23:27:28 [INFO]: ============================================================
2025-10-04 23:27:28 [INFO]: Instagram Video Transcription Pipeline
2025-10-04 23:27:28 [INFO]: ============================================================
2025-10-04 23:27:28 [INFO]: URL: https://www.instagram.com/techtiff.ai/reel/DJc5AzuS9jY/
2025-10-04 23:27:28 [INFO]: 
[1/5] Downloading Instagram video...
2025-10-04 23:27:29 [INFO]: Downloading Instagram video with yt-dlp: https://www.instagram.com/techtiff.ai/reel/DJc5AzuS9jY/
2025-10-04 23:27:29 [INFO]: Output: downloads/videos/DJc5AzuS9jY.mp4
2025-10-04 23:27:31 [INFO]: ✓ Video downloaded successfully with yt-dlp
2025-10-04 23:27:31 [INFO]: ✓ Video downloaded: downloads/videos/DJc5AzuS9jY.mp4
2025-10-04 23:27:31 [INFO]: 
[2/5] Extracting audio from video...
2025-10-04 23:27:31 [INFO]: Extracting audio from: downloads/videos/DJc5AzuS9jY.mp4
2025-10-04 23:27:31 [INFO]: Output audio file: downloads/audio/DJc5AzuS9jY.wav
2025-10-04 23:27:31 [INFO]: Format: wav, Sample rate: 16000Hz, Channels: 1
2025-10-04 23:27:31 [INFO]: Audio extraction completed successfully
2025-10-04 23:27:31 [INFO]: ✓ Audio extracted: downloads/audio/DJc5AzuS9jY.wav
2025-10-04 23:27:31 [INFO]:   Duration: 94.07s
2025-10-04 23:27:31 [INFO]:   Sample Rate: 16000Hz
2025-10-04 23:27:31 [INFO]:   Channels: 1
2025-10-04 23:27:31 [INFO]: 
[3/5] Transcribing audio...
2025-10-04 23:27:31 [INFO]: Transcription method: auto
2025-10-04 23:27:31 [INFO]: Using Whisper CLI...
2025-10-04 23:27:31 [INFO]: Transcribing with Whisper CLI: downloads/audio/DJc5AzuS9jY.wav
2025-10-04 23:27:37 [INFO]: Transcription with timestamps completed
2025-10-04 23:27:37 [INFO]: ✓ Transcription completed
2025-10-04 23:27:37 [INFO]:   Text length: 1490 characters
2025-10-04 23:27:37 [INFO]:   Segments: 16
2025-10-04 23:27:37 [INFO]: 
[4/5] AI Processing with Ollama...
2025-10-04 23:27:37 [INFO]: Found 3 Ollama models
2025-10-04 23:27:37 [INFO]:   Available models: deepseek-r1:14b, dimavz/whisper-tiny:latest, gemma3:4b
2025-10-04 23:27:37 [INFO]:   Generating summary...
2025-10-04 23:27:37 [INFO]: Generating with Ollama model: gemma3:4b
2025-10-04 23:27:42 [INFO]: Generation completed
2025-10-04 23:27:42 [INFO]: 
--- SUMMARY ---
Here’s a concise summary of the video transcription:

This video demonstrates how to easily create a custom AI assistant within ChatGPT to automate repetitive tasks like handling policy explainers and follow-up emails. You simply name the assistant, provide a description, and then give it clear instructions – focusing on communicating effectively without jargon.  You can even upload relevant documents for it to reference.  Essentially, it’s a way to offload tedious work and free up your time.

2025-10-04 23:27:42 [INFO]:   Extracting key topics...
2025-10-04 23:27:42 [INFO]: Generating with Ollama model: gemma3:4b
2025-10-04 23:27:52 [INFO]: Generation completed
2025-10-04 23:27:52 [INFO]: 
--- KEY TOPICS ---
Here’s a breakdown of the main topics and themes discussed in the video transcription, presented as bullet points:

*   **Custom GPT Creation:** The core topic is building a personalized AI assistant within ChatGPT.
*   **Automation of Repetitive Tasks:** The video focuses on using the GPT to handle time-consuming tasks like policy explainers, follow-up emails, and call script preparation.
*   **Personalization of AI Assistants:**  The importance of giving the GPT a specific name and description tailored to a particular role (e.g., “policypal” for life insurance agents).
*   **Detailed Instructions:** The critical role of the “instructions” field in defining exactly what the GPT should do.
*   **Data Integration:** The ability to upload PDFs, FAQs, and call scripts to enhance the GPT’s knowledge base.
*   **Efficiency & Time Savings:** The overall benefit of automating tasks to free up time and reduce the need for manual work.

Would you like me to elaborate on any of these points or perhaps summarize a specific aspect of the video?

2025-10-04 23:27:52 [INFO]: 
[5/5] Writing results to CSV...
2025-10-04 23:27:52 [INFO]: Writing Notion-friendly CSV: ./output/transcriptions-notion.csv
2025-10-04 23:27:52 [INFO]: Successfully wrote video to Notion CSV
2025-10-04 23:27:52 [INFO]: ✓ Notion CSV written: ./output/transcriptions-notion.csv
2025-10-04 23:27:52 [INFO]: 
============================================================
2025-10-04 23:27:52 [INFO]: ✓ Pipeline completed successfully
2025-10-04 23:27:52 [INFO]:   Total time: 23.72s
2025-10-04 23:27:52 [INFO]: ============================================================
2025-10-04 23:27:52 [INFO]: ✓ Success
2025-10-04 23:27:52 [INFO]: Waiting 12.0s before next video...
2025-10-04 23:28:04 [INFO]: 
[62/104] Processing: https://www.instagram.com/techtiff.ai/reel/DJcqKCGzYMR/
2025-10-04 23:28:04 [INFO]: ============================================================
2025-10-04 23:28:04 [INFO]: Instagram Video Transcription Pipeline
2025-10-04 23:28:04 [INFO]: ============================================================
2025-10-04 23:28:04 [INFO]: URL: https://www.instagram.com/techtiff.ai/reel/DJcqKCGzYMR/
2025-10-04 23:28:04 [INFO]: 
[1/5] Downloading Instagram video...
2025-10-04 23:28:04 [INFO]: Downloading Instagram video with yt-dlp: https://www.instagram.com/techtiff.ai/reel/DJcqKCGzYMR/
2025-10-04 23:28:04 [INFO]: Output: downloads/videos/DJcqKCGzYMR.mp4
2025-10-04 23:28:06 [INFO]: ✓ Video downloaded successfully with yt-dlp
2025-10-04 23:28:06 [INFO]: ✓ Video downloaded: downloads/videos/DJcqKCGzYMR.mp4
2025-10-04 23:28:06 [INFO]: 
[2/5] Extracting audio from video...
2025-10-04 23:28:07 [INFO]: Extracting audio from: downloads/videos/DJcqKCGzYMR.mp4
2025-10-04 23:28:07 [INFO]: Output audio file: downloads/audio/DJcqKCGzYMR.wav
2025-10-04 23:28:07 [INFO]: Format: wav, Sample rate: 16000Hz, Channels: 1
2025-10-04 23:28:07 [INFO]: Audio extraction completed successfully
2025-10-04 23:28:07 [INFO]: ✓ Audio extracted: downloads/audio/DJcqKCGzYMR.wav
2025-10-04 23:28:07 [INFO]:   Duration: 83.06s
2025-10-04 23:28:07 [INFO]:   Sample Rate: 16000Hz
2025-10-04 23:28:07 [INFO]:   Channels: 1
2025-10-04 23:28:07 [INFO]: 
[3/5] Transcribing audio...
2025-10-04 23:28:07 [INFO]: Transcription method: auto
2025-10-04 23:28:07 [INFO]: Using Whisper CLI...
2025-10-04 23:28:07 [INFO]: Transcribing with Whisper CLI: downloads/audio/DJcqKCGzYMR.wav
2025-10-04 23:28:12 [INFO]: Transcription with timestamps completed
2025-10-04 23:28:12 [INFO]: ✓ Transcription completed
2025-10-04 23:28:12 [INFO]:   Text length: 1343 characters
2025-10-04 23:28:12 [INFO]:   Segments: 17
2025-10-04 23:28:12 [INFO]: 
[4/5] AI Processing with Ollama...
2025-10-04 23:28:12 [INFO]: Found 3 Ollama models
2025-10-04 23:28:12 [INFO]:   Available models: deepseek-r1:14b, dimavz/whisper-tiny:latest, gemma3:4b
2025-10-04 23:28:12 [INFO]:   Generating summary...
2025-10-04 23:28:12 [INFO]: Generating with Ollama model: gemma3:4b
2025-10-04 23:28:18 [INFO]: Generation completed
2025-10-04 23:28:18 [INFO]: 
--- SUMMARY ---
Here’s a concise summary of the video transcription:

The speaker argues against treating a business assistant (often referred to as a “bestie”) as purely unpaid labor. Instead, entrepreneurs should strategically utilize them by assigning specific, value-adding tasks like drafting sales pages, creating email sequences, and generating content ideas – leveraging tools like GPT. The key takeaway is to shift from solely pouring your own soul into the business to building a scalable operation by effectively delegating and utilizing assistance. It’s about hiring support to allow the visionary to focus on impact and growth.

2025-10-04 23:28:18 [INFO]:   Extracting key topics...
2025-10-04 23:28:18 [INFO]: Generating with Ollama model: gemma3:4b
2025-10-04 23:28:28 [INFO]: Generation completed
2025-10-04 23:28:28 [INFO]: 
--- KEY TOPICS ---
Here’s a breakdown of the main topics and themes discussed in the video transcription, presented as bullet points:

*   **Utilizing AI (specifically GPT) for Business Operations:** The core message is about leveraging AI tools like GPT to streamline business tasks.
*   **Redefining the Role of a Business “Intern”:** The video critiques the common practice of relying on unpaid help and proposes a shift to treating assistants as operational support.
*   **Specific Tasks for an AI-Assisted Intern:** The transcript provides concrete examples of tasks the speaker wants the intern to handle (sales page drafts, email sequences, TikTok hooks, pricing, DM scripts).
*   **Separating Vision from Operations:** The speaker emphasizes the distinction between the founder's creative vision and the need for operational support.
*   **Scaling a Business While Prioritizing Personal Healing:** There’s an underlying theme of building a business that supports the founder’s healing process after a divorce.
*   **Value of Systems and Automation:** The video promotes the idea of creating systems and automating tasks to allow for growth.

Would you like me to elaborate on any of these points or perhaps summarize a specific aspect of the discussion?

2025-10-04 23:28:28 [INFO]: 
[5/5] Writing results to CSV...
2025-10-04 23:28:28 [INFO]: Writing Notion-friendly CSV: ./output/transcriptions-notion.csv
2025-10-04 23:28:28 [INFO]: Successfully wrote video to Notion CSV
2025-10-04 23:28:28 [INFO]: ✓ Notion CSV written: ./output/transcriptions-notion.csv
2025-10-04 23:28:28 [INFO]: 
============================================================
2025-10-04 23:28:28 [INFO]: ✓ Pipeline completed successfully
2025-10-04 23:28:28 [INFO]:   Total time: 24.51s
2025-10-04 23:28:28 [INFO]: ============================================================
2025-10-04 23:28:28 [INFO]: ✓ Success
2025-10-04 23:28:28 [INFO]: Waiting 12.0s before next video...
2025-10-04 23:28:40 [INFO]: 
[63/104] Processing: https://www.instagram.com/techtiff.ai/reel/DJamnHuJ_W2/
2025-10-04 23:28:40 [INFO]: ============================================================
2025-10-04 23:28:40 [INFO]: Instagram Video Transcription Pipeline
2025-10-04 23:28:40 [INFO]: ============================================================
2025-10-04 23:28:40 [INFO]: URL: https://www.instagram.com/techtiff.ai/reel/DJamnHuJ_W2/
2025-10-04 23:28:40 [INFO]: 
[1/5] Downloading Instagram video...
2025-10-04 23:28:41 [INFO]: Downloading Instagram video with yt-dlp: https://www.instagram.com/techtiff.ai/reel/DJamnHuJ_W2/
2025-10-04 23:28:41 [INFO]: Output: downloads/videos/DJamnHuJ_W2.mp4
2025-10-04 23:28:43 [INFO]: ✓ Video downloaded successfully with yt-dlp
2025-10-04 23:28:43 [INFO]: ✓ Video downloaded: downloads/videos/DJamnHuJ_W2.mp4
2025-10-04 23:28:43 [INFO]: 
[2/5] Extracting audio from video...
2025-10-04 23:28:44 [INFO]: Extracting audio from: downloads/videos/DJamnHuJ_W2.mp4
2025-10-04 23:28:44 [INFO]: Output audio file: downloads/audio/DJamnHuJ_W2.wav
2025-10-04 23:28:44 [INFO]: Format: wav, Sample rate: 16000Hz, Channels: 1
2025-10-04 23:28:44 [INFO]: Audio extraction completed successfully
2025-10-04 23:28:44 [INFO]: ✓ Audio extracted: downloads/audio/DJamnHuJ_W2.wav
2025-10-04 23:28:44 [INFO]:   Duration: 95.69s
2025-10-04 23:28:44 [INFO]:   Sample Rate: 16000Hz
2025-10-04 23:28:44 [INFO]:   Channels: 1
2025-10-04 23:28:44 [INFO]: 
[3/5] Transcribing audio...
2025-10-04 23:28:44 [INFO]: Transcription method: auto
2025-10-04 23:28:44 [INFO]: Using Whisper CLI...
2025-10-04 23:28:44 [INFO]: Transcribing with Whisper CLI: downloads/audio/DJamnHuJ_W2.wav
2025-10-04 23:28:50 [INFO]: Transcription with timestamps completed
2025-10-04 23:28:50 [INFO]: ✓ Transcription completed
2025-10-04 23:28:50 [INFO]:   Text length: 1523 characters
2025-10-04 23:28:50 [INFO]:   Segments: 33
2025-10-04 23:28:50 [INFO]: 
[4/5] AI Processing with Ollama...
2025-10-04 23:28:50 [INFO]: Found 3 Ollama models
2025-10-04 23:28:50 [INFO]:   Available models: deepseek-r1:14b, dimavz/whisper-tiny:latest, gemma3:4b
2025-10-04 23:28:50 [INFO]:   Generating summary...
2025-10-04 23:28:50 [INFO]: Generating with Ollama model: gemma3:4b
2025-10-04 23:28:57 [INFO]: Generation completed
2025-10-04 23:28:57 [INFO]: 
--- SUMMARY ---
Here’s a concise summary of the video transcription:

The video argues that using ChatGPT for simple tasks like journaling is actually *increasing* overwhelm. Instead, it suggests three GPT uses to streamline your work:

1.  **Digital Brain:** Use it for idea capture, sorting, and generating next steps.
2.  **Content Repurposer:** Take one idea and automatically generate five different content formats.
3.  **Systems & Ops GPT:** Utilize it to create standard operating procedures, onboarding flows, and internal systems.

**Key Takeaway:** The video advocates for leveraging GPTs strategically for deeper work and automation, rather than simply using them for basic tasks, to combat burnout and work smarter.

2025-10-04 23:28:57 [INFO]:   Extracting key topics...
2025-10-04 23:28:57 [INFO]: Generating with Ollama model: gemma3:4b
2025-10-04 23:29:06 [INFO]: Generation completed
2025-10-04 23:29:06 [INFO]: 
--- KEY TOPICS ---
Here’s a breakdown of the main topics and themes discussed in the video transcription, presented as bullet points:

*   **ChatGPT as a Productivity Tool:** The core theme is utilizing ChatGPT to combat overwhelm and improve workflow.
*   **Digital Brain GPT:** Using ChatGPT to capture, sort, and organize ideas – acting as a digital whiteboard.
*   **Content Repurposing GPT:** Leveraging ChatGPT to generate multiple content formats from a single idea.
*   **Infusing Unique Voice:** The importance of adding personal experience and perspective to repurposed content.
*   **Systems and Operations GPT:** Utilizing ChatGPT to create standard operating procedures (SOPs) and business systems.
*   **Combating Burnout:** The video addresses the issue of burnout and encourages a shift in mindset.
*   **Efficiency & Automation:** The overall message centers on leveraging AI to work smarter, not harder.

Would you like me to elaborate on any of these points or perhaps summarize a specific aspect of the video?

2025-10-04 23:29:06 [INFO]: 
[5/5] Writing results to CSV...
2025-10-04 23:29:06 [INFO]: Writing Notion-friendly CSV: ./output/transcriptions-notion.csv
2025-10-04 23:29:06 [INFO]: Successfully wrote video to Notion CSV
2025-10-04 23:29:06 [INFO]: ✓ Notion CSV written: ./output/transcriptions-notion.csv
2025-10-04 23:29:06 [INFO]: 
============================================================
2025-10-04 23:29:06 [INFO]: ✓ Pipeline completed successfully
2025-10-04 23:29:06 [INFO]:   Total time: 25.90s
2025-10-04 23:29:06 [INFO]: ============================================================
2025-10-04 23:29:06 [INFO]: ✓ Success
2025-10-04 23:29:06 [INFO]: Waiting 12.0s before next video...
2025-10-04 23:29:18 [INFO]: 
[64/104] Processing: https://www.instagram.com/techtiff.ai/reel/DJTM9Nfurf7/
2025-10-04 23:29:18 [INFO]: ============================================================
2025-10-04 23:29:18 [INFO]: Instagram Video Transcription Pipeline
2025-10-04 23:29:18 [INFO]: ============================================================
2025-10-04 23:29:18 [INFO]: URL: https://www.instagram.com/techtiff.ai/reel/DJTM9Nfurf7/
2025-10-04 23:29:18 [INFO]: 
[1/5] Downloading Instagram video...
2025-10-04 23:29:19 [INFO]: Downloading Instagram video with yt-dlp: https://www.instagram.com/techtiff.ai/reel/DJTM9Nfurf7/
2025-10-04 23:29:19 [INFO]: Output: downloads/videos/DJTM9Nfurf7.mp4
2025-10-04 23:29:20 [INFO]: ✓ Video downloaded successfully with yt-dlp
2025-10-04 23:29:20 [INFO]: ✓ Video downloaded: downloads/videos/DJTM9Nfurf7.mp4
2025-10-04 23:29:20 [INFO]: 
[2/5] Extracting audio from video...
2025-10-04 23:29:21 [INFO]: Extracting audio from: downloads/videos/DJTM9Nfurf7.mp4
2025-10-04 23:29:21 [INFO]: Output audio file: downloads/audio/DJTM9Nfurf7.wav
2025-10-04 23:29:21 [INFO]: Format: wav, Sample rate: 16000Hz, Channels: 1
2025-10-04 23:29:21 [INFO]: Audio extraction completed successfully
2025-10-04 23:29:21 [INFO]: ✓ Audio extracted: downloads/audio/DJTM9Nfurf7.wav
2025-10-04 23:29:21 [INFO]:   Duration: 60.07s
2025-10-04 23:29:21 [INFO]:   Sample Rate: 16000Hz
2025-10-04 23:29:21 [INFO]:   Channels: 1
2025-10-04 23:29:21 [INFO]: 
[3/5] Transcribing audio...
2025-10-04 23:29:21 [INFO]: Transcription method: auto
2025-10-04 23:29:21 [INFO]: Using Whisper CLI...
2025-10-04 23:29:21 [INFO]: Transcribing with Whisper CLI: downloads/audio/DJTM9Nfurf7.wav
2025-10-04 23:29:25 [INFO]: Transcription with timestamps completed
2025-10-04 23:29:25 [INFO]: ✓ Transcription completed
2025-10-04 23:29:25 [INFO]:   Text length: 981 characters
2025-10-04 23:29:25 [INFO]:   Segments: 12
2025-10-04 23:29:25 [INFO]: 
[4/5] AI Processing with Ollama...
2025-10-04 23:29:25 [INFO]: Found 3 Ollama models
2025-10-04 23:29:25 [INFO]:   Available models: deepseek-r1:14b, dimavz/whisper-tiny:latest, gemma3:4b
2025-10-04 23:29:25 [INFO]:   Generating summary...
2025-10-04 23:29:25 [INFO]: Generating with Ollama model: gemma3:4b
2025-10-04 23:29:31 [INFO]: Generation completed
2025-10-04 23:29:31 [INFO]: 
--- SUMMARY ---
Here’s a concise summary of the video transcription:

**Notebook LM is an AI-powered tool that transforms your reading materials – documents, links, and text – into a personalized podcast.** It allows you to:

*   **Create a custom podcast:** Simply import your sources and let the AI generate a listening experience.
*   **Get instant answers:** Utilize interactive mode to ask questions about your sources and receive immediate answers with citations.
*   **Streamline learning:** Ideal for busy individuals who want to quickly absorb information from their reading lists.

**Key Takeaway:** Notebook LM leverages AI to make learning from your research more efficient and engaging.

2025-10-04 23:29:31 [INFO]:   Extracting key topics...
2025-10-04 23:29:31 [INFO]: Generating with Ollama model: gemma3:4b
2025-10-04 23:29:39 [INFO]: Generation completed
2025-10-04 23:29:39 [INFO]: 
--- KEY TOPICS ---
Here’s a breakdown of the main topics and themes discussed in the video transcription, presented as bullet points:

*   **Notebook LM:** The core product – an AI-powered tool that transforms reading lists into personalized podcasts.
*   **AI-Powered Summarization & Podcast Generation:** The tool’s ability to automatically create podcasts from uploaded documents, links, and text.
*   **Interactive Learning:** The “interactive mode” feature allowing users to ask questions about sources and receive instant answers during podcasts.
*   **Streamlined Research & Learning:** The tool’s aim to save time and make research and learning more efficient.
*   **Rapid AI Advancement:** A brief acknowledgment of the quickly evolving landscape of AI technology.

Would you like me to elaborate on any of these points or perhaps identify any underlying themes (e.g., efficiency, accessibility of knowledge)?

2025-10-04 23:29:39 [INFO]: 
[5/5] Writing results to CSV...
2025-10-04 23:29:39 [INFO]: Writing Notion-friendly CSV: ./output/transcriptions-notion.csv
2025-10-04 23:29:39 [INFO]: Successfully wrote video to Notion CSV
2025-10-04 23:29:39 [INFO]: ✓ Notion CSV written: ./output/transcriptions-notion.csv
2025-10-04 23:29:39 [INFO]: 
============================================================
2025-10-04 23:29:39 [INFO]: ✓ Pipeline completed successfully
2025-10-04 23:29:39 [INFO]:   Total time: 20.20s
2025-10-04 23:29:39 [INFO]: ============================================================
2025-10-04 23:29:39 [INFO]: ✓ Success
2025-10-04 23:29:39 [INFO]: Waiting 12.0s before next video...
2025-10-04 23:29:51 [INFO]: 
[65/104] Processing: https://www.instagram.com/techtiff.ai/reel/DJSWOouziCt/
2025-10-04 23:29:51 [INFO]: ============================================================
2025-10-04 23:29:51 [INFO]: Instagram Video Transcription Pipeline
2025-10-04 23:29:51 [INFO]: ============================================================
2025-10-04 23:29:51 [INFO]: URL: https://www.instagram.com/techtiff.ai/reel/DJSWOouziCt/
2025-10-04 23:29:51 [INFO]: 
[1/5] Downloading Instagram video...
2025-10-04 23:29:51 [INFO]: Downloading Instagram video with yt-dlp: https://www.instagram.com/techtiff.ai/reel/DJSWOouziCt/
2025-10-04 23:29:51 [INFO]: Output: downloads/videos/DJSWOouziCt.mp4
2025-10-04 23:29:53 [INFO]: ✓ Video downloaded successfully with yt-dlp
2025-10-04 23:29:53 [INFO]: ✓ Video downloaded: downloads/videos/DJSWOouziCt.mp4
2025-10-04 23:29:53 [INFO]: 
[2/5] Extracting audio from video...
2025-10-04 23:29:53 [INFO]: Extracting audio from: downloads/videos/DJSWOouziCt.mp4
2025-10-04 23:29:53 [INFO]: Output audio file: downloads/audio/DJSWOouziCt.wav
2025-10-04 23:29:53 [INFO]: Format: wav, Sample rate: 16000Hz, Channels: 1
2025-10-04 23:29:53 [INFO]: Audio extraction completed successfully
2025-10-04 23:29:53 [INFO]: ✓ Audio extracted: downloads/audio/DJSWOouziCt.wav
2025-10-04 23:29:53 [INFO]:   Duration: 61.37s
2025-10-04 23:29:53 [INFO]:   Sample Rate: 16000Hz
2025-10-04 23:29:53 [INFO]:   Channels: 1
2025-10-04 23:29:53 [INFO]: 
[3/5] Transcribing audio...
2025-10-04 23:29:53 [INFO]: Transcription method: auto
2025-10-04 23:29:53 [INFO]: Using Whisper CLI...
2025-10-04 23:29:53 [INFO]: Transcribing with Whisper CLI: downloads/audio/DJSWOouziCt.wav
2025-10-04 23:29:58 [INFO]: Transcription with timestamps completed
2025-10-04 23:29:58 [INFO]: ✓ Transcription completed
2025-10-04 23:29:58 [INFO]:   Text length: 927 characters
2025-10-04 23:29:58 [INFO]:   Segments: 25
2025-10-04 23:29:58 [INFO]: 
[4/5] AI Processing with Ollama...
2025-10-04 23:29:58 [INFO]: Found 3 Ollama models
2025-10-04 23:29:58 [INFO]:   Available models: deepseek-r1:14b, dimavz/whisper-tiny:latest, gemma3:4b
2025-10-04 23:29:58 [INFO]:   Generating summary...
2025-10-04 23:29:58 [INFO]: Generating with Ollama model: gemma3:4b
2025-10-04 23:30:05 [INFO]: Generation completed
2025-10-04 23:30:05 [INFO]: 
--- SUMMARY ---
Here’s a concise summary of the video transcription:

To maximize the speed and effectiveness of your Custom GPT, focus on **how** you provide information, not just the quantity. **Key takeaways:**

*   **Structure is Key:** Organize your data into clear sections (audience, voice, products, etc.).
*   **Be Selective:** Only load relevant information – avoid overwhelming the GPT with unnecessary details.
*   **Reset Regularly:** Start new chats for new goals to prevent it from becoming “forgetful.”
*   **Strategic Approach:** Remember that your prompts, structure, and uploads all contribute to the GPT’s performance.

---

Would you like me to elaborate on any particular point from the summary?

2025-10-04 23:30:05 [INFO]:   Extracting key topics...
2025-10-04 23:30:05 [INFO]: Generating with Ollama model: gemma3:4b
2025-10-04 23:30:14 [INFO]: Generation completed
2025-10-04 23:30:14 [INFO]: 
--- KEY TOPICS ---
Here’s a breakdown of the main topics and themes discussed in the video transcription, presented as bullet points:

*   **Optimizing Custom GPT Performance:** The core focus is on how to avoid slowing down ChatGPT when using Custom GPTs.
*   **Information Structure:** The importance of structuring the information provided to the GPT – breaking it down into clear sections is key.
*   **Selective Information Loading:**  Specifically, the advice to only provide relevant information, avoiding “TMI” (too much information).
*   **Resetting Conversations:** Recognizing that long, complex conversations can lead to GPT “forgetfulness” and the need to reset for new goals.
*   **Strategic Use of Custom GPTs:**  Framing Custom GPTs as more than just chat, but as a tool for strategy and implementation.
*   **Prompting & Instructions:** The significance of well-defined prompts, instructions, and overall structure.

Would you like me to elaborate on any of these points, or perhaps summarize the key takeaway from the video?

2025-10-04 23:30:14 [INFO]: 
[5/5] Writing results to CSV...
2025-10-04 23:30:14 [INFO]: Writing Notion-friendly CSV: ./output/transcriptions-notion.csv
2025-10-04 23:30:14 [INFO]: Successfully wrote video to Notion CSV
2025-10-04 23:30:14 [INFO]: ✓ Notion CSV written: ./output/transcriptions-notion.csv
2025-10-04 23:30:14 [INFO]: 
============================================================
2025-10-04 23:30:14 [INFO]: ✓ Pipeline completed successfully
2025-10-04 23:30:14 [INFO]:   Total time: 23.43s
2025-10-04 23:30:14 [INFO]: ============================================================
2025-10-04 23:30:14 [INFO]: ✓ Success
2025-10-04 23:30:14 [INFO]: Waiting 12.0s before next video...
2025-10-04 23:30:26 [INFO]: 
[66/104] Processing: https://www.instagram.com/techtiff.ai/reel/DJRjDz3xOPq/
2025-10-04 23:30:26 [INFO]: ============================================================
2025-10-04 23:30:26 [INFO]: Instagram Video Transcription Pipeline
2025-10-04 23:30:26 [INFO]: ============================================================
2025-10-04 23:30:26 [INFO]: URL: https://www.instagram.com/techtiff.ai/reel/DJRjDz3xOPq/
2025-10-04 23:30:26 [INFO]: 
[1/5] Downloading Instagram video...
2025-10-04 23:30:26 [INFO]: Downloading Instagram video with yt-dlp: https://www.instagram.com/techtiff.ai/reel/DJRjDz3xOPq/
2025-10-04 23:30:26 [INFO]: Output: downloads/videos/DJRjDz3xOPq.mp4
2025-10-04 23:30:29 [INFO]: ✓ Video downloaded successfully with yt-dlp
2025-10-04 23:30:29 [INFO]: ✓ Video downloaded: downloads/videos/DJRjDz3xOPq.mp4
2025-10-04 23:30:29 [INFO]: 
[2/5] Extracting audio from video...
2025-10-04 23:30:29 [INFO]: Extracting audio from: downloads/videos/DJRjDz3xOPq.mp4
2025-10-04 23:30:29 [INFO]: Output audio file: downloads/audio/DJRjDz3xOPq.wav
2025-10-04 23:30:29 [INFO]: Format: wav, Sample rate: 16000Hz, Channels: 1
2025-10-04 23:30:29 [INFO]: Audio extraction completed successfully
2025-10-04 23:30:29 [INFO]: ✓ Audio extracted: downloads/audio/DJRjDz3xOPq.wav
2025-10-04 23:30:29 [INFO]:   Duration: 76.56s
2025-10-04 23:30:29 [INFO]:   Sample Rate: 16000Hz
2025-10-04 23:30:29 [INFO]:   Channels: 1
2025-10-04 23:30:29 [INFO]: 
[3/5] Transcribing audio...
2025-10-04 23:30:29 [INFO]: Transcription method: auto
2025-10-04 23:30:29 [INFO]: Using Whisper CLI...
2025-10-04 23:30:29 [INFO]: Transcribing with Whisper CLI: downloads/audio/DJRjDz3xOPq.wav
2025-10-04 23:30:33 [INFO]: Transcription with timestamps completed
2025-10-04 23:30:33 [INFO]: ✓ Transcription completed
2025-10-04 23:30:33 [INFO]:   Text length: 1187 characters
2025-10-04 23:30:33 [INFO]:   Segments: 18
2025-10-04 23:30:33 [INFO]: 
[4/5] AI Processing with Ollama...
2025-10-04 23:30:33 [INFO]: Found 3 Ollama models
2025-10-04 23:30:33 [INFO]:   Available models: deepseek-r1:14b, dimavz/whisper-tiny:latest, gemma3:4b
2025-10-04 23:30:33 [INFO]:   Generating summary...
2025-10-04 23:30:33 [INFO]: Generating with Ollama model: gemma3:4b
2025-10-04 23:30:39 [INFO]: Generation completed
2025-10-04 23:30:39 [INFO]: 
--- SUMMARY ---
Here’s a concise summary of the video transcription:

The key takeaway is that simply assigning AI a role (like “business coach”) doesn’t produce effective results. Instead, you need to **describe the AI’s *thought process* and desired output.**  Focus on creating a “thought model” – defining *how* the AI should think and operate – rather than just assigning a title.  This allows the AI to generate more relevant, personalized, and genuinely useful responses. The video promotes shifting from “casting calls” to defining the AI’s “brain” for better results. 

---

Would you like me to elaborate on any specific part of the summary?

2025-10-04 23:30:39 [INFO]:   Extracting key topics...
2025-10-04 23:30:39 [INFO]: Generating with Ollama model: gemma3:4b
2025-10-04 23:30:51 [INFO]: Generation completed
2025-10-04 23:30:51 [INFO]: 
--- KEY TOPICS ---
Here’s a breakdown of the main topics and themes discussed in the video transcription, presented as bullet points:

*   **Prompt Engineering - Moving Beyond Roles:** The core theme is shifting from instructing AI with traditional job titles (“act as a…” ) to focusing on defining the *thought process* and desired output.
*   **AI’s Limitations with Role-Based Prompts:** The video highlights how simply assigning an AI a role (e.g., “business coach”) leads to generic, surface-level responses based on common online associations.
*   **Importance of Thought Models & “Vibes”:** The key takeaway is that AI needs a defined “thought model,” “vibe,” and “mission” – a way of *thinking* – rather than just a title.
*   **Specificity in Prompting:**  The video advocates for detailed, descriptive prompts that outline *how* the AI should approach the task, including desired tone, style, and target audience.
*   **Personalization & Alignment:** The speaker emphasizes the need to align the AI’s output with the user's own thinking and working style.
*   **Actionable Content Generation:** The ultimate goal is to create prompts that result in genuinely useful and relevant content.

Would you like me to elaborate on any of these points or perhaps summarize the overall message of the video?

2025-10-04 23:30:51 [INFO]: 
[5/5] Writing results to CSV...
2025-10-04 23:30:51 [INFO]: Writing Notion-friendly CSV: ./output/transcriptions-notion.csv
2025-10-04 23:30:51 [INFO]: Successfully wrote video to Notion CSV
2025-10-04 23:30:51 [INFO]: ✓ Notion CSV written: ./output/transcriptions-notion.csv
2025-10-04 23:30:51 [INFO]: 
============================================================
2025-10-04 23:30:51 [INFO]: ✓ Pipeline completed successfully
2025-10-04 23:30:51 [INFO]:   Total time: 24.99s
2025-10-04 23:30:51 [INFO]: ============================================================
2025-10-04 23:30:51 [INFO]: ✓ Success
2025-10-04 23:30:51 [INFO]: Waiting 12.0s before next video...
2025-10-04 23:31:03 [INFO]: 
[67/104] Processing: https://www.instagram.com/techtiff.ai/reel/DJQGlBRSLch/
2025-10-04 23:31:03 [INFO]: ============================================================
2025-10-04 23:31:03 [INFO]: Instagram Video Transcription Pipeline
2025-10-04 23:31:03 [INFO]: ============================================================
2025-10-04 23:31:03 [INFO]: URL: https://www.instagram.com/techtiff.ai/reel/DJQGlBRSLch/
2025-10-04 23:31:03 [INFO]: 
[1/5] Downloading Instagram video...
2025-10-04 23:31:03 [INFO]: Downloading Instagram video with yt-dlp: https://www.instagram.com/techtiff.ai/reel/DJQGlBRSLch/
2025-10-04 23:31:03 [INFO]: Output: downloads/videos/DJQGlBRSLch.mp4
2025-10-04 23:31:05 [INFO]: ✓ Video downloaded successfully with yt-dlp
2025-10-04 23:31:05 [INFO]: ✓ Video downloaded: downloads/videos/DJQGlBRSLch.mp4
2025-10-04 23:31:05 [INFO]: 
[2/5] Extracting audio from video...
2025-10-04 23:31:05 [INFO]: Extracting audio from: downloads/videos/DJQGlBRSLch.mp4
2025-10-04 23:31:05 [INFO]: Output audio file: downloads/audio/DJQGlBRSLch.wav
2025-10-04 23:31:05 [INFO]: Format: wav, Sample rate: 16000Hz, Channels: 1
2025-10-04 23:31:06 [INFO]: Audio extraction completed successfully
2025-10-04 23:31:06 [INFO]: ✓ Audio extracted: downloads/audio/DJQGlBRSLch.wav
2025-10-04 23:31:06 [INFO]:   Duration: 87.75s
2025-10-04 23:31:06 [INFO]:   Sample Rate: 16000Hz
2025-10-04 23:31:06 [INFO]:   Channels: 1
2025-10-04 23:31:06 [INFO]: 
[3/5] Transcribing audio...
2025-10-04 23:31:06 [INFO]: Transcription method: auto
2025-10-04 23:31:06 [INFO]: Using Whisper CLI...
2025-10-04 23:31:06 [INFO]: Transcribing with Whisper CLI: downloads/audio/DJQGlBRSLch.wav
2025-10-04 23:31:12 [INFO]: Transcription with timestamps completed
2025-10-04 23:31:12 [INFO]: ✓ Transcription completed
2025-10-04 23:31:12 [INFO]:   Text length: 1503 characters
2025-10-04 23:31:12 [INFO]:   Segments: 41
2025-10-04 23:31:12 [INFO]: 
[4/5] AI Processing with Ollama...
2025-10-04 23:31:12 [INFO]: Found 3 Ollama models
2025-10-04 23:31:12 [INFO]:   Available models: deepseek-r1:14b, dimavz/whisper-tiny:latest, gemma3:4b
2025-10-04 23:31:12 [INFO]:   Generating summary...
2025-10-04 23:31:12 [INFO]: Generating with Ollama model: gemma3:4b
2025-10-04 23:31:20 [INFO]: Generation completed
2025-10-04 23:31:20 [INFO]: 
--- SUMMARY ---
Here’s a concise summary of the video transcription:

The video argues against building custom GPTs purely for fun and instead recommends using them strategically as virtual hires. **Key takeaways:**

*   **Start with a Problem:** Identify a specific business need (content creation, launches, client management) and build a GPT to address it.
*   **Define the Role:** Don’t just say “act as a strategist.” Clearly outline the GPT’s tasks, tone, and desired output – just like you would with a human employee.
*   **Specificity is Key:** AI needs precise instructions to avoid generic responses and deliver tangible results (profit, clarity, time).

Essentially, the video frames building a custom GPT as hiring an AI assistant and stresses the importance of a well-defined role and detailed instructions.

2025-10-04 23:31:20 [INFO]:   Extracting key topics...
2025-10-04 23:31:20 [INFO]: Generating with Ollama model: gemma3:4b
2025-10-04 23:31:31 [INFO]: Generation completed
2025-10-04 23:31:31 [INFO]: 
--- KEY TOPICS ---
Here’s a breakdown of the main topics and themes discussed in the video transcription, presented as bullet points:

*   **Building Custom GPTs for Business:** The core focus is on using GPTs not just for fun, but as a strategic business tool.
*   **GPT Specialization:** The video advocates for creating GPTs tailored to specific business needs (content creation, launch support, client delivery).
*   **Defining the GPT’s Role:**  A critical point is the need to clearly define the GPT’s responsibilities – it’s like creating a “job description” for an AI.
*   **Specificity in Instructions:**  The video stresses the importance of being precise in your prompts, detailing *exactly* what the GPT should do.
*   **Tone and Brand Alignment:**  Instructing the GPT on the desired tone of voice to match your brand’s identity.
*   **Goal-Oriented Instructions:**  Clearly stating the desired outcome or goal of the GPT’s output.
*   **AI as a Hire:** Framing the GPT as a “hire” – emphasizing the need for clear direction and performance expectations.

Would you like me to elaborate on any of these points, or perhaps summarize the video’s overall message?

2025-10-04 23:31:31 [INFO]: 
[5/5] Writing results to CSV...
2025-10-04 23:31:31 [INFO]: Writing Notion-friendly CSV: ./output/transcriptions-notion.csv
2025-10-04 23:31:31 [INFO]: Successfully wrote video to Notion CSV
2025-10-04 23:31:31 [INFO]: ✓ Notion CSV written: ./output/transcriptions-notion.csv
2025-10-04 23:31:31 [INFO]: 
============================================================
2025-10-04 23:31:31 [INFO]: ✓ Pipeline completed successfully
2025-10-04 23:31:31 [INFO]:   Total time: 27.70s
2025-10-04 23:31:31 [INFO]: ============================================================
2025-10-04 23:31:31 [INFO]: ✓ Success
2025-10-04 23:31:31 [INFO]: Waiting 12.0s before next video...
2025-10-04 23:31:43 [INFO]: 
[68/104] Processing: https://www.instagram.com/techtiff.ai/reel/DJIrxjVRx3B/
2025-10-04 23:31:43 [INFO]: ============================================================
2025-10-04 23:31:43 [INFO]: Instagram Video Transcription Pipeline
2025-10-04 23:31:43 [INFO]: ============================================================
2025-10-04 23:31:43 [INFO]: URL: https://www.instagram.com/techtiff.ai/reel/DJIrxjVRx3B/
2025-10-04 23:31:43 [INFO]: 
[1/5] Downloading Instagram video...
2025-10-04 23:31:43 [INFO]: Downloading Instagram video with yt-dlp: https://www.instagram.com/techtiff.ai/reel/DJIrxjVRx3B/
2025-10-04 23:31:43 [INFO]: Output: downloads/videos/DJIrxjVRx3B.mp4
2025-10-04 23:31:45 [INFO]: ✓ Video downloaded successfully with yt-dlp
2025-10-04 23:31:45 [INFO]: ✓ Video downloaded: downloads/videos/DJIrxjVRx3B.mp4
2025-10-04 23:31:45 [INFO]: 
[2/5] Extracting audio from video...
2025-10-04 23:31:45 [INFO]: Extracting audio from: downloads/videos/DJIrxjVRx3B.mp4
2025-10-04 23:31:45 [INFO]: Output audio file: downloads/audio/DJIrxjVRx3B.wav
2025-10-04 23:31:45 [INFO]: Format: wav, Sample rate: 16000Hz, Channels: 1
2025-10-04 23:31:45 [INFO]: Audio extraction completed successfully
2025-10-04 23:31:45 [INFO]: ✓ Audio extracted: downloads/audio/DJIrxjVRx3B.wav
2025-10-04 23:31:45 [INFO]:   Duration: 72.84s
2025-10-04 23:31:45 [INFO]:   Sample Rate: 16000Hz
2025-10-04 23:31:45 [INFO]:   Channels: 1
2025-10-04 23:31:45 [INFO]: 
[3/5] Transcribing audio...
2025-10-04 23:31:45 [INFO]: Transcription method: auto
2025-10-04 23:31:45 [INFO]: Using Whisper CLI...
2025-10-04 23:31:45 [INFO]: Transcribing with Whisper CLI: downloads/audio/DJIrxjVRx3B.wav
2025-10-04 23:31:50 [INFO]: Transcription with timestamps completed
2025-10-04 23:31:50 [INFO]: ✓ Transcription completed
2025-10-04 23:31:50 [INFO]:   Text length: 1193 characters
2025-10-04 23:31:50 [INFO]:   Segments: 30
2025-10-04 23:31:50 [INFO]: 
[4/5] AI Processing with Ollama...
2025-10-04 23:31:50 [INFO]: Found 3 Ollama models
2025-10-04 23:31:50 [INFO]:   Available models: deepseek-r1:14b, dimavz/whisper-tiny:latest, gemma3:4b
2025-10-04 23:31:50 [INFO]:   Generating summary...
2025-10-04 23:31:50 [INFO]: Generating with Ollama model: gemma3:4b
2025-10-04 23:32:00 [INFO]: Generation completed
2025-10-04 23:32:00 [INFO]: 
--- SUMMARY ---
Here’s a concise summary of the video transcription:

This video highlights five ways ChatGPT can be incredibly helpful for individuals with ADHD. The key takeaways are:

*   **Decision Paralysis Slayer:** Quickly evaluate options by asking ChatGPT to list pros and cons.
*   **Mental Ping Pong Out:** Use voice-to-text to translate messy thoughts into organized bullet points.
*   **Burnout Buffer:** Get a quick, manageable task suggestion when feeling exhausted.
*   **Mood Mirror/Therapist:** Use ChatGPT to explore feelings and gain insights.
*   **Self-Compassion Coach:** Prompt ChatGPT to role-play a wiser, future self for emotional support.

Essentially, the video argues against traditional planners and advocates for using ChatGPT as a tool for thought organization, emotional support, and problem-solving – focusing on better prompts rather than rigid planning.

2025-10-04 23:32:00 [INFO]:   Extracting key topics...
2025-10-04 23:32:00 [INFO]: Generating with Ollama model: gemma3:4b
2025-10-04 23:32:11 [INFO]: Generation completed
2025-10-04 23:32:11 [INFO]: 
--- KEY TOPICS ---
Here’s a breakdown of the main topics and themes discussed in the video transcription, presented as bullet points:

*   **ChatGPT for ADHD:** The core focus is utilizing ChatGPT specifically for individuals with ADHD.
*   **Decision Paralysis:** A key problem addressed is overcoming decision paralysis.
*   **Prompting Strategies:** The video emphasizes effective prompting techniques for ChatGPT (e.g., providing options, asking for pros/cons).
*   **Task Breakdown & Action Steps:** Using ChatGPT to translate thoughts into actionable steps and bullet points.
*   **Burnout Mitigation:**  Employing ChatGPT for quick solutions when feeling exhausted.
*   **Emotional Exploration & Reframing:** Utilizing ChatGPT as a "mood mirror" to understand and reframe feelings.
*   **Self-Compassion & Future Self Guidance:**  Leveraging ChatGPT to receive advice and support from a future, more experienced self.
*   **Reframing & Imagination:** Using ChatGPT to stimulate imagination and emotional reframing.

Would you like me to elaborate on any of these points or perhaps summarize a specific theme in more detail?

2025-10-04 23:32:11 [INFO]: 
[5/5] Writing results to CSV...
2025-10-04 23:32:11 [INFO]: Writing Notion-friendly CSV: ./output/transcriptions-notion.csv
2025-10-04 23:32:11 [INFO]: Successfully wrote video to Notion CSV
2025-10-04 23:32:11 [INFO]: ✓ Notion CSV written: ./output/transcriptions-notion.csv
2025-10-04 23:32:11 [INFO]: 
============================================================
2025-10-04 23:32:11 [INFO]: ✓ Pipeline completed successfully
2025-10-04 23:32:11 [INFO]:   Total time: 28.30s
2025-10-04 23:32:11 [INFO]: ============================================================
2025-10-04 23:32:11 [INFO]: ✓ Success
2025-10-04 23:32:11 [INFO]: Waiting 12.0s before next video...
2025-10-04 23:32:23 [INFO]: 
[69/104] Processing: https://www.instagram.com/techtiff.ai/reel/DJA0UIKvf9K/
2025-10-04 23:32:23 [INFO]: ============================================================
2025-10-04 23:32:23 [INFO]: Instagram Video Transcription Pipeline
2025-10-04 23:32:23 [INFO]: ============================================================
2025-10-04 23:32:23 [INFO]: URL: https://www.instagram.com/techtiff.ai/reel/DJA0UIKvf9K/
2025-10-04 23:32:23 [INFO]: 
[1/5] Downloading Instagram video...
2025-10-04 23:32:23 [INFO]: Downloading Instagram video with yt-dlp: https://www.instagram.com/techtiff.ai/reel/DJA0UIKvf9K/
2025-10-04 23:32:23 [INFO]: Output: downloads/videos/DJA0UIKvf9K.mp4
2025-10-04 23:32:25 [INFO]: ✓ Video downloaded successfully with yt-dlp
2025-10-04 23:32:25 [INFO]: ✓ Video downloaded: downloads/videos/DJA0UIKvf9K.mp4
2025-10-04 23:32:25 [INFO]: 
[2/5] Extracting audio from video...
2025-10-04 23:32:25 [INFO]: Extracting audio from: downloads/videos/DJA0UIKvf9K.mp4
2025-10-04 23:32:25 [INFO]: Output audio file: downloads/audio/DJA0UIKvf9K.wav
2025-10-04 23:32:25 [INFO]: Format: wav, Sample rate: 16000Hz, Channels: 1
2025-10-04 23:32:25 [INFO]: Audio extraction completed successfully
2025-10-04 23:32:25 [INFO]: ✓ Audio extracted: downloads/audio/DJA0UIKvf9K.wav
2025-10-04 23:32:25 [INFO]:   Duration: 90.03s
2025-10-04 23:32:25 [INFO]:   Sample Rate: 16000Hz
2025-10-04 23:32:25 [INFO]:   Channels: 1
2025-10-04 23:32:25 [INFO]: 
[3/5] Transcribing audio...
2025-10-04 23:32:25 [INFO]: Transcription method: auto
2025-10-04 23:32:25 [INFO]: Using Whisper CLI...
2025-10-04 23:32:25 [INFO]: Transcribing with Whisper CLI: downloads/audio/DJA0UIKvf9K.wav
2025-10-04 23:32:32 [INFO]: Transcription with timestamps completed
2025-10-04 23:32:32 [INFO]: ✓ Transcription completed
2025-10-04 23:32:32 [INFO]:   Text length: 1334 characters
2025-10-04 23:32:32 [INFO]:   Segments: 27
2025-10-04 23:32:32 [INFO]: 
[4/5] AI Processing with Ollama...
2025-10-04 23:32:32 [INFO]: Found 3 Ollama models
2025-10-04 23:32:32 [INFO]:   Available models: deepseek-r1:14b, dimavz/whisper-tiny:latest, gemma3:4b
2025-10-04 23:32:32 [INFO]:   Generating summary...
2025-10-04 23:32:32 [INFO]: Generating with Ollama model: gemma3:4b
2025-10-04 23:32:39 [INFO]: Generation completed
2025-10-04 23:32:39 [INFO]: 
--- SUMMARY ---
Here’s a concise summary of the video transcription:

The video explains how to create Custom GPTs in ChatGPT, comparing them to “stilettos” versus “flip flops” – highlighting their superior functionality. The key takeaways are:

*   **Create a Custom GPT:** Start by naming and defining your GPT’s role, target audience, and communication style.
*   **Personalize it:** Upload style guides, workflows, and templates to make it sound and think like you.
*   **Provide Examples:** Include 3-5 example prompts to guide its behavior – essentially giving it a “menu” of tasks.

Essentially, the video demonstrates how to transform the default ChatGPT into a highly tailored AI assistant by providing clear instructions and context.

2025-10-04 23:32:39 [INFO]:   Extracting key topics...
2025-10-04 23:32:39 [INFO]: Generating with Ollama model: gemma3:4b
2025-10-04 23:32:49 [INFO]: Generation completed
2025-10-04 23:32:49 [INFO]: 
--- KEY TOPICS ---
Here’s a breakdown of the main topics and themes discussed in the video transcription, presented as bullet points:

*   **Custom GPTs vs. Default ChatGPT:** The core comparison is between the limitations of the standard ChatGPT and the enhanced capabilities of creating custom GPTs.
*   **Creating Custom GPTs:** The video focuses on the process of building a custom GPT, emphasizing personalization.
*   **Defining GPT Identity:** This includes giving the GPT a job title, specifying who it helps, and defining its communication style.
*   **Personalization through Style Guides & Templates:** Uploading and utilizing style guides, workflows, and templates to make the GPT reflect the user's preferences.
*   **Prompt Engineering:** The importance of providing clear and specific prompts (including examples) to guide the GPT’s responses.
*   **Utility & Value:** The video highlights the value of a custom GPT as a personalized, efficient “intern.”

Would you like me to elaborate on any of these points, or perhaps summarize the video’s overall message?

2025-10-04 23:32:49 [INFO]: 
[5/5] Writing results to CSV...
2025-10-04 23:32:49 [INFO]: Writing Notion-friendly CSV: ./output/transcriptions-notion.csv
2025-10-04 23:32:49 [INFO]: Successfully wrote video to Notion CSV
2025-10-04 23:32:49 [INFO]: ✓ Notion CSV written: ./output/transcriptions-notion.csv
2025-10-04 23:32:49 [INFO]: 
============================================================
2025-10-04 23:32:49 [INFO]: ✓ Pipeline completed successfully
2025-10-04 23:32:49 [INFO]:   Total time: 26.25s
2025-10-04 23:32:49 [INFO]: ============================================================
2025-10-04 23:32:49 [INFO]: ✓ Success
2025-10-04 23:32:49 [INFO]: Waiting 12.0s before next video...
2025-10-04 23:33:01 [INFO]: 
[70/104] Processing: https://www.instagram.com/techtiff.ai/reel/DI9tldCzP4Z/
2025-10-04 23:33:01 [INFO]: ============================================================
2025-10-04 23:33:01 [INFO]: Instagram Video Transcription Pipeline
2025-10-04 23:33:01 [INFO]: ============================================================
2025-10-04 23:33:01 [INFO]: URL: https://www.instagram.com/techtiff.ai/reel/DI9tldCzP4Z/
2025-10-04 23:33:01 [INFO]: 
[1/5] Downloading Instagram video...
2025-10-04 23:33:02 [INFO]: Downloading Instagram video with yt-dlp: https://www.instagram.com/techtiff.ai/reel/DI9tldCzP4Z/
2025-10-04 23:33:02 [INFO]: Output: downloads/videos/DI9tldCzP4Z.mp4
2025-10-04 23:33:04 [INFO]: ✓ Video downloaded successfully with yt-dlp
2025-10-04 23:33:04 [INFO]: ✓ Video downloaded: downloads/videos/DI9tldCzP4Z.mp4
2025-10-04 23:33:04 [INFO]: 
[2/5] Extracting audio from video...
2025-10-04 23:33:04 [INFO]: Extracting audio from: downloads/videos/DI9tldCzP4Z.mp4
2025-10-04 23:33:04 [INFO]: Output audio file: downloads/audio/DI9tldCzP4Z.wav
2025-10-04 23:33:04 [INFO]: Format: wav, Sample rate: 16000Hz, Channels: 1
2025-10-04 23:33:04 [INFO]: Audio extraction completed successfully
2025-10-04 23:33:04 [INFO]: ✓ Audio extracted: downloads/audio/DI9tldCzP4Z.wav
2025-10-04 23:33:04 [INFO]:   Duration: 51.34s
2025-10-04 23:33:04 [INFO]:   Sample Rate: 16000Hz
2025-10-04 23:33:04 [INFO]:   Channels: 1
2025-10-04 23:33:04 [INFO]: 
[3/5] Transcribing audio...
2025-10-04 23:33:04 [INFO]: Transcription method: auto
2025-10-04 23:33:04 [INFO]: Using Whisper CLI...
2025-10-04 23:33:04 [INFO]: Transcribing with Whisper CLI: downloads/audio/DI9tldCzP4Z.wav
2025-10-04 23:33:08 [INFO]: Transcription with timestamps completed
2025-10-04 23:33:08 [INFO]: ✓ Transcription completed
2025-10-04 23:33:08 [INFO]:   Text length: 859 characters
2025-10-04 23:33:08 [INFO]:   Segments: 15
2025-10-04 23:33:08 [INFO]: 
[4/5] AI Processing with Ollama...
2025-10-04 23:33:08 [INFO]: Found 3 Ollama models
2025-10-04 23:33:08 [INFO]:   Available models: deepseek-r1:14b, dimavz/whisper-tiny:latest, gemma3:4b
2025-10-04 23:33:08 [INFO]:   Generating summary...
2025-10-04 23:33:08 [INFO]: Generating with Ollama model: gemma3:4b
2025-10-04 23:33:15 [INFO]: Generation completed
2025-10-04 23:33:15 [INFO]: 
--- SUMMARY ---
Here’s a concise summary of the video transcription:

**Key Takeaway:** The video highlights the power of Custom GPTs within ChatGPT – essentially, personalized AI assistants trained to mimic your style and knowledge.

**Main Points:**

*   **Custom GPTs are powerful:** They act as dedicated AI writers tailored to your specific needs and brand.
*   **Customization is key:** You can train them using your brand voice, industry knowledge, customer data, and daily workflows.
*   **Easy Setup:** Creating a Custom GPT is simple: Explore GPTs > Create, name it, upload relevant documents, and test it out.

---

Would you like me to elaborate on any specific aspect of the summary?

2025-10-04 23:33:15 [INFO]:   Extracting key topics...
2025-10-04 23:33:15 [INFO]: Generating with Ollama model: gemma3:4b
2025-10-04 23:33:23 [INFO]: Generation completed
2025-10-04 23:33:23 [INFO]: 
--- KEY TOPICS ---
Here’s a breakdown of the main topics and themes discussed in the video transcription, presented as bullet points:

*   **Custom GPTs:** The central topic – explaining what they are and their capabilities.
*   **AI Writing Assistant:** Highlighting Custom GPTs as a powerful tool for AI-driven writing.
*   **Personalization & Training:** Emphasizing the ability to train a GPT to mimic your style, voice, and workflow.
*   **Data Input & Customization:**  The importance of feeding the GPT relevant information (brand voice, niche, customer data, workflows).
*   **Ease of Setup:** Demonstrating the simple process of creating a Custom GPT within ChatGPT.
*   **User Engagement:** The presenter encourages viewers to share their setup processes in the comments.

Would you like me to elaborate on any of these points or perhaps summarize the video’s overall message?

2025-10-04 23:33:23 [INFO]: 
[5/5] Writing results to CSV...
2025-10-04 23:33:23 [INFO]: Writing Notion-friendly CSV: ./output/transcriptions-notion.csv
2025-10-04 23:33:23 [INFO]: Successfully wrote video to Notion CSV
2025-10-04 23:33:23 [INFO]: ✓ Notion CSV written: ./output/transcriptions-notion.csv
2025-10-04 23:33:23 [INFO]: 
============================================================
2025-10-04 23:33:23 [INFO]: ✓ Pipeline completed successfully
2025-10-04 23:33:23 [INFO]:   Total time: 22.27s
2025-10-04 23:33:23 [INFO]: ============================================================
2025-10-04 23:33:23 [INFO]: ✓ Success
2025-10-04 23:33:23 [INFO]: Waiting 12.0s before next video...
2025-10-04 23:33:35 [INFO]: 
[71/104] Processing: https://www.instagram.com/techtiff.ai/reel/DI71kFgxbuE/
2025-10-04 23:33:35 [INFO]: ============================================================
2025-10-04 23:33:35 [INFO]: Instagram Video Transcription Pipeline
2025-10-04 23:33:35 [INFO]: ============================================================
2025-10-04 23:33:35 [INFO]: URL: https://www.instagram.com/techtiff.ai/reel/DI71kFgxbuE/
2025-10-04 23:33:35 [INFO]: 
[1/5] Downloading Instagram video...
2025-10-04 23:33:36 [INFO]: Downloading Instagram video with yt-dlp: https://www.instagram.com/techtiff.ai/reel/DI71kFgxbuE/
2025-10-04 23:33:36 [INFO]: Output: downloads/videos/DI71kFgxbuE.mp4
2025-10-04 23:33:38 [INFO]: ✓ Video downloaded successfully with yt-dlp
2025-10-04 23:33:38 [INFO]: ✓ Video downloaded: downloads/videos/DI71kFgxbuE.mp4
2025-10-04 23:33:38 [INFO]: 
[2/5] Extracting audio from video...
2025-10-04 23:33:38 [INFO]: Extracting audio from: downloads/videos/DI71kFgxbuE.mp4
2025-10-04 23:33:38 [INFO]: Output audio file: downloads/audio/DI71kFgxbuE.wav
2025-10-04 23:33:38 [INFO]: Format: wav, Sample rate: 16000Hz, Channels: 1
2025-10-04 23:33:38 [INFO]: Audio extraction completed successfully
2025-10-04 23:33:38 [INFO]: ✓ Audio extracted: downloads/audio/DI71kFgxbuE.wav
2025-10-04 23:33:38 [INFO]:   Duration: 92.72s
2025-10-04 23:33:38 [INFO]:   Sample Rate: 16000Hz
2025-10-04 23:33:38 [INFO]:   Channels: 1
2025-10-04 23:33:38 [INFO]: 
[3/5] Transcribing audio...
2025-10-04 23:33:38 [INFO]: Transcription method: auto
2025-10-04 23:33:38 [INFO]: Using Whisper CLI...
2025-10-04 23:33:38 [INFO]: Transcribing with Whisper CLI: downloads/audio/DI71kFgxbuE.wav
2025-10-04 23:33:44 [INFO]: Transcription with timestamps completed
2025-10-04 23:33:44 [INFO]: ✓ Transcription completed
2025-10-04 23:33:44 [INFO]:   Text length: 1530 characters
2025-10-04 23:33:44 [INFO]:   Segments: 36
2025-10-04 23:33:44 [INFO]: 
[4/5] AI Processing with Ollama...
2025-10-04 23:33:44 [INFO]: Found 3 Ollama models
2025-10-04 23:33:44 [INFO]:   Available models: deepseek-r1:14b, dimavz/whisper-tiny:latest, gemma3:4b
2025-10-04 23:33:44 [INFO]:   Generating summary...
2025-10-04 23:33:44 [INFO]: Generating with Ollama model: gemma3:4b
2025-10-04 23:33:50 [INFO]: Generation completed
2025-10-04 23:33:50 [INFO]: 
--- SUMMARY ---
Here’s a concise summary of the video transcription:

The video highlights the importance of using “chain of thought prompting” with ChatGPT to get better results. Simply asking ChatGPT a broad question won’t work. Instead, break down large tasks into smaller, step-by-step instructions, mimicking your own thought process. This technique, similar to cognitive behavioral therapy, helps ChatGPT understand and respond more effectively. Essentially, you’re teaching it to think like you, leading to more focused and productive outputs. Don’t treat ChatGPT as a muse; treat it like a middle manager needing a clear process to deliver quality results.

2025-10-04 23:33:50 [INFO]:   Extracting key topics...
2025-10-04 23:33:50 [INFO]: Generating with Ollama model: gemma3:4b
2025-10-04 23:34:00 [INFO]: Generation completed
2025-10-04 23:34:00 [INFO]: 
--- KEY TOPICS ---
Here’s a breakdown of the main topics and themes discussed in the video transcription, presented as bullet points:

*   **Chain of Thought Prompting:** This is the central technique being promoted – breaking down tasks into sequential steps for ChatGPT.
*   **Effective Prompting Strategies:** The video emphasizes the importance of *how* you prompt ChatGPT, rather than just asking simple questions.
*   **Deconstructing Large Tasks:** The core concept is to divide overwhelming tasks into smaller, manageable steps.
*   **Mimicking Human Thinking:** ChatGPT’s ability to respond effectively relies on mimicking the user’s thought process.
*   **ChatGPT as a Tool, Not a Muse:** The video frames ChatGPT as a tool to be guided, rather than a source of creative inspiration.
*   **Structured vs. Chaotic Input:** The video contrasts giving ChatGPT vague requests with providing a structured process.

Would you like me to elaborate on any of these points, or perhaps summarize the overall message of the video?

2025-10-04 23:34:00 [INFO]: 
[5/5] Writing results to CSV...
2025-10-04 23:34:00 [INFO]: Writing Notion-friendly CSV: ./output/transcriptions-notion.csv
2025-10-04 23:34:00 [INFO]: Successfully wrote video to Notion CSV
2025-10-04 23:34:00 [INFO]: ✓ Notion CSV written: ./output/transcriptions-notion.csv
2025-10-04 23:34:00 [INFO]: 
============================================================
2025-10-04 23:34:00 [INFO]: ✓ Pipeline completed successfully
2025-10-04 23:34:00 [INFO]:   Total time: 24.67s
2025-10-04 23:34:00 [INFO]: ============================================================
2025-10-04 23:34:00 [INFO]: ✓ Success
2025-10-04 23:34:00 [INFO]: Waiting 12.0s before next video...
2025-10-04 23:34:12 [INFO]: 
[72/104] Processing: https://www.instagram.com/techtiff.ai/reel/DI15y7hT5a1/
2025-10-04 23:34:12 [INFO]: ============================================================
2025-10-04 23:34:12 [INFO]: Instagram Video Transcription Pipeline
2025-10-04 23:34:12 [INFO]: ============================================================
2025-10-04 23:34:12 [INFO]: URL: https://www.instagram.com/techtiff.ai/reel/DI15y7hT5a1/
2025-10-04 23:34:12 [INFO]: 
[1/5] Downloading Instagram video...
2025-10-04 23:34:12 [INFO]: Downloading Instagram video with yt-dlp: https://www.instagram.com/techtiff.ai/reel/DI15y7hT5a1/
2025-10-04 23:34:12 [INFO]: Output: downloads/videos/DI15y7hT5a1.mp4
2025-10-04 23:34:15 [INFO]: ✓ Video downloaded successfully with yt-dlp
2025-10-04 23:34:15 [INFO]: ✓ Video downloaded: downloads/videos/DI15y7hT5a1.mp4
2025-10-04 23:34:15 [INFO]: 
[2/5] Extracting audio from video...
2025-10-04 23:34:15 [INFO]: Extracting audio from: downloads/videos/DI15y7hT5a1.mp4
2025-10-04 23:34:15 [INFO]: Output audio file: downloads/audio/DI15y7hT5a1.wav
2025-10-04 23:34:15 [INFO]: Format: wav, Sample rate: 16000Hz, Channels: 1
2025-10-04 23:34:15 [INFO]: Audio extraction completed successfully
2025-10-04 23:34:15 [INFO]: ✓ Audio extracted: downloads/audio/DI15y7hT5a1.wav
2025-10-04 23:34:15 [INFO]:   Duration: 70.43s
2025-10-04 23:34:15 [INFO]:   Sample Rate: 16000Hz
2025-10-04 23:34:15 [INFO]:   Channels: 1
2025-10-04 23:34:15 [INFO]: 
[3/5] Transcribing audio...
2025-10-04 23:34:15 [INFO]: Transcription method: auto
2025-10-04 23:34:15 [INFO]: Using Whisper CLI...
2025-10-04 23:34:15 [INFO]: Transcribing with Whisper CLI: downloads/audio/DI15y7hT5a1.wav
2025-10-04 23:34:19 [INFO]: Transcription with timestamps completed
2025-10-04 23:34:19 [INFO]: ✓ Transcription completed
2025-10-04 23:34:19 [INFO]:   Text length: 1185 characters
2025-10-04 23:34:19 [INFO]:   Segments: 13
2025-10-04 23:34:19 [INFO]: 
[4/5] AI Processing with Ollama...
2025-10-04 23:34:19 [INFO]: Found 3 Ollama models
2025-10-04 23:34:19 [INFO]:   Available models: deepseek-r1:14b, dimavz/whisper-tiny:latest, gemma3:4b
2025-10-04 23:34:19 [INFO]:   Generating summary...
2025-10-04 23:34:19 [INFO]: Generating with Ollama model: gemma3:4b
2025-10-04 23:34:26 [INFO]: Generation completed
2025-10-04 23:34:26 [INFO]: 
--- SUMMARY ---
Here’s a concise summary of the video transcription:

The video argues that people are using ChatGPT for purely aesthetic or “manifestation” purposes when it can be a powerful marketing tool. The key takeaway is to shift your prompts from vague desires (“what should I manifest today”) to actionable marketing tasks. The speaker recommends using three specific prompts: 1) Analyze your past content for strategic insights, 2) Generate content angles for a digital product, and 3) Create an email series for lead magnets. Essentially, stop asking for vibes and start leveraging ChatGPT to actually build and monetize your business. 

---

Would you like me to elaborate on any specific point or aspect of the summary?

2025-10-04 23:34:26 [INFO]:   Extracting key topics...
2025-10-04 23:34:26 [INFO]: Generating with Ollama model: gemma3:4b
2025-10-04 23:34:37 [INFO]: Generation completed
2025-10-04 23:34:37 [INFO]: 
--- KEY TOPICS ---
Here’s a breakdown of the main topics and themes discussed in the video transcription, presented as bullet points:

*   **Effective Use of ChatGPT for Marketing:** The core theme is shifting how people utilize ChatGPT – moving beyond inspirational prompts to practical, results-oriented marketing applications.
*   **Problem with Vague Prompts:** The video criticizes prompts like “what should I manifest today” and highlights the need for specific, actionable requests.
*   **ChatGPT as a Marketing Tool:** It positions ChatGPT as a valuable resource, comparable to a skilled marketing professional (an “unpaid intern with full availability and a PhD in marketing”).
*   **Strategic Prompting:** The video emphasizes the importance of structured prompts designed to achieve specific marketing goals (e.g., booking clients, monetizing a digital product).
*   **Specific Prompt Examples:** It provides three example prompts to illustrate how to transform a general vision into a concrete marketing strategy.
*   **Actionable Outcomes:** The video focuses on tangible results – booking clients, creating content angles, and developing email sequences.

Would you like me to elaborate on any of these points, or perhaps summarize the key takeaways from the video?

2025-10-04 23:34:37 [INFO]: 
[5/5] Writing results to CSV...
2025-10-04 23:34:37 [INFO]: Writing Notion-friendly CSV: ./output/transcriptions-notion.csv
2025-10-04 23:34:37 [INFO]: Successfully wrote video to Notion CSV
2025-10-04 23:34:37 [INFO]: ✓ Notion CSV written: ./output/transcriptions-notion.csv
2025-10-04 23:34:37 [INFO]: 
============================================================
2025-10-04 23:34:37 [INFO]: ✓ Pipeline completed successfully
2025-10-04 23:34:37 [INFO]:   Total time: 25.00s
2025-10-04 23:34:37 [INFO]: ============================================================
2025-10-04 23:34:37 [INFO]: ✓ Success
2025-10-04 23:34:37 [INFO]: Waiting 12.0s before next video...
2025-10-04 23:34:49 [INFO]: 
[73/104] Processing: https://www.instagram.com/techtiff.ai/reel/DIzX-ZAT9pS/
2025-10-04 23:34:49 [INFO]: ============================================================
2025-10-04 23:34:49 [INFO]: Instagram Video Transcription Pipeline
2025-10-04 23:34:49 [INFO]: ============================================================
2025-10-04 23:34:49 [INFO]: URL: https://www.instagram.com/techtiff.ai/reel/DIzX-ZAT9pS/
2025-10-04 23:34:49 [INFO]: 
[1/5] Downloading Instagram video...
2025-10-04 23:34:50 [INFO]: Downloading Instagram video with yt-dlp: https://www.instagram.com/techtiff.ai/reel/DIzX-ZAT9pS/
2025-10-04 23:34:50 [INFO]: Output: downloads/videos/DIzX-ZAT9pS.mp4
2025-10-04 23:34:51 [INFO]: ✓ Video downloaded successfully with yt-dlp
2025-10-04 23:34:51 [INFO]: ✓ Video downloaded: downloads/videos/DIzX-ZAT9pS.mp4
2025-10-04 23:34:51 [INFO]: 
[2/5] Extracting audio from video...
2025-10-04 23:34:52 [INFO]: Extracting audio from: downloads/videos/DIzX-ZAT9pS.mp4
2025-10-04 23:34:52 [INFO]: Output audio file: downloads/audio/DIzX-ZAT9pS.wav
2025-10-04 23:34:52 [INFO]: Format: wav, Sample rate: 16000Hz, Channels: 1
2025-10-04 23:34:52 [INFO]: Audio extraction completed successfully
2025-10-04 23:34:52 [INFO]: ✓ Audio extracted: downloads/audio/DIzX-ZAT9pS.wav
2025-10-04 23:34:52 [INFO]:   Duration: 44.65s
2025-10-04 23:34:52 [INFO]:   Sample Rate: 16000Hz
2025-10-04 23:34:52 [INFO]:   Channels: 1
2025-10-04 23:34:52 [INFO]: 
[3/5] Transcribing audio...
2025-10-04 23:34:52 [INFO]: Transcription method: auto
2025-10-04 23:34:52 [INFO]: Using Whisper CLI...
2025-10-04 23:34:52 [INFO]: Transcribing with Whisper CLI: downloads/audio/DIzX-ZAT9pS.wav
2025-10-04 23:34:56 [INFO]: Transcription with timestamps completed
2025-10-04 23:34:56 [INFO]: ✓ Transcription completed
2025-10-04 23:34:56 [INFO]:   Text length: 682 characters
2025-10-04 23:34:56 [INFO]:   Segments: 11
2025-10-04 23:34:56 [INFO]: 
[4/5] AI Processing with Ollama...
2025-10-04 23:34:56 [INFO]: Found 3 Ollama models
2025-10-04 23:34:56 [INFO]:   Available models: deepseek-r1:14b, dimavz/whisper-tiny:latest, gemma3:4b
2025-10-04 23:34:56 [INFO]:   Generating summary...
2025-10-04 23:34:56 [INFO]: Generating with Ollama model: gemma3:4b
2025-10-04 23:35:00 [INFO]: Generation completed
2025-10-04 23:35:00 [INFO]: 
--- SUMMARY ---
Here’s a concise summary of the video transcription:

The video argues that ChatGPT is valuable, particularly GPT-4. While GPT-3.5 is good for basic tasks, GPT-4 is significantly better for complex projects and strategies due to its improved accuracy and memory. Custom GPTs, tailored with specific personalities and purposes, offer an extra layer of power. **Key takeaway:** If you’re serious about using ChatGPT, upgrading to GPT-4 and exploring custom GPTs is highly recommended, especially for business applications.

2025-10-04 23:35:00 [INFO]:   Extracting key topics...
2025-10-04 23:35:00 [INFO]: Generating with Ollama model: gemma3:4b
2025-10-04 23:35:10 [INFO]: Generation completed
2025-10-04 23:35:10 [INFO]: 
--- KEY TOPICS ---
Here’s a breakdown of the main topics and themes discussed in the video transcription, presented as bullet points:

*   **ChatGPT Models (GPT 3.5 & GPT 4):** The core of the discussion revolves around comparing and contrasting the two ChatGPT models.
*   **GPT 3.5 vs. GPT 4:** The video highlights the differences in capabilities – GPT 3.5 is good for basic tasks, while GPT 4 is superior for complex tasks and strategy.
*   **Use Cases:** Examples of use cases are given – grocery lists, social media captions, complex strategies, and automations.
*   **Custom GPTs:** The concept of creating personalized ChatGPT models ("Custom GPTs") with specific personalities and purposes is a key takeaway.
*   **Value of GPT 4:** The speaker strongly recommends GPT 4, particularly for business applications.
*   **Integrated Tools & Strategy:** The importance of linking tools and strategy within ChatGPT is emphasized.

Would you like me to elaborate on any of these points, or perhaps summarize the overall message of the video?

2025-10-04 23:35:10 [INFO]: 
[5/5] Writing results to CSV...
2025-10-04 23:35:10 [INFO]: Writing Notion-friendly CSV: ./output/transcriptions-notion.csv
2025-10-04 23:35:10 [INFO]: Successfully wrote video to Notion CSV
2025-10-04 23:35:10 [INFO]: ✓ Notion CSV written: ./output/transcriptions-notion.csv
2025-10-04 23:35:10 [INFO]: 
============================================================
2025-10-04 23:35:10 [INFO]: ✓ Pipeline completed successfully
2025-10-04 23:35:10 [INFO]:   Total time: 20.45s
2025-10-04 23:35:10 [INFO]: ============================================================
2025-10-04 23:35:10 [INFO]: ✓ Success
2025-10-04 23:35:10 [INFO]: Waiting 12.0s before next video...
2025-10-04 23:35:22 [INFO]: 
[74/104] Processing: https://www.instagram.com/techtiff.ai/reel/DIzXsn1zFNN/
2025-10-04 23:35:22 [INFO]: ============================================================
2025-10-04 23:35:22 [INFO]: Instagram Video Transcription Pipeline
2025-10-04 23:35:22 [INFO]: ============================================================
2025-10-04 23:35:22 [INFO]: URL: https://www.instagram.com/techtiff.ai/reel/DIzXsn1zFNN/
2025-10-04 23:35:22 [INFO]: 
[1/5] Downloading Instagram video...
2025-10-04 23:35:22 [INFO]: Downloading Instagram video with yt-dlp: https://www.instagram.com/techtiff.ai/reel/DIzXsn1zFNN/
2025-10-04 23:35:22 [INFO]: Output: downloads/videos/DIzXsn1zFNN.mp4
2025-10-04 23:35:24 [INFO]: ✓ Video downloaded successfully with yt-dlp
2025-10-04 23:35:24 [INFO]: ✓ Video downloaded: downloads/videos/DIzXsn1zFNN.mp4
2025-10-04 23:35:24 [INFO]: 
[2/5] Extracting audio from video...
2025-10-04 23:35:24 [INFO]: Extracting audio from: downloads/videos/DIzXsn1zFNN.mp4
2025-10-04 23:35:24 [INFO]: Output audio file: downloads/audio/DIzXsn1zFNN.wav
2025-10-04 23:35:24 [INFO]: Format: wav, Sample rate: 16000Hz, Channels: 1
2025-10-04 23:35:25 [INFO]: Audio extraction completed successfully
2025-10-04 23:35:25 [INFO]: ✓ Audio extracted: downloads/audio/DIzXsn1zFNN.wav
2025-10-04 23:35:25 [INFO]:   Duration: 94.58s
2025-10-04 23:35:25 [INFO]:   Sample Rate: 16000Hz
2025-10-04 23:35:25 [INFO]:   Channels: 1
2025-10-04 23:35:25 [INFO]: 
[3/5] Transcribing audio...
2025-10-04 23:35:25 [INFO]: Transcription method: auto
2025-10-04 23:35:25 [INFO]: Using Whisper CLI...
2025-10-04 23:35:25 [INFO]: Transcribing with Whisper CLI: downloads/audio/DIzXsn1zFNN.wav
2025-10-04 23:35:32 [INFO]: Transcription with timestamps completed
2025-10-04 23:35:32 [INFO]: ✓ Transcription completed
2025-10-04 23:35:32 [INFO]:   Text length: 1538 characters
2025-10-04 23:35:32 [INFO]:   Segments: 28
2025-10-04 23:35:32 [INFO]: 
[4/5] AI Processing with Ollama...
2025-10-04 23:35:32 [INFO]: Found 3 Ollama models
2025-10-04 23:35:32 [INFO]:   Available models: deepseek-r1:14b, dimavz/whisper-tiny:latest, gemma3:4b
2025-10-04 23:35:32 [INFO]:   Generating summary...
2025-10-04 23:35:32 [INFO]: Generating with Ollama model: gemma3:4b
2025-10-04 23:35:38 [INFO]: Generation completed
2025-10-04 23:35:38 [INFO]: 
--- SUMMARY ---
Here’s a concise summary of the video:

This video highlights eight innovative ways to use ChatGPT to boost productivity and creativity. It showcases ChatGPT’s capabilities as a:

*   **Personal Coach:** For affirmations, journaling, and reflection.
*   **Design Assistant:** For interior design suggestions.
*   **Planning Tool:** For dinner parties and event planning.
*   **Problem Solver:** For plant care diagnosis.
*   **Organization Tool:** For digital decluttering.
*   **Shopping Assistant:** For finding the best online deals.

The key takeaway is to experiment with ChatGPT’s diverse applications to streamline various aspects of your life.

2025-10-04 23:35:38 [INFO]:   Extracting key topics...
2025-10-04 23:35:38 [INFO]: Generating with Ollama model: gemma3:4b
2025-10-04 23:35:46 [INFO]: Generation completed
2025-10-04 23:35:46 [INFO]: 
--- KEY TOPICS ---
Here’s a breakdown of the main topics and themes discussed in the video transcription, presented as bullet points:

*   **ChatGPT Use Cases:** The primary focus is showcasing various practical ways to use ChatGPT.
*   **Personal Development & Productivity:** Several applications (affirmation creator, reflection coach, declutter coach) are geared towards self-improvement and boosting productivity.
*   **Creative Assistance:** The video highlights ChatGPT’s ability to generate ideas (business names) and assist with creative projects.
*   **Problem Solving:** Specifically, the “plant doctor” application demonstrates ChatGPT’s ability to diagnose and offer solutions to real-world problems.
*   **Shopping & Deal Finding:** ChatGPT’s capacity to research and locate the best prices online is a key takeaway.

Would you like me to elaborate on any of these points, or perhaps summarize the overall tone of the video?

2025-10-04 23:35:46 [INFO]: 
[5/5] Writing results to CSV...
2025-10-04 23:35:46 [INFO]: Writing Notion-friendly CSV: ./output/transcriptions-notion.csv
2025-10-04 23:35:46 [INFO]: Successfully wrote video to Notion CSV
2025-10-04 23:35:46 [INFO]: ✓ Notion CSV written: ./output/transcriptions-notion.csv
2025-10-04 23:35:46 [INFO]: 
============================================================
2025-10-04 23:35:46 [INFO]: ✓ Pipeline completed successfully
2025-10-04 23:35:46 [INFO]:   Total time: 24.76s
2025-10-04 23:35:46 [INFO]: ============================================================
2025-10-04 23:35:46 [INFO]: ✓ Success
2025-10-04 23:35:46 [INFO]: Waiting 12.0s before next video...
2025-10-04 23:35:58 [INFO]: 
[75/104] Processing: https://www.instagram.com/techtiff.ai/reel/DIwuOy8zY4f/
2025-10-04 23:35:58 [INFO]: ============================================================
2025-10-04 23:35:58 [INFO]: Instagram Video Transcription Pipeline
2025-10-04 23:35:58 [INFO]: ============================================================
2025-10-04 23:35:58 [INFO]: URL: https://www.instagram.com/techtiff.ai/reel/DIwuOy8zY4f/
2025-10-04 23:35:58 [INFO]: 
[1/5] Downloading Instagram video...
2025-10-04 23:35:59 [INFO]: Downloading Instagram video with yt-dlp: https://www.instagram.com/techtiff.ai/reel/DIwuOy8zY4f/
2025-10-04 23:35:59 [INFO]: Output: downloads/videos/DIwuOy8zY4f.mp4
2025-10-04 23:36:01 [INFO]: ✓ Video downloaded successfully with yt-dlp
2025-10-04 23:36:01 [INFO]: ✓ Video downloaded: downloads/videos/DIwuOy8zY4f.mp4
2025-10-04 23:36:01 [INFO]: 
[2/5] Extracting audio from video...
2025-10-04 23:36:02 [INFO]: Extracting audio from: downloads/videos/DIwuOy8zY4f.mp4
2025-10-04 23:36:02 [INFO]: Output audio file: downloads/audio/DIwuOy8zY4f.wav
2025-10-04 23:36:02 [INFO]: Format: wav, Sample rate: 16000Hz, Channels: 1
2025-10-04 23:36:02 [INFO]: Audio extraction completed successfully
2025-10-04 23:36:02 [INFO]: ✓ Audio extracted: downloads/audio/DIwuOy8zY4f.wav
2025-10-04 23:36:02 [INFO]:   Duration: 91.05s
2025-10-04 23:36:02 [INFO]:   Sample Rate: 16000Hz
2025-10-04 23:36:02 [INFO]:   Channels: 1
2025-10-04 23:36:02 [INFO]: 
[3/5] Transcribing audio...
2025-10-04 23:36:02 [INFO]: Transcription method: auto
2025-10-04 23:36:02 [INFO]: Using Whisper CLI...
2025-10-04 23:36:02 [INFO]: Transcribing with Whisper CLI: downloads/audio/DIwuOy8zY4f.wav
2025-10-04 23:36:09 [INFO]: Transcription with timestamps completed
2025-10-04 23:36:09 [INFO]: ✓ Transcription completed
2025-10-04 23:36:09 [INFO]:   Text length: 1448 characters
2025-10-04 23:36:09 [INFO]:   Segments: 32
2025-10-04 23:36:09 [INFO]: 
[4/5] AI Processing with Ollama...
2025-10-04 23:36:09 [INFO]: Found 3 Ollama models
2025-10-04 23:36:09 [INFO]:   Available models: deepseek-r1:14b, dimavz/whisper-tiny:latest, gemma3:4b
2025-10-04 23:36:09 [INFO]:   Generating summary...
2025-10-04 23:36:09 [INFO]: Generating with Ollama model: gemma3:4b
2025-10-04 23:36:16 [INFO]: Generation completed
2025-10-04 23:36:16 [INFO]: 
--- SUMMARY ---
Here’s a concise summary of the video transcription:

The speaker is advocating for a new, creative use of ChatGPT beyond just writing emails. She highlights five key ways to utilize it:

1.  **Text Message Therapist:** Use it to analyze difficult conversations and get advice on responses.
2.  **Executive Functioning Agent:** Input messy to-do lists and get prioritized schedules.
3.  **“Bad Bitch” Motivation:** Prompt it to remind you of your strength and create a schedule.
4.  **Date Night Designer:** Generate low-effort date ideas and conversation starters.
5.  **Grocery List Translator:** Organize chaotic grocery lists for easier shopping.

**Key Takeaway:** ChatGPT can be a versatile productivity coach, personal stylist, and even a source of motivation – not just a writing tool.

2025-10-04 23:36:16 [INFO]:   Extracting key topics...
2025-10-04 23:36:16 [INFO]: Generating with Ollama model: gemma3:4b
2025-10-04 23:36:26 [INFO]: Generation completed
2025-10-04 23:36:26 [INFO]: 
--- KEY TOPICS ---
Here’s a breakdown of the main topics and themes discussed in the video transcription, presented as bullet points:

*   **Creative Uses of ChatGPT Beyond Email:** The core theme is shifting how people utilize ChatGPT, moving beyond its traditional use for writing emails.
*   **Text Message Therapist:** Using ChatGPT as a tool for processing emotions and seeking guidance on responses.
*   **Executive Functioning Support:** Utilizing ChatGPT to manage to-do lists, prioritize tasks, and avoid overwhelm.
*   **Self-Affirmation & Motivation:** Employing ChatGPT to provide positive reinforcement and boost confidence (“bad bitch” reminders).
*   **Relationship Enhancement:** Leveraging ChatGPT for playful interactions and relationship-building activities (e.g., “would you rather” questions).
*   **Personal Productivity & Organization:**  ChatGPT as a tool for managing chaos and streamlining daily tasks.
*   **Expanding ChatGPT's Role:** The presenter advocates for seeing ChatGPT as a versatile assistant for various aspects of life – not just business.

Would you like me to elaborate on any of these points or perhaps summarize a specific aspect of the video?

2025-10-04 23:36:26 [INFO]: 
[5/5] Writing results to CSV...
2025-10-04 23:36:26 [INFO]: Writing Notion-friendly CSV: ./output/transcriptions-notion.csv
2025-10-04 23:36:26 [INFO]: Successfully wrote video to Notion CSV
2025-10-04 23:36:26 [INFO]: ✓ Notion CSV written: ./output/transcriptions-notion.csv
2025-10-04 23:36:26 [INFO]: 
============================================================
2025-10-04 23:36:26 [INFO]: ✓ Pipeline completed successfully
2025-10-04 23:36:26 [INFO]:   Total time: 28.00s
2025-10-04 23:36:26 [INFO]: ============================================================
2025-10-04 23:36:26 [INFO]: ✓ Success
2025-10-04 23:36:26 [INFO]: Waiting 12.0s before next video...
2025-10-04 23:36:38 [INFO]: 
[76/104] Processing: https://www.instagram.com/techtiff.ai/reel/DIkDtoSz0hL/
2025-10-04 23:36:38 [INFO]: ============================================================
2025-10-04 23:36:38 [INFO]: Instagram Video Transcription Pipeline
2025-10-04 23:36:38 [INFO]: ============================================================
2025-10-04 23:36:38 [INFO]: URL: https://www.instagram.com/techtiff.ai/reel/DIkDtoSz0hL/
2025-10-04 23:36:38 [INFO]: 
[1/5] Downloading Instagram video...
2025-10-04 23:36:39 [INFO]: Downloading Instagram video with yt-dlp: https://www.instagram.com/techtiff.ai/reel/DIkDtoSz0hL/
2025-10-04 23:36:39 [INFO]: Output: downloads/videos/DIkDtoSz0hL.mp4
2025-10-04 23:36:41 [INFO]: ✓ Video downloaded successfully with yt-dlp
2025-10-04 23:36:41 [INFO]: ✓ Video downloaded: downloads/videos/DIkDtoSz0hL.mp4
2025-10-04 23:36:41 [INFO]: 
[2/5] Extracting audio from video...
2025-10-04 23:36:41 [INFO]: Extracting audio from: downloads/videos/DIkDtoSz0hL.mp4
2025-10-04 23:36:41 [INFO]: Output audio file: downloads/audio/DIkDtoSz0hL.wav
2025-10-04 23:36:41 [INFO]: Format: wav, Sample rate: 16000Hz, Channels: 1
2025-10-04 23:36:41 [INFO]: Audio extraction completed successfully
2025-10-04 23:36:41 [INFO]: ✓ Audio extracted: downloads/audio/DIkDtoSz0hL.wav
2025-10-04 23:36:41 [INFO]:   Duration: 61.23s
2025-10-04 23:36:41 [INFO]:   Sample Rate: 16000Hz
2025-10-04 23:36:41 [INFO]:   Channels: 1
2025-10-04 23:36:41 [INFO]: 
[3/5] Transcribing audio...
2025-10-04 23:36:41 [INFO]: Transcription method: auto
2025-10-04 23:36:41 [INFO]: Using Whisper CLI...
2025-10-04 23:36:41 [INFO]: Transcribing with Whisper CLI: downloads/audio/DIkDtoSz0hL.wav
2025-10-04 23:36:46 [INFO]: Transcription with timestamps completed
2025-10-04 23:36:46 [INFO]: ✓ Transcription completed
2025-10-04 23:36:46 [INFO]:   Text length: 1049 characters
2025-10-04 23:36:46 [INFO]:   Segments: 15
2025-10-04 23:36:46 [INFO]: 
[4/5] AI Processing with Ollama...
2025-10-04 23:36:46 [INFO]: Found 3 Ollama models
2025-10-04 23:36:46 [INFO]:   Available models: deepseek-r1:14b, dimavz/whisper-tiny:latest, gemma3:4b
2025-10-04 23:36:46 [INFO]:   Generating summary...
2025-10-04 23:36:46 [INFO]: Generating with Ollama model: gemma3:4b
2025-10-04 23:36:53 [INFO]: Generation completed
2025-10-04 23:36:53 [INFO]: 
--- SUMMARY ---
Here’s a concise summary of the video transcription:

The video argues that simply having pretty branding (like fonts) isn’t enough to build a successful business. To effectively use ChatGPT and build a profitable business, you need to establish three key systems:

1.  **Offer System:** Clearly define *what* you’re selling – a specific product, service, or solution, not just “good vibes.”
2.  **Content System:** Develop a consistent online strategy beyond sporadic posts.
3.  **Delivery System:** Create a sustainable system for getting your product or service to customers without burning yourself out.

Essentially, the video stresses the importance of building functional systems, not just aesthetic branding, for business success. 

---

Would you like me to elaborate on any particular aspect of the summary?

2025-10-04 23:36:53 [INFO]:   Extracting key topics...
2025-10-04 23:36:53 [INFO]: Generating with Ollama model: gemma3:4b
2025-10-04 23:37:03 [INFO]: Generation completed
2025-10-04 23:37:03 [INFO]: 
--- KEY TOPICS ---
Here’s a breakdown of the main topics and themes discussed in the video transcription, presented as bullet points:

*   **Critique of Unstructured Business Plans:** The video’s core message is a critique of business plans solely focused on aesthetics (like fonts) without a solid foundation.
*   **The Importance of a Defined Offer:**  The video stresses the need to clearly identify *what* you’re selling – a specific product, service, or solution, not just a concept like “good vibes.”
*   **ChatGPT for Business Building:** Utilizing ChatGPT as a tool to help structure and develop a business.
*   **Three Key Systems for Business:**
    *   **Offer System:** Defining the core product/service.
    *   **Content System:** Establishing a consistent online presence (moving beyond sporadic posting).
    *   **Delivery System:**  A sustainable method for getting the product to customers.
*   **Avoiding "Commitment Crisis":**  The video warns against frequent, unnecessary changes (like logo updates) that can derail a business.

Would you like me to elaborate on any of these points or perhaps summarize a specific aspect of the video?

2025-10-04 23:37:03 [INFO]: 
[5/5] Writing results to CSV...
2025-10-04 23:37:03 [INFO]: Writing Notion-friendly CSV: ./output/transcriptions-notion.csv
2025-10-04 23:37:03 [INFO]: Successfully wrote video to Notion CSV
2025-10-04 23:37:03 [INFO]: ✓ Notion CSV written: ./output/transcriptions-notion.csv
2025-10-04 23:37:03 [INFO]: 
============================================================
2025-10-04 23:37:03 [INFO]: ✓ Pipeline completed successfully
2025-10-04 23:37:03 [INFO]:   Total time: 24.52s
2025-10-04 23:37:03 [INFO]: ============================================================
2025-10-04 23:37:03 [INFO]: ✓ Success
2025-10-04 23:37:03 [INFO]: Waiting 12.0s before next video...
2025-10-04 23:37:15 [INFO]: 
[77/104] Processing: https://www.instagram.com/techtiff.ai/reel/DIcW7UrBvFd/
2025-10-04 23:37:15 [INFO]: ============================================================
2025-10-04 23:37:15 [INFO]: Instagram Video Transcription Pipeline
2025-10-04 23:37:15 [INFO]: ============================================================
2025-10-04 23:37:15 [INFO]: URL: https://www.instagram.com/techtiff.ai/reel/DIcW7UrBvFd/
2025-10-04 23:37:15 [INFO]: 
[1/5] Downloading Instagram video...
2025-10-04 23:37:15 [INFO]: Downloading Instagram video with yt-dlp: https://www.instagram.com/techtiff.ai/reel/DIcW7UrBvFd/
2025-10-04 23:37:15 [INFO]: Output: downloads/videos/DIcW7UrBvFd.mp4
2025-10-04 23:37:18 [INFO]: ✓ Video downloaded successfully with yt-dlp
2025-10-04 23:37:18 [INFO]: ✓ Video downloaded: downloads/videos/DIcW7UrBvFd.mp4
2025-10-04 23:37:18 [INFO]: 
[2/5] Extracting audio from video...
2025-10-04 23:37:18 [INFO]: Extracting audio from: downloads/videos/DIcW7UrBvFd.mp4
2025-10-04 23:37:18 [INFO]: Output audio file: downloads/audio/DIcW7UrBvFd.wav
2025-10-04 23:37:18 [INFO]: Format: wav, Sample rate: 16000Hz, Channels: 1
2025-10-04 23:37:18 [INFO]: Audio extraction completed successfully
2025-10-04 23:37:18 [INFO]: ✓ Audio extracted: downloads/audio/DIcW7UrBvFd.wav
2025-10-04 23:37:18 [INFO]:   Duration: 50.46s
2025-10-04 23:37:18 [INFO]:   Sample Rate: 16000Hz
2025-10-04 23:37:18 [INFO]:   Channels: 1
2025-10-04 23:37:18 [INFO]: 
[3/5] Transcribing audio...
2025-10-04 23:37:18 [INFO]: Transcription method: auto
2025-10-04 23:37:18 [INFO]: Using Whisper CLI...
2025-10-04 23:37:18 [INFO]: Transcribing with Whisper CLI: downloads/audio/DIcW7UrBvFd.wav
2025-10-04 23:37:21 [INFO]: Transcription with timestamps completed
2025-10-04 23:37:21 [INFO]: ✓ Transcription completed
2025-10-04 23:37:21 [INFO]:   Text length: 807 characters
2025-10-04 23:37:21 [INFO]:   Segments: 9
2025-10-04 23:37:21 [INFO]: 
[4/5] AI Processing with Ollama...
2025-10-04 23:37:21 [INFO]: Found 3 Ollama models
2025-10-04 23:37:21 [INFO]:   Available models: deepseek-r1:14b, dimavz/whisper-tiny:latest, gemma3:4b
2025-10-04 23:37:21 [INFO]:   Generating summary...
2025-10-04 23:37:21 [INFO]: Generating with Ollama model: gemma3:4b
2025-10-04 23:37:26 [INFO]: Generation completed
2025-10-04 23:37:26 [INFO]: 
--- SUMMARY ---
Here’s a concise summary of the video transcription:

The speaker is criticizing bland, robotic ChatGPT responses, specifically those that resemble generic HR breakup texts. The key takeaway is that to get ChatGPT to write in *your* voice, you need to **provide it with examples of your own writing** – ideally 2-3 emails – to analyze and mimic. The goal is to inject charisma and personality into your communications, rather than simply aiming for compliant, impersonal responses.

2025-10-04 23:37:26 [INFO]:   Extracting key topics...
2025-10-04 23:37:26 [INFO]: Generating with Ollama model: gemma3:4b
2025-10-04 23:37:34 [INFO]: Generation completed
2025-10-04 23:37:34 [INFO]: 
--- KEY TOPICS ---
Here’s a breakdown of the main topics and themes discussed in the video transcription, presented as bullet points:

*   **ChatGPT Tone & Voice:** The core issue is the robotic, overly formal, and often bland tone ChatGPT produces.
*   **Lack of Training Data:** The video highlights the problem of users not providing ChatGPT with sufficient examples of their own writing style.
*   **Mimicking Style:** The importance of feeding ChatGPT existing emails to teach it to replicate a specific voice and tone.
*   **Charisma vs. Compliance:**  A central theme is the need to move beyond sterile, compliant communication to create engaging and charismatic content.
*   **"Undead Intern" Analogy:** The use of this humorous analogy emphasizes the lifelessness of ChatGPT's default responses.
*   **Consequences of Poor Training:** The threat of sending invoices for “emotional damage” satirically underscores the frustration of receiving unhelpful, poorly-crafted responses.

Would you like me to elaborate on any of these points, or perhaps analyze the overall tone of the video?

2025-10-04 23:37:34 [INFO]: 
[5/5] Writing results to CSV...
2025-10-04 23:37:34 [INFO]: Writing Notion-friendly CSV: ./output/transcriptions-notion.csv
2025-10-04 23:37:34 [INFO]: Successfully wrote video to Notion CSV
2025-10-04 23:37:34 [INFO]: ✓ Notion CSV written: ./output/transcriptions-notion.csv
2025-10-04 23:37:34 [INFO]: 
============================================================
2025-10-04 23:37:34 [INFO]: ✓ Pipeline completed successfully
2025-10-04 23:37:34 [INFO]:   Total time: 19.27s
2025-10-04 23:37:34 [INFO]: ============================================================
2025-10-04 23:37:34 [INFO]: ✓ Success
2025-10-04 23:37:34 [INFO]: Waiting 12.0s before next video...
2025-10-04 23:37:46 [INFO]: 
[78/104] Processing: https://www.instagram.com/techtiff.ai/reel/DIU9avtPEmu/
2025-10-04 23:37:46 [INFO]: ============================================================
2025-10-04 23:37:46 [INFO]: Instagram Video Transcription Pipeline
2025-10-04 23:37:46 [INFO]: ============================================================
2025-10-04 23:37:46 [INFO]: URL: https://www.instagram.com/techtiff.ai/reel/DIU9avtPEmu/
2025-10-04 23:37:46 [INFO]: 
[1/5] Downloading Instagram video...
2025-10-04 23:37:46 [INFO]: Downloading Instagram video with yt-dlp: https://www.instagram.com/techtiff.ai/reel/DIU9avtPEmu/
2025-10-04 23:37:46 [INFO]: Output: downloads/videos/DIU9avtPEmu.mp4
2025-10-04 23:37:49 [INFO]: ✓ Video downloaded successfully with yt-dlp
2025-10-04 23:37:49 [INFO]: ✓ Video downloaded: downloads/videos/DIU9avtPEmu.mp4
2025-10-04 23:37:49 [INFO]: 
[2/5] Extracting audio from video...
2025-10-04 23:37:49 [INFO]: Extracting audio from: downloads/videos/DIU9avtPEmu.mp4
2025-10-04 23:37:49 [INFO]: Output audio file: downloads/audio/DIU9avtPEmu.wav
2025-10-04 23:37:49 [INFO]: Format: wav, Sample rate: 16000Hz, Channels: 1
2025-10-04 23:37:49 [INFO]: Audio extraction completed successfully
2025-10-04 23:37:49 [INFO]: ✓ Audio extracted: downloads/audio/DIU9avtPEmu.wav
2025-10-04 23:37:49 [INFO]:   Duration: 52.13s
2025-10-04 23:37:49 [INFO]:   Sample Rate: 16000Hz
2025-10-04 23:37:49 [INFO]:   Channels: 1
2025-10-04 23:37:49 [INFO]: 
[3/5] Transcribing audio...
2025-10-04 23:37:49 [INFO]: Transcription method: auto
2025-10-04 23:37:49 [INFO]: Using Whisper CLI...
2025-10-04 23:37:49 [INFO]: Transcribing with Whisper CLI: downloads/audio/DIU9avtPEmu.wav
2025-10-04 23:37:52 [INFO]: Transcription with timestamps completed
2025-10-04 23:37:52 [INFO]: ✓ Transcription completed
2025-10-04 23:37:52 [INFO]:   Text length: 856 characters
2025-10-04 23:37:52 [INFO]:   Segments: 25
2025-10-04 23:37:52 [INFO]: 
[4/5] AI Processing with Ollama...
2025-10-04 23:37:52 [INFO]: Found 3 Ollama models
2025-10-04 23:37:52 [INFO]:   Available models: deepseek-r1:14b, dimavz/whisper-tiny:latest, gemma3:4b
2025-10-04 23:37:52 [INFO]:   Generating summary...
2025-10-04 23:37:52 [INFO]: Generating with Ollama model: gemma3:4b
2025-10-04 23:37:58 [INFO]: Generation completed
2025-10-04 23:37:58 [INFO]: 
--- SUMMARY ---
Here’s a concise summary of the video transcription:

The video argues against endlessly searching for side hustle ideas and instead emphasizes the importance of building a **strong, sustainable system**. The key takeaways are:

*   **Focus on 3 Core Systems:** Offer system (what you sell), Content system (consistent visibility), and Delivery system (automation & repeatability).
*   **Don't Chase Chaos:** Random ideas won’t work; a structured approach is crucial.
*   **Automation is Key:** Aim for systems that can be automated and repeated for long-term success.

Essentially, the video encourages a strategic, system-driven approach to side hustles rather than chaotic experimentation.

2025-10-04 23:37:58 [INFO]:   Extracting key topics...
2025-10-04 23:37:58 [INFO]: Generating with Ollama model: gemma3:4b
2025-10-04 23:38:06 [INFO]: Generation completed
2025-10-04 23:38:06 [INFO]: 
--- KEY TOPICS ---
Here’s a breakdown of the main topics and themes discussed in the video transcription, presented as bullet points:

*   **System Building vs. Idea Generation:** The core argument is against endlessly searching for side hustle ideas and advocating for building a robust system instead.
*   **The Importance of Core Systems:** The video emphasizes three key systems:
    *   **Offer System:** (What you’re selling)
    *   **Content System:** (Consistent brand presence)
    *   **Delivery System:** (Automation and repeatability)
*   **Efficiency & Automation:** The video promotes working smarter (automation and repeatable systems) rather than harder.
*   **Avoiding Chaos:**  The video warns against a chaotic content strategy.
*   **Sustainable Side Hustles:** The overall theme is about creating a sustainable and reliable side hustle through strategic system design.

Would you like me to elaborate on any of these points or perhaps summarize a specific aspect of the video?

2025-10-04 23:38:06 [INFO]: 
[5/5] Writing results to CSV...
2025-10-04 23:38:06 [INFO]: Writing Notion-friendly CSV: ./output/transcriptions-notion.csv
2025-10-04 23:38:06 [INFO]: Successfully wrote video to Notion CSV
2025-10-04 23:38:06 [INFO]: ✓ Notion CSV written: ./output/transcriptions-notion.csv
2025-10-04 23:38:06 [INFO]: 
============================================================
2025-10-04 23:38:06 [INFO]: ✓ Pipeline completed successfully
2025-10-04 23:38:06 [INFO]:   Total time: 19.78s
2025-10-04 23:38:06 [INFO]: ============================================================
2025-10-04 23:38:06 [INFO]: ✓ Success
2025-10-04 23:38:06 [INFO]: Waiting 12.0s before next video...
2025-10-04 23:38:18 [INFO]: 
[79/104] Processing: https://www.instagram.com/techtiff.ai/reel/DIRU6KUp3BX/
2025-10-04 23:38:18 [INFO]: ============================================================
2025-10-04 23:38:18 [INFO]: Instagram Video Transcription Pipeline
2025-10-04 23:38:18 [INFO]: ============================================================
2025-10-04 23:38:18 [INFO]: URL: https://www.instagram.com/techtiff.ai/reel/DIRU6KUp3BX/
2025-10-04 23:38:18 [INFO]: 
[1/5] Downloading Instagram video...
2025-10-04 23:38:18 [INFO]: Downloading Instagram video with yt-dlp: https://www.instagram.com/techtiff.ai/reel/DIRU6KUp3BX/
2025-10-04 23:38:18 [INFO]: Output: downloads/videos/DIRU6KUp3BX.mp4
2025-10-04 23:38:20 [INFO]: ✓ Video downloaded successfully with yt-dlp
2025-10-04 23:38:20 [INFO]: ✓ Video downloaded: downloads/videos/DIRU6KUp3BX.mp4
2025-10-04 23:38:20 [INFO]: 
[2/5] Extracting audio from video...
2025-10-04 23:38:20 [INFO]: Extracting audio from: downloads/videos/DIRU6KUp3BX.mp4
2025-10-04 23:38:20 [INFO]: Output audio file: downloads/audio/DIRU6KUp3BX.wav
2025-10-04 23:38:20 [INFO]: Format: wav, Sample rate: 16000Hz, Channels: 1
2025-10-04 23:38:20 [INFO]: Audio extraction completed successfully
2025-10-04 23:38:20 [INFO]: ✓ Audio extracted: downloads/audio/DIRU6KUp3BX.wav
2025-10-04 23:38:20 [INFO]:   Duration: 36.11s
2025-10-04 23:38:20 [INFO]:   Sample Rate: 16000Hz
2025-10-04 23:38:20 [INFO]:   Channels: 1
2025-10-04 23:38:20 [INFO]: 
[3/5] Transcribing audio...
2025-10-04 23:38:20 [INFO]: Transcription method: auto
2025-10-04 23:38:20 [INFO]: Using Whisper CLI...
2025-10-04 23:38:20 [INFO]: Transcribing with Whisper CLI: downloads/audio/DIRU6KUp3BX.wav
2025-10-04 23:38:23 [INFO]: Transcription with timestamps completed
2025-10-04 23:38:23 [INFO]: ✓ Transcription completed
2025-10-04 23:38:23 [INFO]:   Text length: 587 characters
2025-10-04 23:38:23 [INFO]:   Segments: 7
2025-10-04 23:38:23 [INFO]: 
[4/5] AI Processing with Ollama...
2025-10-04 23:38:23 [INFO]: Found 3 Ollama models
2025-10-04 23:38:23 [INFO]:   Available models: deepseek-r1:14b, dimavz/whisper-tiny:latest, gemma3:4b
2025-10-04 23:38:23 [INFO]:   Generating summary...
2025-10-04 23:38:23 [INFO]: Generating with Ollama model: gemma3:4b
2025-10-04 23:38:26 [INFO]: Generation completed
2025-10-04 23:38:26 [INFO]: 
--- SUMMARY ---
Here’s a concise summary of the video transcription:

The video argues that people are misusing ChatGPT. Instead of asking for broad assistance (like writing entire captions), users should provide specific, clear requests. The speaker suggests framing prompts like “Write three witty captions for a skincare reel” to get more useful results. Essentially, ChatGPT isn’t a crisis solver; it needs specific instructions to be effective.

2025-10-04 23:38:26 [INFO]:   Extracting key topics...
2025-10-04 23:38:26 [INFO]: Generating with Ollama model: gemma3:4b
2025-10-04 23:38:34 [INFO]: Generation completed
2025-10-04 23:38:34 [INFO]: 
--- KEY TOPICS ---
Here’s a breakdown of the main topics and themes discussed in the video transcription, presented as bullet points:

*   **Over-reliance on ChatGPT:** The core message is a warning against using ChatGPT for trivial requests.
*   **Specificity in Prompts:** The video emphasizes the need for clear, specific prompts rather than vague requests.
*   **The "Damsel in Distress" Prompt:** The analogy of ChatGPT as a "damsel in distress" prince highlights the problem of relying on it to solve problems instead of using one’s own initiative.
*   **Clarity over Assistance:** The video argues that users need to develop their own ideas and writing skills, rather than seeking ChatGPT to generate them.
*   **Call to Action (Follow):** There’s a reminder to follow the channel for more targeted advice.

Would you like me to elaborate on any of these points or perhaps summarize the overall tone of the video?

2025-10-04 23:38:34 [INFO]: 
[5/5] Writing results to CSV...
2025-10-04 23:38:34 [INFO]: Writing Notion-friendly CSV: ./output/transcriptions-notion.csv
2025-10-04 23:38:34 [INFO]: Successfully wrote video to Notion CSV
2025-10-04 23:38:34 [INFO]: ✓ Notion CSV written: ./output/transcriptions-notion.csv
2025-10-04 23:38:34 [INFO]: 
============================================================
2025-10-04 23:38:34 [INFO]: ✓ Pipeline completed successfully
2025-10-04 23:38:34 [INFO]:   Total time: 15.99s
2025-10-04 23:38:34 [INFO]: ============================================================
2025-10-04 23:38:34 [INFO]: ✓ Success
2025-10-04 23:38:34 [INFO]: Waiting 12.0s before next video...
2025-10-04 23:38:46 [INFO]: 
[80/104] Processing: https://www.instagram.com/techtiff.ai/reel/DIPUkVNzH47/
2025-10-04 23:38:46 [INFO]: ============================================================
2025-10-04 23:38:46 [INFO]: Instagram Video Transcription Pipeline
2025-10-04 23:38:46 [INFO]: ============================================================
2025-10-04 23:38:46 [INFO]: URL: https://www.instagram.com/techtiff.ai/reel/DIPUkVNzH47/
2025-10-04 23:38:46 [INFO]: 
[1/5] Downloading Instagram video...
2025-10-04 23:38:46 [INFO]: Downloading Instagram video with yt-dlp: https://www.instagram.com/techtiff.ai/reel/DIPUkVNzH47/
2025-10-04 23:38:46 [INFO]: Output: downloads/videos/DIPUkVNzH47.mp4
2025-10-04 23:38:48 [INFO]: ✓ Video downloaded successfully with yt-dlp
2025-10-04 23:38:48 [INFO]: ✓ Video downloaded: downloads/videos/DIPUkVNzH47.mp4
2025-10-04 23:38:48 [INFO]: 
[2/5] Extracting audio from video...
2025-10-04 23:38:48 [INFO]: Extracting audio from: downloads/videos/DIPUkVNzH47.mp4
2025-10-04 23:38:48 [INFO]: Output audio file: downloads/audio/DIPUkVNzH47.wav
2025-10-04 23:38:48 [INFO]: Format: wav, Sample rate: 16000Hz, Channels: 1
2025-10-04 23:38:48 [INFO]: Audio extraction completed successfully
2025-10-04 23:38:48 [INFO]: ✓ Audio extracted: downloads/audio/DIPUkVNzH47.wav
2025-10-04 23:38:48 [INFO]:   Duration: 75.35s
2025-10-04 23:38:48 [INFO]:   Sample Rate: 16000Hz
2025-10-04 23:38:48 [INFO]:   Channels: 1
2025-10-04 23:38:48 [INFO]: 
[3/5] Transcribing audio...
2025-10-04 23:38:48 [INFO]: Transcription method: auto
2025-10-04 23:38:48 [INFO]: Using Whisper CLI...
2025-10-04 23:38:48 [INFO]: Transcribing with Whisper CLI: downloads/audio/DIPUkVNzH47.wav
2025-10-04 23:38:53 [INFO]: Transcription with timestamps completed
2025-10-04 23:38:53 [INFO]: ✓ Transcription completed
2025-10-04 23:38:53 [INFO]:   Text length: 1163 characters
2025-10-04 23:38:53 [INFO]:   Segments: 27
2025-10-04 23:38:53 [INFO]: 
[4/5] AI Processing with Ollama...
2025-10-04 23:38:53 [INFO]: Found 3 Ollama models
2025-10-04 23:38:53 [INFO]:   Available models: deepseek-r1:14b, dimavz/whisper-tiny:latest, gemma3:4b
2025-10-04 23:38:53 [INFO]:   Generating summary...
2025-10-04 23:38:53 [INFO]: Generating with Ollama model: gemma3:4b
2025-10-04 23:38:58 [INFO]: Generation completed
2025-10-04 23:38:58 [INFO]: 
--- SUMMARY ---
Here’s a concise summary of the video transcription:

The video highlights five creative uses for ChatGPT beyond just writing emails. It suggests using ChatGPT to:

1.  **Transcribe handwritten notes.**
2.  **Plan meals based on fridge contents.**
3.  **Estimate calorie counts from restaurant photos.**
4.  **Act as a personal social media/dating profile coach.**
5.  **Provide outfit feedback.**

Essentially, the video encourages viewers to explore ChatGPT’s versatility as a helpful life assistant.

2025-10-04 23:38:58 [INFO]:   Extracting key topics...
2025-10-04 23:38:58 [INFO]: Generating with Ollama model: gemma3:4b
2025-10-04 23:39:06 [INFO]: Generation completed
2025-10-04 23:39:06 [INFO]: 
--- KEY TOPICS ---
Here’s a breakdown of the main topics and themes discussed in the video transcription, presented as bullet points:

*   **ChatGPT Use Cases:** The primary focus is demonstrating various practical applications of ChatGPT.
*   **Transcription of Handwritten Notes:** Utilizing ChatGPT to convert handwritten notes into digital text.
*   **Meal Planning:** Using ChatGPT to generate dinner ideas based on fridge/cabinet contents.
*   **Calorie Estimation:**  Employing ChatGPT to estimate calorie counts from photos of food.
*   **Personal Branding/Social Media Coaching:**  Leveraging ChatGPT for profile optimization and image selection (specifically for social media and dating apps).
*   **Travel Planning:**  Using ChatGPT to create travel itineraries based on preferences and budget.
*   **Personal Styling/Feedback:**  Utilizing ChatGPT for fashion advice and outfit critiques.

Would you like me to elaborate on any of these points or perhaps summarize the overall tone of the video?

2025-10-04 23:39:06 [INFO]: 
[5/5] Writing results to CSV...
2025-10-04 23:39:06 [INFO]: Writing Notion-friendly CSV: ./output/transcriptions-notion.csv
2025-10-04 23:39:06 [INFO]: Successfully wrote video to Notion CSV
2025-10-04 23:39:06 [INFO]: ✓ Notion CSV written: ./output/transcriptions-notion.csv
2025-10-04 23:39:06 [INFO]: 
============================================================
2025-10-04 23:39:06 [INFO]: ✓ Pipeline completed successfully
2025-10-04 23:39:06 [INFO]:   Total time: 20.20s
2025-10-04 23:39:06 [INFO]: ============================================================
2025-10-04 23:39:06 [INFO]: ✓ Success
2025-10-04 23:39:06 [INFO]: Waiting 12.0s before next video...
2025-10-04 23:39:18 [INFO]: 
[81/104] Processing: https://www.instagram.com/techtiff.ai/reel/DIFvYKrRmve/
2025-10-04 23:39:18 [INFO]: ============================================================
2025-10-04 23:39:18 [INFO]: Instagram Video Transcription Pipeline
2025-10-04 23:39:18 [INFO]: ============================================================
2025-10-04 23:39:18 [INFO]: URL: https://www.instagram.com/techtiff.ai/reel/DIFvYKrRmve/
2025-10-04 23:39:18 [INFO]: 
[1/5] Downloading Instagram video...
2025-10-04 23:39:18 [INFO]: Downloading Instagram video with yt-dlp: https://www.instagram.com/techtiff.ai/reel/DIFvYKrRmve/
2025-10-04 23:39:18 [INFO]: Output: downloads/videos/DIFvYKrRmve.mp4
2025-10-04 23:39:20 [INFO]: ✓ Video downloaded successfully with yt-dlp
2025-10-04 23:39:20 [INFO]: ✓ Video downloaded: downloads/videos/DIFvYKrRmve.mp4
2025-10-04 23:39:20 [INFO]: 
[2/5] Extracting audio from video...
2025-10-04 23:39:20 [INFO]: Extracting audio from: downloads/videos/DIFvYKrRmve.mp4
2025-10-04 23:39:20 [INFO]: Output audio file: downloads/audio/DIFvYKrRmve.wav
2025-10-04 23:39:20 [INFO]: Format: wav, Sample rate: 16000Hz, Channels: 1
2025-10-04 23:39:20 [INFO]: Audio extraction completed successfully
2025-10-04 23:39:20 [INFO]: ✓ Audio extracted: downloads/audio/DIFvYKrRmve.wav
2025-10-04 23:39:20 [INFO]:   Duration: 34.81s
2025-10-04 23:39:20 [INFO]:   Sample Rate: 16000Hz
2025-10-04 23:39:20 [INFO]:   Channels: 1
2025-10-04 23:39:20 [INFO]: 
[3/5] Transcribing audio...
2025-10-04 23:39:20 [INFO]: Transcription method: auto
2025-10-04 23:39:20 [INFO]: Using Whisper CLI...
2025-10-04 23:39:20 [INFO]: Transcribing with Whisper CLI: downloads/audio/DIFvYKrRmve.wav
2025-10-04 23:39:23 [INFO]: Transcription with timestamps completed
2025-10-04 23:39:23 [INFO]: ✓ Transcription completed
2025-10-04 23:39:23 [INFO]:   Text length: 558 characters
2025-10-04 23:39:23 [INFO]:   Segments: 14
2025-10-04 23:39:23 [INFO]: 
[4/5] AI Processing with Ollama...
2025-10-04 23:39:23 [INFO]: Found 3 Ollama models
2025-10-04 23:39:23 [INFO]:   Available models: deepseek-r1:14b, dimavz/whisper-tiny:latest, gemma3:4b
2025-10-04 23:39:23 [INFO]:   Generating summary...
2025-10-04 23:39:23 [INFO]: Generating with Ollama model: gemma3:4b
2025-10-04 23:39:27 [INFO]: Generation completed
2025-10-04 23:39:27 [INFO]: 
--- SUMMARY ---
Here’s a concise summary of the video transcription:

The video criticizes how many people are using ChatGPT for vague, aspirational prompts (like “give me content ideas”) instead of strategic business tasks. It argues that ChatGPT should be used to build actual business systems – like funnels, lead generation strategies, and sales flows – rather than simply manifesting a business. The key takeaway is to shift your prompts to be actionable and focused on building a business, not just dreaming about one.

2025-10-04 23:39:27 [INFO]:   Extracting key topics...
2025-10-04 23:39:27 [INFO]: Generating with Ollama model: gemma3:4b
2025-10-04 23:39:36 [INFO]: Generation completed
2025-10-04 23:39:36 [INFO]: 
--- KEY TOPICS ---
Here’s a breakdown of the main topics and themes discussed in the video transcription, presented as bullet points:

*   **ChatGPT Usage for Business:** The core topic is how individuals are using ChatGPT and the problems this approach is creating.
*   **Ineffective Prompting:** The video criticizes prompts that are overly focused on “manifesting” or “vibes” rather than actionable business strategies.
*   **Lack of Actionable Results:** The speaker argues that the current approach isn’t generating revenue or results (specifically, “no wonder you’re not getting paid”).
*   **Shifting from Inspiration to Implementation:** The key recommendation is to move away from simply asking for content ideas and instead, to utilize ChatGPT for building a complete business system.
*   **Building a Full Funnel:** Specifically, the speaker advocates for using ChatGPT to create a full marketing funnel (lead generation, DM scripts, sales emails).
*   **Utilizing ChatGPT as a Tool:** The video emphasizes the importance of treating ChatGPT as a working assistant rather than a source of inspiration.

Would you like me to elaborate on any of these points or perhaps identify any underlying themes (e.g., the importance of strategic thinking, the value of automation)?

2025-10-04 23:39:36 [INFO]: 
[5/5] Writing results to CSV...
2025-10-04 23:39:36 [INFO]: Writing Notion-friendly CSV: ./output/transcriptions-notion.csv
2025-10-04 23:39:36 [INFO]: Successfully wrote video to Notion CSV
2025-10-04 23:39:36 [INFO]: ✓ Notion CSV written: ./output/transcriptions-notion.csv
2025-10-04 23:39:36 [INFO]: 
============================================================
2025-10-04 23:39:36 [INFO]: ✓ Pipeline completed successfully
2025-10-04 23:39:36 [INFO]:   Total time: 18.14s
2025-10-04 23:39:36 [INFO]: ============================================================
2025-10-04 23:39:36 [INFO]: ✓ Success
2025-10-04 23:39:36 [INFO]: Waiting 12.0s before next video...
2025-10-04 23:39:48 [INFO]: 
[82/104] Processing: https://www.instagram.com/techtiff.ai/reel/DIFZ9BxSAj1/
2025-10-04 23:39:48 [INFO]: ============================================================
2025-10-04 23:39:48 [INFO]: Instagram Video Transcription Pipeline
2025-10-04 23:39:48 [INFO]: ============================================================
2025-10-04 23:39:48 [INFO]: URL: https://www.instagram.com/techtiff.ai/reel/DIFZ9BxSAj1/
2025-10-04 23:39:48 [INFO]: 
[1/5] Downloading Instagram video...
2025-10-04 23:39:49 [INFO]: Downloading Instagram video with yt-dlp: https://www.instagram.com/techtiff.ai/reel/DIFZ9BxSAj1/
2025-10-04 23:39:49 [INFO]: Output: downloads/videos/DIFZ9BxSAj1.mp4
2025-10-04 23:39:51 [INFO]: ✓ Video downloaded successfully with yt-dlp
2025-10-04 23:39:51 [INFO]: ✓ Video downloaded: downloads/videos/DIFZ9BxSAj1.mp4
2025-10-04 23:39:51 [INFO]: 
[2/5] Extracting audio from video...
2025-10-04 23:39:51 [INFO]: Extracting audio from: downloads/videos/DIFZ9BxSAj1.mp4
2025-10-04 23:39:51 [INFO]: Output audio file: downloads/audio/DIFZ9BxSAj1.wav
2025-10-04 23:39:51 [INFO]: Format: wav, Sample rate: 16000Hz, Channels: 1
2025-10-04 23:39:51 [INFO]: Audio extraction completed successfully
2025-10-04 23:39:51 [INFO]: ✓ Audio extracted: downloads/audio/DIFZ9BxSAj1.wav
2025-10-04 23:39:51 [INFO]:   Duration: 52.22s
2025-10-04 23:39:51 [INFO]:   Sample Rate: 16000Hz
2025-10-04 23:39:51 [INFO]:   Channels: 1
2025-10-04 23:39:51 [INFO]: 
[3/5] Transcribing audio...
2025-10-04 23:39:51 [INFO]: Transcription method: auto
2025-10-04 23:39:51 [INFO]: Using Whisper CLI...
2025-10-04 23:39:51 [INFO]: Transcribing with Whisper CLI: downloads/audio/DIFZ9BxSAj1.wav
2025-10-04 23:39:55 [INFO]: Transcription with timestamps completed
2025-10-04 23:39:55 [INFO]: ✓ Transcription completed
2025-10-04 23:39:55 [INFO]:   Text length: 858 characters
2025-10-04 23:39:55 [INFO]:   Segments: 10
2025-10-04 23:39:55 [INFO]: 
[4/5] AI Processing with Ollama...
2025-10-04 23:39:55 [INFO]: Found 3 Ollama models
2025-10-04 23:39:55 [INFO]:   Available models: deepseek-r1:14b, dimavz/whisper-tiny:latest, gemma3:4b
2025-10-04 23:39:55 [INFO]:   Generating summary...
2025-10-04 23:39:55 [INFO]: Generating with Ollama model: gemma3:4b
2025-10-04 23:39:59 [INFO]: Generation completed
2025-10-04 23:39:59 [INFO]: 
--- SUMMARY ---
Here’s a concise summary of the video transcription:

The speaker argues that ChatGPT often fails to provide comprehensive solutions because users don't proactively ask for a content strategy alongside their requests. The key takeaway is to always include the phrase “Include anything I may have neglected to ask for, but that would help me to achieve my goal with excellence” in your prompts. This forces ChatGPT to consider potential gaps in the response and deliver a more complete and effective solution. Essentially, you need to be more specific and anticipate the necessary supporting information.

2025-10-04 23:39:59 [INFO]:   Extracting key topics...
2025-10-04 23:39:59 [INFO]: Generating with Ollama model: gemma3:4b
2025-10-04 23:40:07 [INFO]: Generation completed
2025-10-04 23:40:07 [INFO]: 
--- KEY TOPICS ---
Here’s a breakdown of the main topics and themes discussed in the video transcription, presented as bullet points:

*   **Content Strategy & Planning:** The core issue is the lack of a defined content strategy and the importance of having a plan for posting content effectively.
*   **Prompt Engineering:** The video focuses on the critical role of crafting detailed prompts to ensure AI responses are comprehensive and aligned with the user’s goals.
*   **Asking Proactive Questions:**  A key theme is the need to actively ask clarifying questions within prompts to avoid missed considerations and ensure optimal results.
*   **Delegating for Success:** The analogy of hiring a contractor highlights the importance of not just delegating a task, but also ensuring the contractor addresses potential issues or concerns.
*   **Avoiding Missed Considerations:** The video emphasizes the danger of relying solely on the initial prompt without anticipating and addressing potential pitfalls.

Would you like me to elaborate on any of these points or perhaps summarize a specific aspect of the video?

2025-10-04 23:40:07 [INFO]: 
[5/5] Writing results to CSV...
2025-10-04 23:40:07 [INFO]: Writing Notion-friendly CSV: ./output/transcriptions-notion.csv
2025-10-04 23:40:07 [INFO]: Successfully wrote video to Notion CSV
2025-10-04 23:40:07 [INFO]: ✓ Notion CSV written: ./output/transcriptions-notion.csv
2025-10-04 23:40:07 [INFO]: 
============================================================
2025-10-04 23:40:07 [INFO]: ✓ Pipeline completed successfully
2025-10-04 23:40:07 [INFO]:   Total time: 18.97s
2025-10-04 23:40:07 [INFO]: ============================================================
2025-10-04 23:40:07 [INFO]: ✓ Success
2025-10-04 23:40:07 [INFO]: Waiting 12.0s before next video...
2025-10-04 23:40:19 [INFO]: 
[83/104] Processing: https://www.instagram.com/techtiff.ai/reel/DICs5X-S0UU/
2025-10-04 23:40:19 [INFO]: ============================================================
2025-10-04 23:40:19 [INFO]: Instagram Video Transcription Pipeline
2025-10-04 23:40:19 [INFO]: ============================================================
2025-10-04 23:40:19 [INFO]: URL: https://www.instagram.com/techtiff.ai/reel/DICs5X-S0UU/
2025-10-04 23:40:19 [INFO]: 
[1/5] Downloading Instagram video...
2025-10-04 23:40:20 [INFO]: Downloading Instagram video with yt-dlp: https://www.instagram.com/techtiff.ai/reel/DICs5X-S0UU/
2025-10-04 23:40:20 [INFO]: Output: downloads/videos/DICs5X-S0UU.mp4
2025-10-04 23:40:21 [INFO]: ✓ Video downloaded successfully with yt-dlp
2025-10-04 23:40:21 [INFO]: ✓ Video downloaded: downloads/videos/DICs5X-S0UU.mp4
2025-10-04 23:40:21 [INFO]: 
[2/5] Extracting audio from video...
2025-10-04 23:40:21 [INFO]: Extracting audio from: downloads/videos/DICs5X-S0UU.mp4
2025-10-04 23:40:21 [INFO]: Output audio file: downloads/audio/DICs5X-S0UU.wav
2025-10-04 23:40:21 [INFO]: Format: wav, Sample rate: 16000Hz, Channels: 1
2025-10-04 23:40:21 [INFO]: Audio extraction completed successfully
2025-10-04 23:40:21 [INFO]: ✓ Audio extracted: downloads/audio/DICs5X-S0UU.wav
2025-10-04 23:40:21 [INFO]:   Duration: 46.33s
2025-10-04 23:40:21 [INFO]:   Sample Rate: 16000Hz
2025-10-04 23:40:21 [INFO]:   Channels: 1
2025-10-04 23:40:21 [INFO]: 
[3/5] Transcribing audio...
2025-10-04 23:40:21 [INFO]: Transcription method: auto
2025-10-04 23:40:21 [INFO]: Using Whisper CLI...
2025-10-04 23:40:21 [INFO]: Transcribing with Whisper CLI: downloads/audio/DICs5X-S0UU.wav
2025-10-04 23:40:25 [INFO]: Transcription with timestamps completed
2025-10-04 23:40:25 [INFO]: ✓ Transcription completed
2025-10-04 23:40:25 [INFO]:   Text length: 765 characters
2025-10-04 23:40:25 [INFO]:   Segments: 13
2025-10-04 23:40:25 [INFO]: 
[4/5] AI Processing with Ollama...
2025-10-04 23:40:25 [INFO]: Found 3 Ollama models
2025-10-04 23:40:25 [INFO]:   Available models: deepseek-r1:14b, dimavz/whisper-tiny:latest, gemma3:4b
2025-10-04 23:40:25 [INFO]:   Generating summary...
2025-10-04 23:40:25 [INFO]: Generating with Ollama model: gemma3:4b
2025-10-04 23:40:28 [INFO]: Generation completed
2025-10-04 23:40:28 [INFO]: 
--- SUMMARY ---
Here’s a concise summary of the video transcription:

The creator experimented with ChadGPT as a content strategist for short-form video. Despite initial skepticism, it proved effective, prompting the creator to hire it as their strategist. The key takeaway is that AI can provide valuable content strategy insights, even if it initially seems unconventional, and can help move beyond basic, uninspired video content.

2025-10-04 23:40:28 [INFO]:   Extracting key topics...
2025-10-04 23:40:28 [INFO]: Generating with Ollama model: gemma3:4b
2025-10-04 23:40:36 [INFO]: Generation completed
2025-10-04 23:40:36 [INFO]: 
--- KEY TOPICS ---
Here’s a breakdown of the main topics and themes discussed in the video transcription, presented as bullet points:

*   **Using ChatGPT as a Content Strategist:** The central topic is the narrator’s experiment of utilizing ChatGPT for content strategy.
*   **Prompt Engineering:** The video highlights the importance of crafting effective prompts for AI tools (specifically, the prompt used to activate ChadGPT).
*   **Short-Form Video Content:** The focus is on content creation for platforms like those featuring short-form videos.
*   **Content Analysis & Optimization:** The narrator is using ChatGPT to analyze their existing content and identify areas for improvement.
*   **Engagement & Retention:** A key goal is to improve viewer engagement and retention rates.
*   **Potential Drawbacks of AI Content Strategy:** The narrator acknowledges a potential downside – that relying too heavily on AI could be detrimental.

Would you like me to elaborate on any of these points, or perhaps summarize the overall tone or message of the video?

2025-10-04 23:40:36 [INFO]: 
[5/5] Writing results to CSV...
2025-10-04 23:40:36 [INFO]: Writing Notion-friendly CSV: ./output/transcriptions-notion.csv
2025-10-04 23:40:36 [INFO]: Successfully wrote video to Notion CSV
2025-10-04 23:40:36 [INFO]: ✓ Notion CSV written: ./output/transcriptions-notion.csv
2025-10-04 23:40:36 [INFO]: 
============================================================
2025-10-04 23:40:36 [INFO]: ✓ Pipeline completed successfully
2025-10-04 23:40:36 [INFO]:   Total time: 16.68s
2025-10-04 23:40:36 [INFO]: ============================================================
2025-10-04 23:40:36 [INFO]: ✓ Success
2025-10-04 23:40:36 [INFO]: Waiting 12.0s before next video...
2025-10-04 23:40:48 [INFO]: 
[84/104] Processing: https://www.instagram.com/techtiff.ai/reel/DICZAEazq6M/
2025-10-04 23:40:48 [INFO]: ============================================================
2025-10-04 23:40:48 [INFO]: Instagram Video Transcription Pipeline
2025-10-04 23:40:48 [INFO]: ============================================================
2025-10-04 23:40:48 [INFO]: URL: https://www.instagram.com/techtiff.ai/reel/DICZAEazq6M/
2025-10-04 23:40:48 [INFO]: 
[1/5] Downloading Instagram video...
2025-10-04 23:40:48 [INFO]: Downloading Instagram video with yt-dlp: https://www.instagram.com/techtiff.ai/reel/DICZAEazq6M/
2025-10-04 23:40:48 [INFO]: Output: downloads/videos/DICZAEazq6M.mp4
2025-10-04 23:40:51 [INFO]: ✓ Video downloaded successfully with yt-dlp
2025-10-04 23:40:51 [INFO]: ✓ Video downloaded: downloads/videos/DICZAEazq6M.mp4
2025-10-04 23:40:51 [INFO]: 
[2/5] Extracting audio from video...
2025-10-04 23:40:51 [INFO]: Extracting audio from: downloads/videos/DICZAEazq6M.mp4
2025-10-04 23:40:51 [INFO]: Output audio file: downloads/audio/DICZAEazq6M.wav
2025-10-04 23:40:51 [INFO]: Format: wav, Sample rate: 16000Hz, Channels: 1
2025-10-04 23:40:51 [INFO]: Audio extraction completed successfully
2025-10-04 23:40:51 [INFO]: ✓ Audio extracted: downloads/audio/DICZAEazq6M.wav
2025-10-04 23:40:51 [INFO]:   Duration: 85.75s
2025-10-04 23:40:51 [INFO]:   Sample Rate: 16000Hz
2025-10-04 23:40:51 [INFO]:   Channels: 1
2025-10-04 23:40:51 [INFO]: 
[3/5] Transcribing audio...
2025-10-04 23:40:51 [INFO]: Transcription method: auto
2025-10-04 23:40:51 [INFO]: Using Whisper CLI...
2025-10-04 23:40:51 [INFO]: Transcribing with Whisper CLI: downloads/audio/DICZAEazq6M.wav
2025-10-04 23:40:56 [INFO]: Transcription with timestamps completed
2025-10-04 23:40:56 [INFO]: ✓ Transcription completed
2025-10-04 23:40:56 [INFO]:   Text length: 1298 characters
2025-10-04 23:40:56 [INFO]:   Segments: 21
2025-10-04 23:40:56 [INFO]: 
[4/5] AI Processing with Ollama...
2025-10-04 23:40:56 [INFO]: Found 3 Ollama models
2025-10-04 23:40:56 [INFO]:   Available models: deepseek-r1:14b, dimavz/whisper-tiny:latest, gemma3:4b
2025-10-04 23:40:56 [INFO]:   Generating summary...
2025-10-04 23:40:56 [INFO]: Generating with Ollama model: gemma3:4b
2025-10-04 23:41:00 [INFO]: Generation completed
2025-10-04 23:41:00 [INFO]: 
--- SUMMARY ---
Here’s a concise summary of the video transcription:

This video highlights a powerful prompt for ChatGPT that transforms it into a personal CFO. The key takeaway is that by giving ChatGPT a decision-making framework – focusing on financial planning, risk mitigation, and translating data into actionable insights – you move it beyond a simple Q&A bot. The prompt essentially trains ChatGPT to “think like an executive,” providing strategic options and helping users make better business decisions.

2025-10-04 23:41:00 [INFO]:   Extracting key topics...
2025-10-04 23:41:00 [INFO]: Generating with Ollama model: gemma3:4b
2025-10-04 23:41:08 [INFO]: Generation completed
2025-10-04 23:41:08 [INFO]: 
--- KEY TOPICS ---
Here’s a breakdown of the main topics and themes discussed in the video transcription, presented as bullet points:

*   **GPT as a Financial Strategist:** The core topic is the surprising capability of GPT (likely ChatGPT) to function as a personal CFO and financial strategist.
*   **Prompt Engineering for Strategic Thinking:** The video emphasizes the importance of crafting specific prompts to elicit strategic thinking from AI models.
*   **Decision-Making Framework:** A key element is the concept of “teaching” GPT to think like an executive – providing a framework for decision-making rather than just answering questions.
*   **AI Business Dream Team:** The video promotes the idea of using multiple AI tools, guided by strategic prompts, to create a comprehensive “dream team.”
*   **Financial Planning & Strategy:** Specific areas of focus include financial planning, cash flow management, risk mitigation, budgeting, and translating data into business decisions.

Would you like me to elaborate on any of these points, or perhaps summarize a particular aspect of the video?

2025-10-04 23:41:08 [INFO]: 
[5/5] Writing results to CSV...
2025-10-04 23:41:08 [INFO]: Writing Notion-friendly CSV: ./output/transcriptions-notion.csv
2025-10-04 23:41:08 [INFO]: Successfully wrote video to Notion CSV
2025-10-04 23:41:08 [INFO]: ✓ Notion CSV written: ./output/transcriptions-notion.csv
2025-10-04 23:41:08 [INFO]: 
============================================================
2025-10-04 23:41:08 [INFO]: ✓ Pipeline completed successfully
2025-10-04 23:41:08 [INFO]:   Total time: 20.46s
2025-10-04 23:41:08 [INFO]: ============================================================
2025-10-04 23:41:08 [INFO]: ✓ Success
2025-10-04 23:41:08 [INFO]: Waiting 12.0s before next video...
2025-10-04 23:41:20 [INFO]: 
[85/104] Processing: https://www.instagram.com/techtiff.ai/reel/DH_VtPoJWsH/
2025-10-04 23:41:20 [INFO]: ============================================================
2025-10-04 23:41:20 [INFO]: Instagram Video Transcription Pipeline
2025-10-04 23:41:20 [INFO]: ============================================================
2025-10-04 23:41:20 [INFO]: URL: https://www.instagram.com/techtiff.ai/reel/DH_VtPoJWsH/
2025-10-04 23:41:20 [INFO]: 
[1/5] Downloading Instagram video...
2025-10-04 23:41:21 [INFO]: Downloading Instagram video with yt-dlp: https://www.instagram.com/techtiff.ai/reel/DH_VtPoJWsH/
2025-10-04 23:41:21 [INFO]: Output: downloads/videos/DH_VtPoJWsH.mp4
2025-10-04 23:41:23 [INFO]: ✓ Video downloaded successfully with yt-dlp
2025-10-04 23:41:23 [INFO]: ✓ Video downloaded: downloads/videos/DH_VtPoJWsH.mp4
2025-10-04 23:41:23 [INFO]: 
[2/5] Extracting audio from video...
2025-10-04 23:41:23 [INFO]: Extracting audio from: downloads/videos/DH_VtPoJWsH.mp4
2025-10-04 23:41:23 [INFO]: Output audio file: downloads/audio/DH_VtPoJWsH.wav
2025-10-04 23:41:23 [INFO]: Format: wav, Sample rate: 16000Hz, Channels: 1
2025-10-04 23:41:23 [INFO]: Audio extraction completed successfully
2025-10-04 23:41:23 [INFO]: ✓ Audio extracted: downloads/audio/DH_VtPoJWsH.wav
2025-10-04 23:41:23 [INFO]:   Duration: 33.60s
2025-10-04 23:41:23 [INFO]:   Sample Rate: 16000Hz
2025-10-04 23:41:23 [INFO]:   Channels: 1
2025-10-04 23:41:23 [INFO]: 
[3/5] Transcribing audio...
2025-10-04 23:41:23 [INFO]: Transcription method: auto
2025-10-04 23:41:23 [INFO]: Using Whisper CLI...
2025-10-04 23:41:23 [INFO]: Transcribing with Whisper CLI: downloads/audio/DH_VtPoJWsH.wav
2025-10-04 23:41:26 [INFO]: Transcription with timestamps completed
2025-10-04 23:41:26 [INFO]: ✓ Transcription completed
2025-10-04 23:41:26 [INFO]:   Text length: 543 characters
2025-10-04 23:41:26 [INFO]:   Segments: 7
2025-10-04 23:41:26 [INFO]: 
[4/5] AI Processing with Ollama...
2025-10-04 23:41:26 [INFO]: Found 3 Ollama models
2025-10-04 23:41:26 [INFO]:   Available models: deepseek-r1:14b, dimavz/whisper-tiny:latest, gemma3:4b
2025-10-04 23:41:26 [INFO]:   Generating summary...
2025-10-04 23:41:26 [INFO]: Generating with Ollama model: gemma3:4b
2025-10-04 23:41:29 [INFO]: Generation completed
2025-10-04 23:41:29 [INFO]: 
--- SUMMARY ---
Here’s a concise summary of the video transcription:

The video criticizes relying on desperate, “booty call” prompts with ChatGPT, arguing it’s an ineffective strategy. Instead, viewers are encouraged to approach ChatGPT as a marketing strategist by requesting a detailed, brand-aligned content plan. The key takeaway is to shift from begging for answers to proactively collaborating with the AI for strategic solutions.

2025-10-04 23:41:29 [INFO]:   Extracting key topics...
2025-10-04 23:41:29 [INFO]: Generating with Ollama model: gemma3:4b
2025-10-04 23:41:36 [INFO]: Generation completed
2025-10-04 23:41:36 [INFO]: 
--- KEY TOPICS ---
Here’s a breakdown of the main topics and themes discussed in the video transcription, presented as bullet points:

*   **Toxic Prompting with ChatGPT:** The core issue is identifying and addressing the unhealthy habit of relying on ChatGPT for quick, desperate solutions (“booty calls”).
*   **Strategic Prompting:** The video advocates for a more proactive and strategic approach to using ChatGPT.
*   **Role-Playing with ChatGPT:** Suggesting the user act as a marketing strategist to guide ChatGPT’s responses.
*   **Content Planning:** Specifically, requesting a 30-day content plan from ChatGPT.
*   **Brand Voice & Tone:** Emphasizing the importance of tailoring prompts to align with the user’s brand voice.

Would you like me to elaborate on any of these points or perhaps identify any underlying themes (e.g., empowerment, taking control, effective communication)?

2025-10-04 23:41:36 [INFO]: 
[5/5] Writing results to CSV...
2025-10-04 23:41:36 [INFO]: Writing Notion-friendly CSV: ./output/transcriptions-notion.csv
2025-10-04 23:41:36 [INFO]: Successfully wrote video to Notion CSV
2025-10-04 23:41:36 [INFO]: ✓ Notion CSV written: ./output/transcriptions-notion.csv
2025-10-04 23:41:36 [INFO]: 
============================================================
2025-10-04 23:41:36 [INFO]: ✓ Pipeline completed successfully
2025-10-04 23:41:36 [INFO]:   Total time: 15.68s
2025-10-04 23:41:36 [INFO]: ============================================================
2025-10-04 23:41:36 [INFO]: ✓ Success
2025-10-04 23:41:36 [INFO]: Waiting 12.0s before next video...
2025-10-04 23:41:48 [INFO]: 
[86/104] Processing: https://www.instagram.com/techtiff.ai/reel/DH9ZXuNTHlx/
2025-10-04 23:41:48 [INFO]: ============================================================
2025-10-04 23:41:48 [INFO]: Instagram Video Transcription Pipeline
2025-10-04 23:41:48 [INFO]: ============================================================
2025-10-04 23:41:48 [INFO]: URL: https://www.instagram.com/techtiff.ai/reel/DH9ZXuNTHlx/
2025-10-04 23:41:48 [INFO]: 
[1/5] Downloading Instagram video...
2025-10-04 23:41:48 [INFO]: Downloading Instagram video with yt-dlp: https://www.instagram.com/techtiff.ai/reel/DH9ZXuNTHlx/
2025-10-04 23:41:48 [INFO]: Output: downloads/videos/DH9ZXuNTHlx.mp4
2025-10-04 23:41:50 [INFO]: ✓ Video downloaded successfully with yt-dlp
2025-10-04 23:41:50 [INFO]: ✓ Video downloaded: downloads/videos/DH9ZXuNTHlx.mp4
2025-10-04 23:41:50 [INFO]: 
[2/5] Extracting audio from video...
2025-10-04 23:41:51 [INFO]: Extracting audio from: downloads/videos/DH9ZXuNTHlx.mp4
2025-10-04 23:41:51 [INFO]: Output audio file: downloads/audio/DH9ZXuNTHlx.wav
2025-10-04 23:41:51 [INFO]: Format: wav, Sample rate: 16000Hz, Channels: 1
2025-10-04 23:41:51 [INFO]: Audio extraction completed successfully
2025-10-04 23:41:51 [INFO]: ✓ Audio extracted: downloads/audio/DH9ZXuNTHlx.wav
2025-10-04 23:41:51 [INFO]:   Duration: 46.19s
2025-10-04 23:41:51 [INFO]:   Sample Rate: 16000Hz
2025-10-04 23:41:51 [INFO]:   Channels: 1
2025-10-04 23:41:51 [INFO]: 
[3/5] Transcribing audio...
2025-10-04 23:41:51 [INFO]: Transcription method: auto
2025-10-04 23:41:51 [INFO]: Using Whisper CLI...
2025-10-04 23:41:51 [INFO]: Transcribing with Whisper CLI: downloads/audio/DH9ZXuNTHlx.wav
2025-10-04 23:41:54 [INFO]: Transcription with timestamps completed
2025-10-04 23:41:54 [INFO]: ✓ Transcription completed
2025-10-04 23:41:54 [INFO]:   Text length: 821 characters
2025-10-04 23:41:54 [INFO]:   Segments: 13
2025-10-04 23:41:54 [INFO]: 
[4/5] AI Processing with Ollama...
2025-10-04 23:41:54 [INFO]: Found 3 Ollama models
2025-10-04 23:41:54 [INFO]:   Available models: deepseek-r1:14b, dimavz/whisper-tiny:latest, gemma3:4b
2025-10-04 23:41:54 [INFO]:   Generating summary...
2025-10-04 23:41:54 [INFO]: Generating with Ollama model: gemma3:4b
2025-10-04 23:41:59 [INFO]: Generation completed
2025-10-04 23:41:59 [INFO]: 
--- SUMMARY ---
Here’s a concise summary of the video transcription:

The video argues against simply using AI for basic content ideas. Instead, it recommends using AI to generate challenging, strategic prompts that force you to critically evaluate your business plan and assumptions. The key takeaways are:

*   **Strategic Prompting:** Use AI to ask tough questions that probe your logic.
*   **Skeptic Investor:** Regularly challenge your plan by asking what the top five red flags are.
*   **Data-Driven Challenge:**  Question your audience and market assumptions with data-backed alternatives. 

Essentially, the video encourages a proactive, critical approach to strategy development using AI.

2025-10-04 23:41:59 [INFO]:   Extracting key topics...
2025-10-04 23:41:59 [INFO]: Generating with Ollama model: gemma3:4b
2025-10-04 23:42:06 [INFO]: Generation completed
2025-10-04 23:42:06 [INFO]: 
--- KEY TOPICS ---
Here’s a breakdown of the main topics and themes discussed in the video transcription, presented as bullet points:

*   **Strategic Thinking with AI:** The core theme is using AI not just for content generation, but for prompting deeper, more critical thinking.
*   **Skepticism & Reality Checks:** Utilizing AI to challenge your own assumptions and business plans.
*   **Red Flags in Business Plans:** Specifically, identifying and addressing potential weaknesses in a business plan.
*   **Challenging Assumptions:** Questioning underlying assumptions about your target audience and market.
*   **Data-Driven Alternatives:**  Employing data to support and validate (or refute) initial assumptions.
*   **Strategic Auditing:** The video encourages a proactive review and assessment of one’s overall strategy.

Would you like me to elaborate on any of these points, or perhaps summarize the video’s overall message?

2025-10-04 23:42:06 [INFO]: 
[5/5] Writing results to CSV...
2025-10-04 23:42:06 [INFO]: Writing Notion-friendly CSV: ./output/transcriptions-notion.csv
2025-10-04 23:42:06 [INFO]: Successfully wrote video to Notion CSV
2025-10-04 23:42:06 [INFO]: ✓ Notion CSV written: ./output/transcriptions-notion.csv
2025-10-04 23:42:06 [INFO]: 
============================================================
2025-10-04 23:42:06 [INFO]: ✓ Pipeline completed successfully
2025-10-04 23:42:06 [INFO]:   Total time: 18.35s
2025-10-04 23:42:06 [INFO]: ============================================================
2025-10-04 23:42:06 [INFO]: ✓ Success
2025-10-04 23:42:06 [INFO]: Waiting 12.0s before next video...
2025-10-04 23:42:18 [INFO]: 
[87/104] Processing: https://www.instagram.com/techtiff.ai/reel/DH6rpBMTE8v/
2025-10-04 23:42:18 [INFO]: ============================================================
2025-10-04 23:42:18 [INFO]: Instagram Video Transcription Pipeline
2025-10-04 23:42:18 [INFO]: ============================================================
2025-10-04 23:42:18 [INFO]: URL: https://www.instagram.com/techtiff.ai/reel/DH6rpBMTE8v/
2025-10-04 23:42:18 [INFO]: 
[1/5] Downloading Instagram video...
2025-10-04 23:42:19 [INFO]: Downloading Instagram video with yt-dlp: https://www.instagram.com/techtiff.ai/reel/DH6rpBMTE8v/
2025-10-04 23:42:19 [INFO]: Output: downloads/videos/DH6rpBMTE8v.mp4
2025-10-04 23:42:21 [INFO]: ✓ Video downloaded successfully with yt-dlp
2025-10-04 23:42:21 [INFO]: ✓ Video downloaded: downloads/videos/DH6rpBMTE8v.mp4
2025-10-04 23:42:21 [INFO]: 
[2/5] Extracting audio from video...
2025-10-04 23:42:21 [INFO]: Extracting audio from: downloads/videos/DH6rpBMTE8v.mp4
2025-10-04 23:42:21 [INFO]: Output audio file: downloads/audio/DH6rpBMTE8v.wav
2025-10-04 23:42:21 [INFO]: Format: wav, Sample rate: 16000Hz, Channels: 1
2025-10-04 23:42:21 [INFO]: Audio extraction completed successfully
2025-10-04 23:42:21 [INFO]: ✓ Audio extracted: downloads/audio/DH6rpBMTE8v.wav
2025-10-04 23:42:21 [INFO]:   Duration: 39.78s
2025-10-04 23:42:21 [INFO]:   Sample Rate: 16000Hz
2025-10-04 23:42:21 [INFO]:   Channels: 1
2025-10-04 23:42:21 [INFO]: 
[3/5] Transcribing audio...
2025-10-04 23:42:21 [INFO]: Transcription method: auto
2025-10-04 23:42:21 [INFO]: Using Whisper CLI...
2025-10-04 23:42:21 [INFO]: Transcribing with Whisper CLI: downloads/audio/DH6rpBMTE8v.wav
2025-10-04 23:42:24 [INFO]: Transcription with timestamps completed
2025-10-04 23:42:24 [INFO]: ✓ Transcription completed
2025-10-04 23:42:24 [INFO]:   Text length: 609 characters
2025-10-04 23:42:24 [INFO]:   Segments: 12
2025-10-04 23:42:24 [INFO]: 
[4/5] AI Processing with Ollama...
2025-10-04 23:42:24 [INFO]: Found 3 Ollama models
2025-10-04 23:42:24 [INFO]:   Available models: deepseek-r1:14b, dimavz/whisper-tiny:latest, gemma3:4b
2025-10-04 23:42:24 [INFO]:   Generating summary...
2025-10-04 23:42:24 [INFO]: Generating with Ollama model: gemma3:4b
2025-10-04 23:42:28 [INFO]: Generation completed
2025-10-04 23:42:28 [INFO]: 
--- SUMMARY ---
Here’s a concise summary of the video transcription:

**Key Takeaway:** To get truly useful and strategic responses from ChatGPT, you need to provide incredibly specific details and context. Don’t just ask general questions; give it the specifics – location, target audience, product details – so it can generate a plan tailored to your vision and circumstances. Simply asking for a “business plan” will result in a generic response.

2025-10-04 23:42:28 [INFO]:   Extracting key topics...
2025-10-04 23:42:28 [INFO]: Generating with Ollama model: gemma3:4b
2025-10-04 23:42:34 [INFO]: Generation completed
2025-10-04 23:42:34 [INFO]: 
--- KEY TOPICS ---
Here’s a breakdown of the main topics and themes discussed in the video transcription, presented as bullet points:

*   **Specificity in ChatGPT Prompts:** The core message is the importance of providing detailed, specific instructions to ChatGPT.
*   **Moving Beyond Generic Responses:** The video highlights the issue of ChatGPT’s often basic or generic answers.
*   **Strategic Prompting:** It emphasizes the need to elicit strategic thinking from ChatGPT by giving it concrete details.
*   **Providing Context:** The importance of sharing relevant information like location, target audience, and product details.
*   **Alignment with Vision:** The goal is to ensure ChatGPT’s output aligns with the user's vision and circumstances.

Would you like me to elaborate on any of these points, or perhaps summarize the overall tone of the video?

2025-10-04 23:42:34 [INFO]: 
[5/5] Writing results to CSV...
2025-10-04 23:42:34 [INFO]: Writing Notion-friendly CSV: ./output/transcriptions-notion.csv
2025-10-04 23:42:34 [INFO]: Successfully wrote video to Notion CSV
2025-10-04 23:42:34 [INFO]: ✓ Notion CSV written: ./output/transcriptions-notion.csv
2025-10-04 23:42:34 [INFO]: 
============================================================
2025-10-04 23:42:34 [INFO]: ✓ Pipeline completed successfully
2025-10-04 23:42:34 [INFO]:   Total time: 15.34s
2025-10-04 23:42:34 [INFO]: ============================================================
2025-10-04 23:42:34 [INFO]: ✓ Success
2025-10-04 23:42:34 [INFO]: Waiting 12.0s before next video...
2025-10-04 23:42:46 [INFO]: 
[88/104] Processing: https://www.instagram.com/techtiff.ai/reel/DH3oFWbpKav/
2025-10-04 23:42:46 [INFO]: ============================================================
2025-10-04 23:42:46 [INFO]: Instagram Video Transcription Pipeline
2025-10-04 23:42:46 [INFO]: ============================================================
2025-10-04 23:42:46 [INFO]: URL: https://www.instagram.com/techtiff.ai/reel/DH3oFWbpKav/
2025-10-04 23:42:46 [INFO]: 
[1/5] Downloading Instagram video...
2025-10-04 23:42:46 [INFO]: Downloading Instagram video with yt-dlp: https://www.instagram.com/techtiff.ai/reel/DH3oFWbpKav/
2025-10-04 23:42:46 [INFO]: Output: downloads/videos/DH3oFWbpKav.mp4
2025-10-04 23:42:48 [INFO]: ✓ Video downloaded successfully with yt-dlp
2025-10-04 23:42:48 [INFO]: ✓ Video downloaded: downloads/videos/DH3oFWbpKav.mp4
2025-10-04 23:42:48 [INFO]: 
[2/5] Extracting audio from video...
2025-10-04 23:42:48 [INFO]: Extracting audio from: downloads/videos/DH3oFWbpKav.mp4
2025-10-04 23:42:48 [INFO]: Output audio file: downloads/audio/DH3oFWbpKav.wav
2025-10-04 23:42:48 [INFO]: Format: wav, Sample rate: 16000Hz, Channels: 1
2025-10-04 23:42:48 [INFO]: Audio extraction completed successfully
2025-10-04 23:42:48 [INFO]: ✓ Audio extracted: downloads/audio/DH3oFWbpKav.wav
2025-10-04 23:42:48 [INFO]:   Duration: 29.89s
2025-10-04 23:42:48 [INFO]:   Sample Rate: 16000Hz
2025-10-04 23:42:48 [INFO]:   Channels: 1
2025-10-04 23:42:48 [INFO]: 
[3/5] Transcribing audio...
2025-10-04 23:42:48 [INFO]: Transcription method: auto
2025-10-04 23:42:48 [INFO]: Using Whisper CLI...
2025-10-04 23:42:48 [INFO]: Transcribing with Whisper CLI: downloads/audio/DH3oFWbpKav.wav
2025-10-04 23:42:51 [INFO]: Transcription with timestamps completed
2025-10-04 23:42:51 [INFO]: ✓ Transcription completed
2025-10-04 23:42:51 [INFO]:   Text length: 494 characters
2025-10-04 23:42:51 [INFO]:   Segments: 8
2025-10-04 23:42:51 [INFO]: 
[4/5] AI Processing with Ollama...
2025-10-04 23:42:51 [INFO]: Found 3 Ollama models
2025-10-04 23:42:51 [INFO]:   Available models: deepseek-r1:14b, dimavz/whisper-tiny:latest, gemma3:4b
2025-10-04 23:42:51 [INFO]:   Generating summary...
2025-10-04 23:42:51 [INFO]: Generating with Ollama model: gemma3:4b
2025-10-04 23:42:54 [INFO]: Generation completed
2025-10-04 23:42:54 [INFO]: 
--- SUMMARY ---
Here’s a concise summary of the video transcription:

The speaker recommends shifting from using ChatGPT for content plans to using it as a mindset coach. They found a surprisingly helpful and in-depth conversation that resulted in an action plan and motivation for consistent content creation.  They encourage viewers to try this approach and provide a link to more prompts in their bio. 

---

Would you like me to elaborate on any specific part of the summary, or perhaps focus on a particular takeaway?

2025-10-04 23:42:54 [INFO]:   Extracting key topics...
2025-10-04 23:42:54 [INFO]: Generating with Ollama model: gemma3:4b
2025-10-04 23:43:00 [INFO]: Generation completed
2025-10-04 23:43:00 [INFO]: 
--- KEY TOPICS ---
Here’s a breakdown of the main topics and themes discussed in the video transcription, presented as bullet points:

*   **Consistency in Content Creation:** The core issue being addressed is the struggle to post content consistently.
*   **Using ChatGPT as a Mindset Coach:** The speaker suggests shifting from using ChatGPT for content *planning* to using it as a tool for mindset coaching.
*   **Value of a Deeper Conversation:** The speaker emphasizes that the conversation with ChatGPT can be surprisingly insightful and provide a more meaningful approach than just a content plan.
*   **Call to Action (Prompts):** The speaker directs viewers to explore additional prompts for this type of conversation (link in bio).

Would you like me to elaborate on any of these points or perhaps summarize the overall message of the video?

2025-10-04 23:43:00 [INFO]: 
[5/5] Writing results to CSV...
2025-10-04 23:43:00 [INFO]: Writing Notion-friendly CSV: ./output/transcriptions-notion.csv
2025-10-04 23:43:00 [INFO]: Successfully wrote video to Notion CSV
2025-10-04 23:43:00 [INFO]: ✓ Notion CSV written: ./output/transcriptions-notion.csv
2025-10-04 23:43:00 [INFO]: 
============================================================
2025-10-04 23:43:00 [INFO]: ✓ Pipeline completed successfully
2025-10-04 23:43:00 [INFO]:   Total time: 14.25s
2025-10-04 23:43:00 [INFO]: ============================================================
2025-10-04 23:43:00 [INFO]: ✓ Success
2025-10-04 23:43:00 [INFO]: Waiting 12.0s before next video...
2025-10-04 23:43:12 [INFO]: 
[89/104] Processing: https://www.instagram.com/techtiff.ai/reel/DHxVckEO8bb/
2025-10-04 23:43:12 [INFO]: ============================================================
2025-10-04 23:43:12 [INFO]: Instagram Video Transcription Pipeline
2025-10-04 23:43:12 [INFO]: ============================================================
2025-10-04 23:43:12 [INFO]: URL: https://www.instagram.com/techtiff.ai/reel/DHxVckEO8bb/
2025-10-04 23:43:12 [INFO]: 
[1/5] Downloading Instagram video...
2025-10-04 23:43:12 [INFO]: Downloading Instagram video with yt-dlp: https://www.instagram.com/techtiff.ai/reel/DHxVckEO8bb/
2025-10-04 23:43:12 [INFO]: Output: downloads/videos/DHxVckEO8bb.mp4
2025-10-04 23:43:14 [INFO]: ✓ Video downloaded successfully with yt-dlp
2025-10-04 23:43:14 [INFO]: ✓ Video downloaded: downloads/videos/DHxVckEO8bb.mp4
2025-10-04 23:43:14 [INFO]: 
[2/5] Extracting audio from video...
2025-10-04 23:43:14 [INFO]: Extracting audio from: downloads/videos/DHxVckEO8bb.mp4
2025-10-04 23:43:14 [INFO]: Output audio file: downloads/audio/DHxVckEO8bb.wav
2025-10-04 23:43:14 [INFO]: Format: wav, Sample rate: 16000Hz, Channels: 1
2025-10-04 23:43:15 [INFO]: Audio extraction completed successfully
2025-10-04 23:43:15 [INFO]: ✓ Audio extracted: downloads/audio/DHxVckEO8bb.wav
2025-10-04 23:43:15 [INFO]:   Duration: 43.17s
2025-10-04 23:43:15 [INFO]:   Sample Rate: 16000Hz
2025-10-04 23:43:15 [INFO]:   Channels: 1
2025-10-04 23:43:15 [INFO]: 
[3/5] Transcribing audio...
2025-10-04 23:43:15 [INFO]: Transcription method: auto
2025-10-04 23:43:15 [INFO]: Using Whisper CLI...
2025-10-04 23:43:15 [INFO]: Transcribing with Whisper CLI: downloads/audio/DHxVckEO8bb.wav
2025-10-04 23:43:18 [INFO]: Transcription with timestamps completed
2025-10-04 23:43:18 [INFO]: ✓ Transcription completed
2025-10-04 23:43:18 [INFO]:   Text length: 620 characters
2025-10-04 23:43:18 [INFO]:   Segments: 13
2025-10-04 23:43:18 [INFO]: 
[4/5] AI Processing with Ollama...
2025-10-04 23:43:18 [INFO]: Found 3 Ollama models
2025-10-04 23:43:18 [INFO]:   Available models: deepseek-r1:14b, dimavz/whisper-tiny:latest, gemma3:4b
2025-10-04 23:43:18 [INFO]:   Generating summary...
2025-10-04 23:43:18 [INFO]: Generating with Ollama model: gemma3:4b
2025-10-04 23:43:22 [INFO]: Generation completed
2025-10-04 23:43:22 [INFO]: 
--- SUMMARY ---
Here’s a concise summary of the video transcription:

**ChatGPT isn’t a search engine like Google; it’s a strategy tool.** Instead of asking for general advice (“how do I grow my business”), you need to **prompt it as a specific role** (e.g., “Act as a marketing strategist”). The speaker emphasizes crafting detailed prompts, including specific outputs like a weekly content plan with video ideas, captions, and calls to action, to get the most effective results.  He also encourages engagement through comments and follows. 

---

Would you like me to elaborate on any specific aspect of the summary?

2025-10-04 23:43:22 [INFO]:   Extracting key topics...
2025-10-04 23:43:22 [INFO]: Generating with Ollama model: gemma3:4b
2025-10-04 23:43:29 [INFO]: Generation completed
2025-10-04 23:43:29 [INFO]: 
--- KEY TOPICS ---
Here’s a breakdown of the main topics and themes discussed in the video transcription, presented as bullet points:

*   **ChatGPT as a Strategy Tool:** The core message is that ChatGPT isn't a search engine replacement, but a tool for strategic thinking and generating ideas.
*   **Effective Prompting:** The video emphasizes the importance of asking the *right* questions to get useful responses from ChatGPT.
*   **Role-Playing with ChatGPT:** Suggesting the user “act as a marketing strategist” to guide ChatGPT’s responses.
*   **Content Planning:** Specifically, generating a weekly content plan for short-form videos, captions, and calls to action.
*   **Engagement & Community:** The speaker encourages interaction through comments and following them.

Would you like me to elaborate on any of these points, or perhaps summarize the overall tone of the video?

2025-10-04 23:43:29 [INFO]: 
[5/5] Writing results to CSV...
2025-10-04 23:43:29 [INFO]: Writing Notion-friendly CSV: ./output/transcriptions-notion.csv
2025-10-04 23:43:29 [INFO]: Successfully wrote video to Notion CSV
2025-10-04 23:43:29 [INFO]: ✓ Notion CSV written: ./output/transcriptions-notion.csv
2025-10-04 23:43:29 [INFO]: 
============================================================
2025-10-04 23:43:29 [INFO]: ✓ Pipeline completed successfully
2025-10-04 23:43:29 [INFO]:   Total time: 16.96s
2025-10-04 23:43:29 [INFO]: ============================================================
2025-10-04 23:43:29 [INFO]: ✓ Success
2025-10-04 23:43:29 [INFO]: Waiting 12.0s before next video...
2025-10-04 23:43:41 [INFO]: 
[90/104] Processing: https://www.instagram.com/techtiff.ai/reel/DHt8cWUycQj/
2025-10-04 23:43:41 [INFO]: ============================================================
2025-10-04 23:43:41 [INFO]: Instagram Video Transcription Pipeline
2025-10-04 23:43:41 [INFO]: ============================================================
2025-10-04 23:43:41 [INFO]: URL: https://www.instagram.com/techtiff.ai/reel/DHt8cWUycQj/
2025-10-04 23:43:41 [INFO]: 
[1/5] Downloading Instagram video...
2025-10-04 23:43:41 [INFO]: Downloading Instagram video with yt-dlp: https://www.instagram.com/techtiff.ai/reel/DHt8cWUycQj/
2025-10-04 23:43:41 [INFO]: Output: downloads/videos/DHt8cWUycQj.mp4
2025-10-04 23:43:43 [INFO]: ✓ Video downloaded successfully with yt-dlp
2025-10-04 23:43:43 [INFO]: ✓ Video downloaded: downloads/videos/DHt8cWUycQj.mp4
2025-10-04 23:43:43 [INFO]: 
[2/5] Extracting audio from video...
2025-10-04 23:43:43 [INFO]: Extracting audio from: downloads/videos/DHt8cWUycQj.mp4
2025-10-04 23:43:43 [INFO]: Output audio file: downloads/audio/DHt8cWUycQj.wav
2025-10-04 23:43:43 [INFO]: Format: wav, Sample rate: 16000Hz, Channels: 1
2025-10-04 23:43:43 [INFO]: Audio extraction completed successfully
2025-10-04 23:43:43 [INFO]: ✓ Audio extracted: downloads/audio/DHt8cWUycQj.wav
2025-10-04 23:43:43 [INFO]:   Duration: 43.63s
2025-10-04 23:43:43 [INFO]:   Sample Rate: 16000Hz
2025-10-04 23:43:43 [INFO]:   Channels: 1
2025-10-04 23:43:43 [INFO]: 
[3/5] Transcribing audio...
2025-10-04 23:43:43 [INFO]: Transcription method: auto
2025-10-04 23:43:43 [INFO]: Using Whisper CLI...
2025-10-04 23:43:43 [INFO]: Transcribing with Whisper CLI: downloads/audio/DHt8cWUycQj.wav
2025-10-04 23:43:47 [INFO]: Transcription with timestamps completed
2025-10-04 23:43:47 [INFO]: ✓ Transcription completed
2025-10-04 23:43:47 [INFO]:   Text length: 551 characters
2025-10-04 23:43:47 [INFO]:   Segments: 7
2025-10-04 23:43:47 [INFO]: 
[4/5] AI Processing with Ollama...
2025-10-04 23:43:47 [INFO]: Found 3 Ollama models
2025-10-04 23:43:47 [INFO]:   Available models: deepseek-r1:14b, dimavz/whisper-tiny:latest, gemma3:4b
2025-10-04 23:43:47 [INFO]:   Generating summary...
2025-10-04 23:43:47 [INFO]: Generating with Ollama model: gemma3:4b
2025-10-04 23:43:53 [INFO]: Generation completed
2025-10-04 23:43:53 [INFO]: 
--- SUMMARY ---
Here’s a concise summary of the video transcription:

The speaker is receiving a highly specific and somewhat chaotic prompt requesting assistance with content creation. The user wants help crafting a viral caption, a 10-part sales funnel, a blog post, and brand positioning – all while utilizing a specific niche (“X”). The speaker responds by immediately asking five clarifying questions to understand the user’s unique offering and ideal client, aiming to establish a strong brand strategy.

**Key Takeaways:**

*   **Specific Requests:** The prompt highlights the need for highly tailored content and brand strategy.
*   **Brand Positioning is Crucial:** The speaker emphasizes the importance of defining a unique value proposition.
*   **Clarifying Questions:** The speaker’s approach involves a series of targeted questions to understand the client’s needs.

2025-10-04 23:43:53 [INFO]:   Extracting key topics...
2025-10-04 23:43:53 [INFO]: Generating with Ollama model: gemma3:4b
2025-10-04 23:44:02 [INFO]: Generation completed
2025-10-04 23:44:02 [INFO]: 
--- KEY TOPICS ---
Here’s a breakdown of the main topics and themes discussed in the video transcription, presented as bullet points:

*   **Prompt Engineering/AI Assistance:** The core of the video is about using an AI (likely GPT) to fulfill specific writing requests.
*   **Specific Writing Tasks:** The user is requesting a variety of content pieces:
    *   Viral captions
    *   10-part series
    *   Sales funnel
    *   Blog post
*   **Role-Playing/Persona Activation:** The user is instructing the AI to adopt different roles:
    *   Brand strategist
    *   Brand consultant
    *   (Implied) A specific persona – “Capricorn who hasn't slept since Tuesday” and “Chad”
*   **Ideal Client Positioning:** A key focus is on defining and articulating the user's target audience and unique value proposition.
*   **Questioning for Clarification:** The user wants the AI to ask questions to deeply understand the project requirements.

Would you like me to elaborate on any of these points, or perhaps identify any underlying themes (e.g., the use of AI for marketing, the importance of brand identity)?

2025-10-04 23:44:02 [INFO]: 
[5/5] Writing results to CSV...
2025-10-04 23:44:02 [INFO]: Writing Notion-friendly CSV: ./output/transcriptions-notion.csv
2025-10-04 23:44:02 [INFO]: Successfully wrote video to Notion CSV
2025-10-04 23:44:02 [INFO]: ✓ Notion CSV written: ./output/transcriptions-notion.csv
2025-10-04 23:44:02 [INFO]: 
============================================================
2025-10-04 23:44:02 [INFO]: ✓ Pipeline completed successfully
2025-10-04 23:44:02 [INFO]:   Total time: 20.55s
2025-10-04 23:44:02 [INFO]: ============================================================
2025-10-04 23:44:02 [INFO]: ✓ Success
2025-10-04 23:44:02 [INFO]: Waiting 12.0s before next video...
2025-10-04 23:44:14 [INFO]: 
[91/104] Processing: https://www.instagram.com/techtiff.ai/reel/DHroMWTSruK/
2025-10-04 23:44:14 [INFO]: ============================================================
2025-10-04 23:44:14 [INFO]: Instagram Video Transcription Pipeline
2025-10-04 23:44:14 [INFO]: ============================================================
2025-10-04 23:44:14 [INFO]: URL: https://www.instagram.com/techtiff.ai/reel/DHroMWTSruK/
2025-10-04 23:44:14 [INFO]: 
[1/5] Downloading Instagram video...
2025-10-04 23:44:14 [INFO]: Downloading Instagram video with yt-dlp: https://www.instagram.com/techtiff.ai/reel/DHroMWTSruK/
2025-10-04 23:44:14 [INFO]: Output: downloads/videos/DHroMWTSruK.mp4
2025-10-04 23:44:16 [INFO]: ✓ Video downloaded successfully with yt-dlp
2025-10-04 23:44:16 [INFO]: ✓ Video downloaded: downloads/videos/DHroMWTSruK.mp4
2025-10-04 23:44:16 [INFO]: 
[2/5] Extracting audio from video...
2025-10-04 23:44:16 [INFO]: Extracting audio from: downloads/videos/DHroMWTSruK.mp4
2025-10-04 23:44:16 [INFO]: Output audio file: downloads/audio/DHroMWTSruK.wav
2025-10-04 23:44:16 [INFO]: Format: wav, Sample rate: 16000Hz, Channels: 1
2025-10-04 23:44:16 [INFO]: Audio extraction completed successfully
2025-10-04 23:44:16 [INFO]: ✓ Audio extracted: downloads/audio/DHroMWTSruK.wav
2025-10-04 23:44:16 [INFO]:   Duration: 12.10s
2025-10-04 23:44:16 [INFO]:   Sample Rate: 16000Hz
2025-10-04 23:44:16 [INFO]:   Channels: 1
2025-10-04 23:44:16 [INFO]: 
[3/5] Transcribing audio...
2025-10-04 23:44:16 [INFO]: Transcription method: auto
2025-10-04 23:44:16 [INFO]: Using Whisper CLI...
2025-10-04 23:44:16 [INFO]: Transcribing with Whisper CLI: downloads/audio/DHroMWTSruK.wav
2025-10-04 23:44:17 [INFO]: Transcription with timestamps completed
2025-10-04 23:44:17 [INFO]: ✓ Transcription completed
2025-10-04 23:44:17 [INFO]:   Text length: 0 characters
2025-10-04 23:44:17 [INFO]:   Segments: 0
2025-10-04 23:44:17 [INFO]: 
[4/5] AI Processing with Ollama...
2025-10-04 23:44:17 [INFO]: Found 3 Ollama models
2025-10-04 23:44:17 [INFO]:   Available models: deepseek-r1:14b, dimavz/whisper-tiny:latest, gemma3:4b
2025-10-04 23:44:17 [INFO]:   Generating summary...
2025-10-04 23:44:17 [INFO]: Generating with Ollama model: gemma3:4b
2025-10-04 23:44:19 [INFO]: Generation completed
2025-10-04 23:44:19 [INFO]: 
--- SUMMARY ---
Please provide the video transcription! I need the text of the video to be able to summarize it for you. 😊 

Once you paste the transcription here, I’ll do my best to give you a concise summary of the main points and key takeaways.

2025-10-04 23:44:19 [INFO]:   Extracting key topics...
2025-10-04 23:44:19 [INFO]: Generating with Ollama model: gemma3:4b
2025-10-04 23:44:21 [INFO]: Generation completed
2025-10-04 23:44:21 [INFO]: 
--- KEY TOPICS ---
Please provide me with the video transcription! I need the text of the transcription to be able to extract the main topics and themes and list them as bullet points. 😊 

Once you paste the transcription here, I’ll do my best to analyze it for you.

2025-10-04 23:44:21 [INFO]: 
[5/5] Writing results to CSV...
2025-10-04 23:44:21 [INFO]: Writing Notion-friendly CSV: ./output/transcriptions-notion.csv
2025-10-04 23:44:21 [INFO]: Successfully wrote video to Notion CSV
2025-10-04 23:44:21 [INFO]: ✓ Notion CSV written: ./output/transcriptions-notion.csv
2025-10-04 23:44:21 [INFO]: 
============================================================
2025-10-04 23:44:21 [INFO]: ✓ Pipeline completed successfully
2025-10-04 23:44:21 [INFO]:   Total time: 7.54s
2025-10-04 23:44:21 [INFO]: ============================================================
2025-10-04 23:44:21 [INFO]: ✓ Success
2025-10-04 23:44:21 [INFO]: Waiting 12.0s before next video...
2025-10-04 23:44:33 [INFO]: 
[92/104] Processing: https://www.instagram.com/techtiff.ai/p/DHqw9SipyB2/
2025-10-04 23:44:33 [INFO]: ============================================================
2025-10-04 23:44:33 [INFO]: Instagram Video Transcription Pipeline
2025-10-04 23:44:33 [INFO]: ============================================================
2025-10-04 23:44:33 [INFO]: URL: https://www.instagram.com/techtiff.ai/p/DHqw9SipyB2/
2025-10-04 23:44:33 [INFO]: 
[1/5] Downloading Instagram video...
2025-10-04 23:44:33 [INFO]: Downloading Instagram video with yt-dlp: https://www.instagram.com/techtiff.ai/p/DHqw9SipyB2/
2025-10-04 23:44:33 [INFO]: Output: downloads/videos/DHqw9SipyB2.mp4
2025-10-04 23:44:34 [ERROR]: yt-dlp download failed: Video file was not created by yt-dlp
2025-10-04 23:44:34 [ERROR]: 
✗ Pipeline failed: Failed to download video with yt-dlp: Video file was not created by yt-dlp
2025-10-04 23:44:34 [ERROR]: Error: Failed to download video with yt-dlp: Video file was not created by yt-dlp
    at downloadWithYtDlp (file:///Users/cypher/Documents/coding/ig_transcribe/src/scraper/yt-dlp.js:73:11)
    at process.processTicksAndRejections (node:internal/process/task_queues:105:5)
    at async processInstagramVideo (file:///Users/cypher/Documents/coding/ig_transcribe/index.js:44:23)
    at async batchProcess (file:///Users/cypher/Documents/coding/ig_transcribe/examples/batch-process.js:44:22)
2025-10-04 23:44:34 [ERROR]: ✗ Failed: Failed to download video with yt-dlp: Video file was not created by yt-dlp
2025-10-04 23:44:34 [INFO]: Waiting 12.0s before next video...
2025-10-04 23:44:46 [INFO]: 
[93/104] Processing: https://www.instagram.com/techtiff.ai/reel/DHok5a7Sx0y/
2025-10-04 23:44:46 [INFO]: ============================================================
2025-10-04 23:44:46 [INFO]: Instagram Video Transcription Pipeline
2025-10-04 23:44:46 [INFO]: ============================================================
2025-10-04 23:44:46 [INFO]: URL: https://www.instagram.com/techtiff.ai/reel/DHok5a7Sx0y/
2025-10-04 23:44:46 [INFO]: 
[1/5] Downloading Instagram video...
2025-10-04 23:44:47 [INFO]: Downloading Instagram video with yt-dlp: https://www.instagram.com/techtiff.ai/reel/DHok5a7Sx0y/
2025-10-04 23:44:47 [INFO]: Output: downloads/videos/DHok5a7Sx0y.mp4
2025-10-04 23:44:49 [INFO]: ✓ Video downloaded successfully with yt-dlp
2025-10-04 23:44:49 [INFO]: ✓ Video downloaded: downloads/videos/DHok5a7Sx0y.mp4
2025-10-04 23:44:49 [INFO]: 
[2/5] Extracting audio from video...
2025-10-04 23:44:49 [INFO]: Extracting audio from: downloads/videos/DHok5a7Sx0y.mp4
2025-10-04 23:44:49 [INFO]: Output audio file: downloads/audio/DHok5a7Sx0y.wav
2025-10-04 23:44:49 [INFO]: Format: wav, Sample rate: 16000Hz, Channels: 1
2025-10-04 23:44:49 [INFO]: Audio extraction completed successfully
2025-10-04 23:44:49 [INFO]: ✓ Audio extracted: downloads/audio/DHok5a7Sx0y.wav
2025-10-04 23:44:49 [INFO]:   Duration: 5.69s
2025-10-04 23:44:49 [INFO]:   Sample Rate: 16000Hz
2025-10-04 23:44:49 [INFO]:   Channels: 1
2025-10-04 23:44:49 [INFO]: 
[3/5] Transcribing audio...
2025-10-04 23:44:49 [INFO]: Transcription method: auto
2025-10-04 23:44:49 [INFO]: Using Whisper CLI...
2025-10-04 23:44:49 [INFO]: Transcribing with Whisper CLI: downloads/audio/DHok5a7Sx0y.wav
2025-10-04 23:44:51 [INFO]: Transcription with timestamps completed
2025-10-04 23:44:51 [INFO]: ✓ Transcription completed
2025-10-04 23:44:51 [INFO]:   Text length: 24 characters
2025-10-04 23:44:51 [INFO]:   Segments: 1
2025-10-04 23:44:51 [INFO]: 
[4/5] AI Processing with Ollama...
2025-10-04 23:44:51 [INFO]: Found 3 Ollama models
2025-10-04 23:44:51 [INFO]:   Available models: deepseek-r1:14b, dimavz/whisper-tiny:latest, gemma3:4b
2025-10-04 23:44:51 [INFO]:   Generating summary...
2025-10-04 23:44:51 [INFO]: Generating with Ollama model: gemma3:4b
2025-10-04 23:44:53 [INFO]: Generation completed
2025-10-04 23:44:53 [INFO]: 
--- SUMMARY ---
Please provide the video transcription! I need the text of the video to be able to summarize it for you. 😊 

Once you paste the transcription here, I’ll give you a concise summary of the main points and key takeaways.

2025-10-04 23:44:53 [INFO]:   Extracting key topics...
2025-10-04 23:44:53 [INFO]: Generating with Ollama model: gemma3:4b
2025-10-04 23:44:55 [INFO]: Generation completed
2025-10-04 23:44:55 [INFO]: 
--- KEY TOPICS ---
Please provide me with the video transcription! I need the text of the transcription to be able to extract the main topics and themes and list them as bullet points. 😊 

Once you paste the transcription here, I’ll be happy to help you.

2025-10-04 23:44:55 [INFO]: 
[5/5] Writing results to CSV...
2025-10-04 23:44:55 [INFO]: Writing Notion-friendly CSV: ./output/transcriptions-notion.csv
2025-10-04 23:44:55 [INFO]: Successfully wrote video to Notion CSV
2025-10-04 23:44:55 [INFO]: ✓ Notion CSV written: ./output/transcriptions-notion.csv
2025-10-04 23:44:55 [INFO]: 
============================================================
2025-10-04 23:44:55 [INFO]: ✓ Pipeline completed successfully
2025-10-04 23:44:55 [INFO]:   Total time: 8.97s
2025-10-04 23:44:55 [INFO]: ============================================================
2025-10-04 23:44:55 [INFO]: ✓ Success
2025-10-04 23:44:55 [INFO]: Waiting 12.0s before next video...
2025-10-04 23:45:07 [INFO]: 
[94/104] Processing: https://www.instagram.com/techtiff.ai/reel/DHohj9hybOF/
2025-10-04 23:45:07 [INFO]: ============================================================
2025-10-04 23:45:07 [INFO]: Instagram Video Transcription Pipeline
2025-10-04 23:45:07 [INFO]: ============================================================
2025-10-04 23:45:07 [INFO]: URL: https://www.instagram.com/techtiff.ai/reel/DHohj9hybOF/
2025-10-04 23:45:07 [INFO]: 
[1/5] Downloading Instagram video...
2025-10-04 23:45:08 [INFO]: Downloading Instagram video with yt-dlp: https://www.instagram.com/techtiff.ai/reel/DHohj9hybOF/
2025-10-04 23:45:08 [INFO]: Output: downloads/videos/DHohj9hybOF.mp4
2025-10-04 23:45:09 [INFO]: ✓ Video downloaded successfully with yt-dlp
2025-10-04 23:45:09 [INFO]: ✓ Video downloaded: downloads/videos/DHohj9hybOF.mp4
2025-10-04 23:45:09 [INFO]: 
[2/5] Extracting audio from video...
2025-10-04 23:45:09 [INFO]: Extracting audio from: downloads/videos/DHohj9hybOF.mp4
2025-10-04 23:45:09 [INFO]: Output audio file: downloads/audio/DHohj9hybOF.wav
2025-10-04 23:45:09 [INFO]: Format: wav, Sample rate: 16000Hz, Channels: 1
2025-10-04 23:45:09 [INFO]: Audio extraction completed successfully
2025-10-04 23:45:09 [INFO]: ✓ Audio extracted: downloads/audio/DHohj9hybOF.wav
2025-10-04 23:45:09 [INFO]:   Duration: 4.34s
2025-10-04 23:45:09 [INFO]:   Sample Rate: 16000Hz
2025-10-04 23:45:09 [INFO]:   Channels: 1
2025-10-04 23:45:09 [INFO]: 
[3/5] Transcribing audio...
2025-10-04 23:45:09 [INFO]: Transcription method: auto
2025-10-04 23:45:09 [INFO]: Using Whisper CLI...
2025-10-04 23:45:09 [INFO]: Transcribing with Whisper CLI: downloads/audio/DHohj9hybOF.wav
2025-10-04 23:45:12 [INFO]: Transcription with timestamps completed
2025-10-04 23:45:12 [INFO]: ✓ Transcription completed
2025-10-04 23:45:12 [INFO]:   Text length: 21 characters
2025-10-04 23:45:12 [INFO]:   Segments: 1
2025-10-04 23:45:12 [INFO]: 
[4/5] AI Processing with Ollama...
2025-10-04 23:45:12 [INFO]: Found 3 Ollama models
2025-10-04 23:45:12 [INFO]:   Available models: deepseek-r1:14b, dimavz/whisper-tiny:latest, gemma3:4b
2025-10-04 23:45:12 [INFO]:   Generating summary...
2025-10-04 23:45:12 [INFO]: Generating with Ollama model: gemma3:4b
2025-10-04 23:45:15 [INFO]: Generation completed
2025-10-04 23:45:15 [INFO]: 
--- SUMMARY ---
Please provide the video transcription! I need the text of the video to be able to summarize it for you. 😊 

Once you paste the transcription here, I’ll do my best to give you a concise summary of the main points and key takeaways.

2025-10-04 23:45:15 [INFO]:   Extracting key topics...
2025-10-04 23:45:15 [INFO]: Generating with Ollama model: gemma3:4b
2025-10-04 23:45:17 [INFO]: Generation completed
2025-10-04 23:45:17 [INFO]: 
--- KEY TOPICS ---
Please provide the video transcription! I need the text of the transcription to be able to extract the main topics and themes and list them as bullet points. 😊 

Once you paste the transcription here, I’ll be happy to help.

2025-10-04 23:45:17 [INFO]: 
[5/5] Writing results to CSV...
2025-10-04 23:45:17 [INFO]: Writing Notion-friendly CSV: ./output/transcriptions-notion.csv
2025-10-04 23:45:17 [INFO]: Successfully wrote video to Notion CSV
2025-10-04 23:45:17 [INFO]: ✓ Notion CSV written: ./output/transcriptions-notion.csv
2025-10-04 23:45:17 [INFO]: 
============================================================
2025-10-04 23:45:17 [INFO]: ✓ Pipeline completed successfully
2025-10-04 23:45:17 [INFO]:   Total time: 9.39s
2025-10-04 23:45:17 [INFO]: ============================================================
2025-10-04 23:45:17 [INFO]: ✓ Success
2025-10-04 23:45:17 [INFO]: Waiting 12.0s before next video...
2025-10-04 23:45:29 [INFO]: 
[95/104] Processing: https://www.instagram.com/techtiff.ai/reel/DHmYhpMy4A2/
2025-10-04 23:45:29 [INFO]: ============================================================
2025-10-04 23:45:29 [INFO]: Instagram Video Transcription Pipeline
2025-10-04 23:45:29 [INFO]: ============================================================
2025-10-04 23:45:29 [INFO]: URL: https://www.instagram.com/techtiff.ai/reel/DHmYhpMy4A2/
2025-10-04 23:45:29 [INFO]: 
[1/5] Downloading Instagram video...
2025-10-04 23:45:29 [INFO]: Downloading Instagram video with yt-dlp: https://www.instagram.com/techtiff.ai/reel/DHmYhpMy4A2/
2025-10-04 23:45:29 [INFO]: Output: downloads/videos/DHmYhpMy4A2.mp4
2025-10-04 23:45:31 [INFO]: ✓ Video downloaded successfully with yt-dlp
2025-10-04 23:45:31 [INFO]: ✓ Video downloaded: downloads/videos/DHmYhpMy4A2.mp4
2025-10-04 23:45:31 [INFO]: 
[2/5] Extracting audio from video...
2025-10-04 23:45:31 [INFO]: Extracting audio from: downloads/videos/DHmYhpMy4A2.mp4
2025-10-04 23:45:31 [INFO]: Output audio file: downloads/audio/DHmYhpMy4A2.wav
2025-10-04 23:45:31 [INFO]: Format: wav, Sample rate: 16000Hz, Channels: 1
2025-10-04 23:45:31 [INFO]: Audio extraction completed successfully
2025-10-04 23:45:31 [INFO]: ✓ Audio extracted: downloads/audio/DHmYhpMy4A2.wav
2025-10-04 23:45:31 [INFO]:   Duration: 41.26s
2025-10-04 23:45:31 [INFO]:   Sample Rate: 16000Hz
2025-10-04 23:45:31 [INFO]:   Channels: 1
2025-10-04 23:45:31 [INFO]: 
[3/5] Transcribing audio...
2025-10-04 23:45:31 [INFO]: Transcription method: auto
2025-10-04 23:45:31 [INFO]: Using Whisper CLI...
2025-10-04 23:45:31 [INFO]: Transcribing with Whisper CLI: downloads/audio/DHmYhpMy4A2.wav
2025-10-04 23:45:35 [INFO]: Transcription with timestamps completed
2025-10-04 23:45:35 [INFO]: ✓ Transcription completed
2025-10-04 23:45:35 [INFO]:   Text length: 597 characters
2025-10-04 23:45:35 [INFO]:   Segments: 8
2025-10-04 23:45:35 [INFO]: 
[4/5] AI Processing with Ollama...
2025-10-04 23:45:35 [INFO]: Found 3 Ollama models
2025-10-04 23:45:35 [INFO]:   Available models: deepseek-r1:14b, dimavz/whisper-tiny:latest, gemma3:4b
2025-10-04 23:45:35 [INFO]:   Generating summary...
2025-10-04 23:45:35 [INFO]: Generating with Ollama model: gemma3:4b
2025-10-04 23:45:39 [INFO]: Generation completed
2025-10-04 23:45:39 [INFO]: 
--- SUMMARY ---
Here’s a concise summary of the video transcription:

The video explains how to get better responses from ChatGPT. The key takeaway is to **explicitly instruct ChatGPT by defining its role, providing context, and requesting the specific output you’re looking for.** Simply asking a vague question will likely result in generic answers.

2025-10-04 23:45:39 [INFO]:   Extracting key topics...
2025-10-04 23:45:39 [INFO]: Generating with Ollama model: gemma3:4b
2025-10-04 23:45:46 [INFO]: Generation completed
2025-10-04 23:45:46 [INFO]: 
--- KEY TOPICS ---
Here’s a breakdown of the main topics and themes discussed in the video transcription, presented as bullet points:

*   **ChatGPT Response Quality:** The core issue is the poor, generic responses ChatGPT was generating for the user.
*   **Prompt Engineering:** The video focuses on the importance of crafting effective prompts.
*   **Role-Playing/Persona Setting:**  Specifically, instructing ChatGPT to “act as” a social media expert.
*   **Providing Context:** The need to give ChatGPT background information and details about the user's situation.
*   **Specific Output Requests:** Emphasizing the importance of asking for the exact desired output format.
*   **“Spilling the Tea” – Encouraging Detailed Prompts:** The use of this phrase highlights the need for rich, detailed instructions.

Would you like me to elaborate on any of these points, or perhaps summarize the video’s overall message?

2025-10-04 23:45:46 [INFO]: 
[5/5] Writing results to CSV...
2025-10-04 23:45:46 [INFO]: Writing Notion-friendly CSV: ./output/transcriptions-notion.csv
2025-10-04 23:45:46 [INFO]: Successfully wrote video to Notion CSV
2025-10-04 23:45:46 [INFO]: ✓ Notion CSV written: ./output/transcriptions-notion.csv
2025-10-04 23:45:46 [INFO]: 
============================================================
2025-10-04 23:45:46 [INFO]: ✓ Pipeline completed successfully
2025-10-04 23:45:46 [INFO]:   Total time: 17.48s
2025-10-04 23:45:46 [INFO]: ============================================================
2025-10-04 23:45:46 [INFO]: ✓ Success
2025-10-04 23:45:46 [INFO]: Waiting 12.0s before next video...
2025-10-04 23:45:58 [INFO]: 
[96/104] Processing: https://www.instagram.com/techtiff.ai/reel/DHkT33ZRwux/
2025-10-04 23:45:58 [INFO]: ============================================================
2025-10-04 23:45:58 [INFO]: Instagram Video Transcription Pipeline
2025-10-04 23:45:58 [INFO]: ============================================================
2025-10-04 23:45:58 [INFO]: URL: https://www.instagram.com/techtiff.ai/reel/DHkT33ZRwux/
2025-10-04 23:45:58 [INFO]: 
[1/5] Downloading Instagram video...
2025-10-04 23:45:58 [INFO]: Downloading Instagram video with yt-dlp: https://www.instagram.com/techtiff.ai/reel/DHkT33ZRwux/
2025-10-04 23:45:58 [INFO]: Output: downloads/videos/DHkT33ZRwux.mp4
2025-10-04 23:46:01 [INFO]: ✓ Video downloaded successfully with yt-dlp
2025-10-04 23:46:01 [INFO]: ✓ Video downloaded: downloads/videos/DHkT33ZRwux.mp4
2025-10-04 23:46:01 [INFO]: 
[2/5] Extracting audio from video...
2025-10-04 23:46:01 [INFO]: Extracting audio from: downloads/videos/DHkT33ZRwux.mp4
2025-10-04 23:46:01 [INFO]: Output audio file: downloads/audio/DHkT33ZRwux.wav
2025-10-04 23:46:01 [INFO]: Format: wav, Sample rate: 16000Hz, Channels: 1
2025-10-04 23:46:01 [INFO]: Audio extraction completed successfully
2025-10-04 23:46:01 [INFO]: ✓ Audio extracted: downloads/audio/DHkT33ZRwux.wav
2025-10-04 23:46:01 [INFO]:   Duration: 39.13s
2025-10-04 23:46:01 [INFO]:   Sample Rate: 16000Hz
2025-10-04 23:46:01 [INFO]:   Channels: 1
2025-10-04 23:46:01 [INFO]: 
[3/5] Transcribing audio...
2025-10-04 23:46:01 [INFO]: Transcription method: auto
2025-10-04 23:46:01 [INFO]: Using Whisper CLI...
2025-10-04 23:46:01 [INFO]: Transcribing with Whisper CLI: downloads/audio/DHkT33ZRwux.wav
2025-10-04 23:46:04 [INFO]: Transcription with timestamps completed
2025-10-04 23:46:04 [INFO]: ✓ Transcription completed
2025-10-04 23:46:04 [INFO]:   Text length: 631 characters
2025-10-04 23:46:04 [INFO]:   Segments: 9
2025-10-04 23:46:04 [INFO]: 
[4/5] AI Processing with Ollama...
2025-10-04 23:46:04 [INFO]: Found 3 Ollama models
2025-10-04 23:46:04 [INFO]:   Available models: deepseek-r1:14b, dimavz/whisper-tiny:latest, gemma3:4b
2025-10-04 23:46:04 [INFO]:   Generating summary...
2025-10-04 23:46:04 [INFO]: Generating with Ollama model: gemma3:4b
2025-10-04 23:46:08 [INFO]: Generation completed
2025-10-04 23:46:08 [INFO]: 
--- SUMMARY ---
Here’s a concise summary of the video transcription:

This video introduces a system using ChatGPT to combat business stagnation. The core idea is to receive a weekly, low-effort, high-impact list of actions to move your business forward. ChatGPT acts as a personalized business coach, and the quality of the suggestions improves over time with repeated use. The video encourages viewers to try it and save the video for future reference when feeling stuck.

2025-10-04 23:46:08 [INFO]:   Extracting key topics...
2025-10-04 23:46:08 [INFO]: Generating with Ollama model: gemma3:4b
2025-10-04 23:46:14 [INFO]: Generation completed
2025-10-04 23:46:14 [INFO]: 
--- KEY TOPICS ---
Here’s a breakdown of the main topics and themes discussed in the video transcription, presented as bullet points:

*   **Feeling Stuck/Lack of Business Momentum:** The video directly addresses the feeling of being stuck and the desire to move a business forward.
*   **ChatGPT as a Business Coach:** The core concept is using ChatGPT as a weekly tool to provide actionable steps.
*   **Low-Effort, High-Impact Actions:** The video focuses on identifying and implementing simple, effective tasks.
*   **Weekly Review & Iteration:** The system emphasizes a weekly review process with ChatGPT’s responses improving over time.
*   **Combatting Negative Habits:** The video suggests an alternative to unproductive behaviors like doomscrolling and inbox overwhelm.

Would you like me to elaborate on any of these points or perhaps identify any underlying themes (e.g., productivity, self-improvement, leveraging AI)?

2025-10-04 23:46:14 [INFO]: 
[5/5] Writing results to CSV...
2025-10-04 23:46:14 [INFO]: Writing Notion-friendly CSV: ./output/transcriptions-notion.csv
2025-10-04 23:46:14 [INFO]: Successfully wrote video to Notion CSV
2025-10-04 23:46:14 [INFO]: ✓ Notion CSV written: ./output/transcriptions-notion.csv
2025-10-04 23:46:14 [INFO]: 
============================================================
2025-10-04 23:46:14 [INFO]: ✓ Pipeline completed successfully
2025-10-04 23:46:14 [INFO]:   Total time: 16.26s
2025-10-04 23:46:14 [INFO]: ============================================================
2025-10-04 23:46:14 [INFO]: ✓ Success
2025-10-04 23:46:14 [INFO]: Waiting 12.0s before next video...
2025-10-04 23:46:26 [INFO]: 
[97/104] Processing: https://www.instagram.com/techtiff.ai/reel/DHcCjYuScwa/
2025-10-04 23:46:26 [INFO]: ============================================================
2025-10-04 23:46:26 [INFO]: Instagram Video Transcription Pipeline
2025-10-04 23:46:26 [INFO]: ============================================================
2025-10-04 23:46:26 [INFO]: URL: https://www.instagram.com/techtiff.ai/reel/DHcCjYuScwa/
2025-10-04 23:46:26 [INFO]: 
[1/5] Downloading Instagram video...
2025-10-04 23:46:27 [INFO]: Downloading Instagram video with yt-dlp: https://www.instagram.com/techtiff.ai/reel/DHcCjYuScwa/
2025-10-04 23:46:27 [INFO]: Output: downloads/videos/DHcCjYuScwa.mp4
2025-10-04 23:46:29 [INFO]: ✓ Video downloaded successfully with yt-dlp
2025-10-04 23:46:29 [INFO]: ✓ Video downloaded: downloads/videos/DHcCjYuScwa.mp4
2025-10-04 23:46:29 [INFO]: 
[2/5] Extracting audio from video...
2025-10-04 23:46:29 [INFO]: Extracting audio from: downloads/videos/DHcCjYuScwa.mp4
2025-10-04 23:46:29 [INFO]: Output audio file: downloads/audio/DHcCjYuScwa.wav
2025-10-04 23:46:29 [INFO]: Format: wav, Sample rate: 16000Hz, Channels: 1
2025-10-04 23:46:29 [INFO]: Audio extraction completed successfully
2025-10-04 23:46:29 [INFO]: ✓ Audio extracted: downloads/audio/DHcCjYuScwa.wav
2025-10-04 23:46:29 [INFO]:   Duration: 50.64s
2025-10-04 23:46:29 [INFO]:   Sample Rate: 16000Hz
2025-10-04 23:46:29 [INFO]:   Channels: 1
2025-10-04 23:46:29 [INFO]: 
[3/5] Transcribing audio...
2025-10-04 23:46:29 [INFO]: Transcription method: auto
2025-10-04 23:46:29 [INFO]: Using Whisper CLI...
2025-10-04 23:46:29 [INFO]: Transcribing with Whisper CLI: downloads/audio/DHcCjYuScwa.wav
2025-10-04 23:46:33 [INFO]: Transcription with timestamps completed
2025-10-04 23:46:33 [INFO]: ✓ Transcription completed
2025-10-04 23:46:33 [INFO]:   Text length: 838 characters
2025-10-04 23:46:33 [INFO]:   Segments: 11
2025-10-04 23:46:33 [INFO]: 
[4/5] AI Processing with Ollama...
2025-10-04 23:46:33 [INFO]: Found 3 Ollama models
2025-10-04 23:46:33 [INFO]:   Available models: deepseek-r1:14b, dimavz/whisper-tiny:latest, gemma3:4b
2025-10-04 23:46:33 [INFO]:   Generating summary...
2025-10-04 23:46:33 [INFO]: Generating with Ollama model: gemma3:4b
2025-10-04 23:46:37 [INFO]: Generation completed
2025-10-04 23:46:37 [INFO]: 
--- SUMMARY ---
Here’s a concise summary of the video transcription:

The video highlights a key feature of the ChatGPT app: **personalization settings.** ChatGPT currently forgets your previous conversations, requiring you to reintroduce yourself each time. To improve responses and tailor them to your specific needs (business, workflow, style), you need to **adjust the settings** within the app by adding details about yourself and ongoing projects. This allows for more relevant and detailed responses without constant repetition.

2025-10-04 23:46:37 [INFO]:   Extracting key topics...
2025-10-04 23:46:37 [INFO]: Generating with Ollama model: gemma3:4b
2025-10-04 23:46:43 [INFO]: Generation completed
2025-10-04 23:46:43 [INFO]: 
--- KEY TOPICS ---
Here’s a breakdown of the main topics and themes discussed in the video transcription:

*   **ChatGPT Settings Adjustment:** The primary focus is on adjusting settings within the ChatGPT app.
*   **Memory Loss:** A key point is that ChatGPT forgets previous conversations and requires users to reintroduce themselves each time.
*   **Personalization Settings:** The video emphasizes the importance of utilizing personalization settings within the app.
*   **Detailed Input:** The need to provide ChatGPT with specific details about the user’s identity, desired response style, and ongoing projects.
*   **Customized Responses:** The goal is to achieve responses tailored to the user's business, workflow, and individual style.

Would you like me to elaborate on any of these points or perhaps identify any underlying themes (e.g., efficiency, user experience)?

2025-10-04 23:46:43 [INFO]: 
[5/5] Writing results to CSV...
2025-10-04 23:46:43 [INFO]: Writing Notion-friendly CSV: ./output/transcriptions-notion.csv
2025-10-04 23:46:43 [INFO]: Successfully wrote video to Notion CSV
2025-10-04 23:46:43 [INFO]: ✓ Notion CSV written: ./output/transcriptions-notion.csv
2025-10-04 23:46:43 [INFO]: 
============================================================
2025-10-04 23:46:43 [INFO]: ✓ Pipeline completed successfully
2025-10-04 23:46:43 [INFO]:   Total time: 16.37s
2025-10-04 23:46:43 [INFO]: ============================================================
2025-10-04 23:46:43 [INFO]: ✓ Success
2025-10-04 23:46:43 [INFO]: Waiting 12.0s before next video...
2025-10-04 23:46:55 [INFO]: 
[98/104] Processing: https://www.instagram.com/techtiff.ai/reel/DHb5amQy__n/
2025-10-04 23:46:55 [INFO]: ============================================================
2025-10-04 23:46:55 [INFO]: Instagram Video Transcription Pipeline
2025-10-04 23:46:55 [INFO]: ============================================================
2025-10-04 23:46:55 [INFO]: URL: https://www.instagram.com/techtiff.ai/reel/DHb5amQy__n/
2025-10-04 23:46:55 [INFO]: 
[1/5] Downloading Instagram video...
2025-10-04 23:46:55 [INFO]: Downloading Instagram video with yt-dlp: https://www.instagram.com/techtiff.ai/reel/DHb5amQy__n/
2025-10-04 23:46:55 [INFO]: Output: downloads/videos/DHb5amQy__n.mp4
2025-10-04 23:46:57 [INFO]: ✓ Video downloaded successfully with yt-dlp
2025-10-04 23:46:57 [INFO]: ✓ Video downloaded: downloads/videos/DHb5amQy__n.mp4
2025-10-04 23:46:57 [INFO]: 
[2/5] Extracting audio from video...
2025-10-04 23:46:57 [INFO]: Extracting audio from: downloads/videos/DHb5amQy__n.mp4
2025-10-04 23:46:57 [INFO]: Output audio file: downloads/audio/DHb5amQy__n.wav
2025-10-04 23:46:57 [INFO]: Format: wav, Sample rate: 16000Hz, Channels: 1
2025-10-04 23:46:57 [INFO]: Audio extraction completed successfully
2025-10-04 23:46:57 [INFO]: ✓ Audio extracted: downloads/audio/DHb5amQy__n.wav
2025-10-04 23:46:57 [INFO]:   Duration: 8.43s
2025-10-04 23:46:57 [INFO]:   Sample Rate: 16000Hz
2025-10-04 23:46:57 [INFO]:   Channels: 1
2025-10-04 23:46:57 [INFO]: 
[3/5] Transcribing audio...
2025-10-04 23:46:57 [INFO]: Transcription method: auto
2025-10-04 23:46:57 [INFO]: Using Whisper CLI...
2025-10-04 23:46:57 [INFO]: Transcribing with Whisper CLI: downloads/audio/DHb5amQy__n.wav
2025-10-04 23:46:58 [INFO]: Transcription with timestamps completed
2025-10-04 23:46:58 [INFO]: ✓ Transcription completed
2025-10-04 23:46:58 [INFO]:   Text length: 0 characters
2025-10-04 23:46:58 [INFO]:   Segments: 0
2025-10-04 23:46:58 [INFO]: 
[4/5] AI Processing with Ollama...
2025-10-04 23:46:58 [INFO]: Found 3 Ollama models
2025-10-04 23:46:58 [INFO]:   Available models: deepseek-r1:14b, dimavz/whisper-tiny:latest, gemma3:4b
2025-10-04 23:46:58 [INFO]:   Generating summary...
2025-10-04 23:46:58 [INFO]: Generating with Ollama model: gemma3:4b
2025-10-04 23:47:00 [INFO]: Generation completed
2025-10-04 23:47:00 [INFO]: 
--- SUMMARY ---
Please provide the video transcription! I need the text of the video to be able to summarize it for you. 😊 

Once you paste the transcription here, I’ll do my best to give you a concise summary of the main points and key takeaways.

2025-10-04 23:47:00 [INFO]:   Extracting key topics...
2025-10-04 23:47:00 [INFO]: Generating with Ollama model: gemma3:4b
2025-10-04 23:47:02 [INFO]: Generation completed
2025-10-04 23:47:02 [INFO]: 
--- KEY TOPICS ---
Please provide me with the video transcription! I need the text of the transcription to be able to extract the main topics and themes and list them as bullet points. 😊 

Once you paste the transcription here, I’ll do my best to analyze it for you.

2025-10-04 23:47:02 [INFO]: 
[5/5] Writing results to CSV...
2025-10-04 23:47:02 [INFO]: Writing Notion-friendly CSV: ./output/transcriptions-notion.csv
2025-10-04 23:47:02 [INFO]: Successfully wrote video to Notion CSV
2025-10-04 23:47:02 [INFO]: ✓ Notion CSV written: ./output/transcriptions-notion.csv
2025-10-04 23:47:02 [INFO]: 
============================================================
2025-10-04 23:47:02 [INFO]: ✓ Pipeline completed successfully
2025-10-04 23:47:02 [INFO]:   Total time: 7.17s
2025-10-04 23:47:02 [INFO]: ============================================================
2025-10-04 23:47:02 [INFO]: ✓ Success
2025-10-04 23:47:02 [INFO]: Waiting 12.0s before next video...
2025-10-04 23:47:14 [INFO]: 
[99/104] Processing: https://www.instagram.com/techtiff.ai/reel/DHWhVs5SYhA/
2025-10-04 23:47:14 [INFO]: ============================================================
2025-10-04 23:47:14 [INFO]: Instagram Video Transcription Pipeline
2025-10-04 23:47:14 [INFO]: ============================================================
2025-10-04 23:47:14 [INFO]: URL: https://www.instagram.com/techtiff.ai/reel/DHWhVs5SYhA/
2025-10-04 23:47:14 [INFO]: 
[1/5] Downloading Instagram video...
2025-10-04 23:47:14 [INFO]: Downloading Instagram video with yt-dlp: https://www.instagram.com/techtiff.ai/reel/DHWhVs5SYhA/
2025-10-04 23:47:14 [INFO]: Output: downloads/videos/DHWhVs5SYhA.mp4
2025-10-04 23:47:16 [INFO]: ✓ Video downloaded successfully with yt-dlp
2025-10-04 23:47:16 [INFO]: ✓ Video downloaded: downloads/videos/DHWhVs5SYhA.mp4
2025-10-04 23:47:16 [INFO]: 
[2/5] Extracting audio from video...
2025-10-04 23:47:16 [INFO]: Extracting audio from: downloads/videos/DHWhVs5SYhA.mp4
2025-10-04 23:47:16 [INFO]: Output audio file: downloads/audio/DHWhVs5SYhA.wav
2025-10-04 23:47:16 [INFO]: Format: wav, Sample rate: 16000Hz, Channels: 1
2025-10-04 23:47:16 [INFO]: Audio extraction completed successfully
2025-10-04 23:47:16 [INFO]: ✓ Audio extracted: downloads/audio/DHWhVs5SYhA.wav
2025-10-04 23:47:16 [INFO]:   Duration: 70.57s
2025-10-04 23:47:16 [INFO]:   Sample Rate: 16000Hz
2025-10-04 23:47:16 [INFO]:   Channels: 1
2025-10-04 23:47:16 [INFO]: 
[3/5] Transcribing audio...
2025-10-04 23:47:16 [INFO]: Transcription method: auto
2025-10-04 23:47:16 [INFO]: Using Whisper CLI...
2025-10-04 23:47:16 [INFO]: Transcribing with Whisper CLI: downloads/audio/DHWhVs5SYhA.wav
2025-10-04 23:47:21 [INFO]: Transcription with timestamps completed
2025-10-04 23:47:21 [INFO]: ✓ Transcription completed
2025-10-04 23:47:21 [INFO]:   Text length: 1044 characters
2025-10-04 23:47:21 [INFO]:   Segments: 14
2025-10-04 23:47:21 [INFO]: 
[4/5] AI Processing with Ollama...
2025-10-04 23:47:21 [INFO]: Found 3 Ollama models
2025-10-04 23:47:21 [INFO]:   Available models: deepseek-r1:14b, dimavz/whisper-tiny:latest, gemma3:4b
2025-10-04 23:47:21 [INFO]:   Generating summary...
2025-10-04 23:47:21 [INFO]: Generating with Ollama model: gemma3:4b
2025-10-04 23:47:25 [INFO]: Generation completed
2025-10-04 23:47:25 [INFO]: 
--- SUMMARY ---
Here’s a concise summary of the video transcription:

ChatGPT’s responses can be inaccurate if you don’t provide sufficient context. To get better results, you need to “introduce yourself” by giving ChatGPT detailed information about your needs. Specifically, ask it questions about your business (what you do, unique value), your target audience (pain points, desires), your brand voice, marketing goals, and content requirements. Asking these questions upfront ensures ChatGPT generates content that’s perfectly aligned with your specific needs.

2025-10-04 23:47:25 [INFO]:   Extracting key topics...
2025-10-04 23:47:25 [INFO]: Generating with Ollama model: gemma3:4b
2025-10-04 23:47:34 [INFO]: Generation completed
2025-10-04 23:47:34 [INFO]: 
--- KEY TOPICS ---
Here’s a breakdown of the main topics and themes discussed in the video transcription, presented as bullet points:

*   **Improving ChatGPT Responses:** The core topic is how to get better, more relevant responses from ChatGPT.
*   **Prompt Engineering:** The video focuses on the importance of crafting effective prompts.
*   **Detailed Questioning:** Specifically, the need to ask ChatGPT key questions to understand your needs.
*   **Key Question Categories:**
    *   Business Overview (What you do, unique value, products)
    *   Target Audience (Pain points, needs, what they seek)
    *   Brand Voice & Style
    *   Marketing Goals
    *   Content Requirements (Format, platform, constraints)
*   **Iterative Questioning:** The importance of asking follow-up questions to clarify any ambiguity.

Would you like me to elaborate on any of these points or perhaps summarize the overall message of the video?

2025-10-04 23:47:34 [INFO]: 
[5/5] Writing results to CSV...
2025-10-04 23:47:34 [INFO]: Writing Notion-friendly CSV: ./output/transcriptions-notion.csv
2025-10-04 23:47:34 [INFO]: Successfully wrote video to Notion CSV
2025-10-04 23:47:34 [INFO]: ✓ Notion CSV written: ./output/transcriptions-notion.csv
2025-10-04 23:47:34 [INFO]: 
============================================================
2025-10-04 23:47:34 [INFO]: ✓ Pipeline completed successfully
2025-10-04 23:47:34 [INFO]:   Total time: 19.64s
2025-10-04 23:47:34 [INFO]: ============================================================
2025-10-04 23:47:34 [INFO]: ✓ Success
2025-10-04 23:47:34 [INFO]: Waiting 12.0s before next video...
2025-10-04 23:47:46 [INFO]: 
[100/104] Processing: https://www.instagram.com/techtiff.ai/reel/DHUn6cfvQZe/
2025-10-04 23:47:46 [INFO]: ============================================================
2025-10-04 23:47:46 [INFO]: Instagram Video Transcription Pipeline
2025-10-04 23:47:46 [INFO]: ============================================================
2025-10-04 23:47:46 [INFO]: URL: https://www.instagram.com/techtiff.ai/reel/DHUn6cfvQZe/
2025-10-04 23:47:46 [INFO]: 
[1/5] Downloading Instagram video...
2025-10-04 23:47:46 [INFO]: Downloading Instagram video with yt-dlp: https://www.instagram.com/techtiff.ai/reel/DHUn6cfvQZe/
2025-10-04 23:47:46 [INFO]: Output: downloads/videos/DHUn6cfvQZe.mp4
2025-10-04 23:47:48 [INFO]: ✓ Video downloaded successfully with yt-dlp
2025-10-04 23:47:48 [INFO]: ✓ Video downloaded: downloads/videos/DHUn6cfvQZe.mp4
2025-10-04 23:47:48 [INFO]: 
[2/5] Extracting audio from video...
2025-10-04 23:47:48 [INFO]: Extracting audio from: downloads/videos/DHUn6cfvQZe.mp4
2025-10-04 23:47:48 [INFO]: Output audio file: downloads/audio/DHUn6cfvQZe.wav
2025-10-04 23:47:48 [INFO]: Format: wav, Sample rate: 16000Hz, Channels: 1
2025-10-04 23:47:48 [INFO]: Audio extraction completed successfully
2025-10-04 23:47:48 [INFO]: ✓ Audio extracted: downloads/audio/DHUn6cfvQZe.wav
2025-10-04 23:47:48 [INFO]:   Duration: 51.81s
2025-10-04 23:47:48 [INFO]:   Sample Rate: 16000Hz
2025-10-04 23:47:48 [INFO]:   Channels: 1
2025-10-04 23:47:48 [INFO]: 
[3/5] Transcribing audio...
2025-10-04 23:47:48 [INFO]: Transcription method: auto
2025-10-04 23:47:48 [INFO]: Using Whisper CLI...
2025-10-04 23:47:48 [INFO]: Transcribing with Whisper CLI: downloads/audio/DHUn6cfvQZe.wav
2025-10-04 23:47:52 [INFO]: Transcription with timestamps completed
2025-10-04 23:47:52 [INFO]: ✓ Transcription completed
2025-10-04 23:47:52 [INFO]:   Text length: 867 characters
2025-10-04 23:47:52 [INFO]:   Segments: 17
2025-10-04 23:47:52 [INFO]: 
[4/5] AI Processing with Ollama...
2025-10-04 23:47:52 [INFO]: Found 3 Ollama models
2025-10-04 23:47:52 [INFO]:   Available models: deepseek-r1:14b, dimavz/whisper-tiny:latest, gemma3:4b
2025-10-04 23:47:52 [INFO]:   Generating summary...
2025-10-04 23:47:52 [INFO]: Generating with Ollama model: gemma3:4b
2025-10-04 23:47:56 [INFO]: Generation completed
2025-10-04 23:47:56 [INFO]: 
--- SUMMARY ---
Here’s a concise summary of the video transcription:

This video demonstrates how to automate email management using Make.com and OpenAI. You can set up a Make.com scenario to trigger on new emails, send the email content to ChatGPT for a draft response, and then automatically create a draft email in your desired folder. You can even schedule this process to run at specific times. Essentially, it streamlines your inbox by letting AI generate draft replies for you.

2025-10-04 23:47:56 [INFO]:   Extracting key topics...
2025-10-04 23:47:56 [INFO]: Generating with Ollama model: gemma3:4b
2025-10-04 23:48:03 [INFO]: Generation completed
2025-10-04 23:48:03 [INFO]: 
--- KEY TOPICS ---
Here’s a breakdown of the main topics and themes discussed in the video transcription, presented as bullet points:

*   **Email Automation with AI:** The core topic is using artificial intelligence to automate email workflows.
*   **Make.com Platform:** The video specifically demonstrates using the Make.com platform for this automation.
*   **Gmail Integration:** The video focuses on utilizing Gmail as the trigger and recipient for the automated emails.
*   **ChatGPT Integration:** Utilizing the OpenAI ChatGPT module to generate email drafts based on the incoming email content.
*   **Workflow Automation:** The overall process of triggering an action (draft creation) based on incoming emails.
*   **Time Savings & Productivity:** The video hints at the benefit of freeing up time by automating inbox tasks.

Would you like me to elaborate on any of these points or perhaps summarize the video’s overall message?

2025-10-04 23:48:03 [INFO]: 
[5/5] Writing results to CSV...
2025-10-04 23:48:03 [INFO]: Writing Notion-friendly CSV: ./output/transcriptions-notion.csv
2025-10-04 23:48:03 [INFO]: Successfully wrote video to Notion CSV
2025-10-04 23:48:03 [INFO]: ✓ Notion CSV written: ./output/transcriptions-notion.csv
2025-10-04 23:48:03 [INFO]: 
============================================================
2025-10-04 23:48:03 [INFO]: ✓ Pipeline completed successfully
2025-10-04 23:48:03 [INFO]:   Total time: 17.79s
2025-10-04 23:48:03 [INFO]: ============================================================
2025-10-04 23:48:03 [INFO]: ✓ Success
2025-10-04 23:48:03 [INFO]: Waiting 12.0s before next video...
2025-10-04 23:48:15 [INFO]: 
[101/104] Processing: https://www.instagram.com/techtiff.ai/reel/DHTlcgQJeJ0/
2025-10-04 23:48:15 [INFO]: ============================================================
2025-10-04 23:48:15 [INFO]: Instagram Video Transcription Pipeline
2025-10-04 23:48:15 [INFO]: ============================================================
2025-10-04 23:48:15 [INFO]: URL: https://www.instagram.com/techtiff.ai/reel/DHTlcgQJeJ0/
2025-10-04 23:48:15 [INFO]: 
[1/5] Downloading Instagram video...
2025-10-04 23:48:16 [INFO]: Downloading Instagram video with yt-dlp: https://www.instagram.com/techtiff.ai/reel/DHTlcgQJeJ0/
2025-10-04 23:48:16 [INFO]: Output: downloads/videos/DHTlcgQJeJ0.mp4
2025-10-04 23:48:18 [INFO]: ✓ Video downloaded successfully with yt-dlp
2025-10-04 23:48:18 [INFO]: ✓ Video downloaded: downloads/videos/DHTlcgQJeJ0.mp4
2025-10-04 23:48:18 [INFO]: 
[2/5] Extracting audio from video...
2025-10-04 23:48:18 [INFO]: Extracting audio from: downloads/videos/DHTlcgQJeJ0.mp4
2025-10-04 23:48:18 [INFO]: Output audio file: downloads/audio/DHTlcgQJeJ0.wav
2025-10-04 23:48:18 [INFO]: Format: wav, Sample rate: 16000Hz, Channels: 1
2025-10-04 23:48:18 [INFO]: Audio extraction completed successfully
2025-10-04 23:48:18 [INFO]: ✓ Audio extracted: downloads/audio/DHTlcgQJeJ0.wav
2025-10-04 23:48:18 [INFO]:   Duration: 15.40s
2025-10-04 23:48:18 [INFO]:   Sample Rate: 16000Hz
2025-10-04 23:48:18 [INFO]:   Channels: 1
2025-10-04 23:48:18 [INFO]: 
[3/5] Transcribing audio...
2025-10-04 23:48:18 [INFO]: Transcription method: auto
2025-10-04 23:48:18 [INFO]: Using Whisper CLI...
2025-10-04 23:48:18 [INFO]: Transcribing with Whisper CLI: downloads/audio/DHTlcgQJeJ0.wav
2025-10-04 23:48:20 [INFO]: Transcription with timestamps completed
2025-10-04 23:48:20 [INFO]: ✓ Transcription completed
2025-10-04 23:48:20 [INFO]:   Text length: 0 characters
2025-10-04 23:48:20 [INFO]:   Segments: 0
2025-10-04 23:48:20 [INFO]: 
[4/5] AI Processing with Ollama...
2025-10-04 23:48:20 [INFO]: Found 3 Ollama models
2025-10-04 23:48:20 [INFO]:   Available models: deepseek-r1:14b, dimavz/whisper-tiny:latest, gemma3:4b
2025-10-04 23:48:20 [INFO]:   Generating summary...
2025-10-04 23:48:20 [INFO]: Generating with Ollama model: gemma3:4b
2025-10-04 23:48:22 [INFO]: Generation completed
2025-10-04 23:48:22 [INFO]: 
--- SUMMARY ---
Please provide me with the video transcription! I need the text of the transcription to be able to summarize it for you. 😊 

Once you paste the transcription here, I’ll do my best to give you a concise summary of the main points and key takeaways.

2025-10-04 23:48:22 [INFO]:   Extracting key topics...
2025-10-04 23:48:22 [INFO]: Generating with Ollama model: gemma3:4b
2025-10-04 23:48:24 [INFO]: Generation completed
2025-10-04 23:48:24 [INFO]: 
--- KEY TOPICS ---
Please provide me with the video transcription! I need the text of the transcription to be able to extract the main topics and themes and list them as bullet points. 😊 

Once you paste the transcription here, I’ll do my best to analyze it and give you the list you requested.

2025-10-04 23:48:24 [INFO]: 
[5/5] Writing results to CSV...
2025-10-04 23:48:24 [INFO]: Writing Notion-friendly CSV: ./output/transcriptions-notion.csv
2025-10-04 23:48:24 [INFO]: Successfully wrote video to Notion CSV
2025-10-04 23:48:24 [INFO]: ✓ Notion CSV written: ./output/transcriptions-notion.csv
2025-10-04 23:48:24 [INFO]: 
============================================================
2025-10-04 23:48:24 [INFO]: ✓ Pipeline completed successfully
2025-10-04 23:48:24 [INFO]:   Total time: 8.83s
2025-10-04 23:48:24 [INFO]: ============================================================
2025-10-04 23:48:24 [INFO]: ✓ Success
2025-10-04 23:48:24 [INFO]: Waiting 12.0s before next video...
2025-10-04 23:48:36 [INFO]: 
[102/104] Processing: https://www.instagram.com/techtiff.ai/reel/DHPjicePJiD/
2025-10-04 23:48:36 [INFO]: ============================================================
2025-10-04 23:48:36 [INFO]: Instagram Video Transcription Pipeline
2025-10-04 23:48:36 [INFO]: ============================================================
2025-10-04 23:48:36 [INFO]: URL: https://www.instagram.com/techtiff.ai/reel/DHPjicePJiD/
2025-10-04 23:48:36 [INFO]: 
[1/5] Downloading Instagram video...
2025-10-04 23:48:37 [INFO]: Downloading Instagram video with yt-dlp: https://www.instagram.com/techtiff.ai/reel/DHPjicePJiD/
2025-10-04 23:48:37 [INFO]: Output: downloads/videos/DHPjicePJiD.mp4
2025-10-04 23:48:38 [INFO]: ✓ Video downloaded successfully with yt-dlp
2025-10-04 23:48:38 [INFO]: ✓ Video downloaded: downloads/videos/DHPjicePJiD.mp4
2025-10-04 23:48:38 [INFO]: 
[2/5] Extracting audio from video...
2025-10-04 23:48:38 [INFO]: Extracting audio from: downloads/videos/DHPjicePJiD.mp4
2025-10-04 23:48:38 [INFO]: Output audio file: downloads/audio/DHPjicePJiD.wav
2025-10-04 23:48:38 [INFO]: Format: wav, Sample rate: 16000Hz, Channels: 1
2025-10-04 23:48:38 [INFO]: Audio extraction completed successfully
2025-10-04 23:48:38 [INFO]: ✓ Audio extracted: downloads/audio/DHPjicePJiD.wav
2025-10-04 23:48:38 [INFO]:   Duration: 6.76s
2025-10-04 23:48:38 [INFO]:   Sample Rate: 16000Hz
2025-10-04 23:48:38 [INFO]:   Channels: 1
2025-10-04 23:48:38 [INFO]: 
[3/5] Transcribing audio...
2025-10-04 23:48:38 [INFO]: Transcription method: auto
2025-10-04 23:48:38 [INFO]: Using Whisper CLI...
2025-10-04 23:48:38 [INFO]: Transcribing with Whisper CLI: downloads/audio/DHPjicePJiD.wav
2025-10-04 23:48:40 [INFO]: Transcription with timestamps completed
2025-10-04 23:48:40 [INFO]: ✓ Transcription completed
2025-10-04 23:48:40 [INFO]:   Text length: 99 characters
2025-10-04 23:48:40 [INFO]:   Segments: 2
2025-10-04 23:48:40 [INFO]: 
[4/5] AI Processing with Ollama...
2025-10-04 23:48:40 [INFO]: Found 3 Ollama models
2025-10-04 23:48:40 [INFO]:   Available models: deepseek-r1:14b, dimavz/whisper-tiny:latest, gemma3:4b
2025-10-04 23:48:40 [INFO]:   Generating summary...
2025-10-04 23:48:40 [INFO]: Generating with Ollama model: gemma3:4b
2025-10-04 23:48:42 [INFO]: Generation completed
2025-10-04 23:48:42 [INFO]: 
--- SUMMARY ---
Please provide the video transcription! I need the text of the video to be able to summarize it for you. 😊 

Once you paste the transcription here, I’ll give you a concise summary of the main points and key takeaways.

2025-10-04 23:48:42 [INFO]:   Extracting key topics...
2025-10-04 23:48:42 [INFO]: Generating with Ollama model: gemma3:4b
2025-10-04 23:48:44 [INFO]: Generation completed
2025-10-04 23:48:44 [INFO]: 
--- KEY TOPICS ---
Please provide the video transcription! I need the text of the transcription to be able to extract the main topics and themes and list them as bullet points. 😊 

Once you paste the transcription here, I’ll be happy to help you.

2025-10-04 23:48:44 [INFO]: 
[5/5] Writing results to CSV...
2025-10-04 23:48:44 [INFO]: Writing Notion-friendly CSV: ./output/transcriptions-notion.csv
2025-10-04 23:48:44 [INFO]: Successfully wrote video to Notion CSV
2025-10-04 23:48:44 [INFO]: ✓ Notion CSV written: ./output/transcriptions-notion.csv
2025-10-04 23:48:44 [INFO]: 
============================================================
2025-10-04 23:48:44 [INFO]: ✓ Pipeline completed successfully
2025-10-04 23:48:44 [INFO]:   Total time: 7.71s
2025-10-04 23:48:44 [INFO]: ============================================================
2025-10-04 23:48:44 [INFO]: ✓ Success
2025-10-04 23:48:44 [INFO]: Waiting 12.0s before next video...
2025-10-04 23:48:56 [INFO]: 
[103/104] Processing: https://www.instagram.com/techtiff.ai/reel/DHNPScAulvF/
2025-10-04 23:48:56 [INFO]: ============================================================
2025-10-04 23:48:56 [INFO]: Instagram Video Transcription Pipeline
2025-10-04 23:48:56 [INFO]: ============================================================
2025-10-04 23:48:56 [INFO]: URL: https://www.instagram.com/techtiff.ai/reel/DHNPScAulvF/
2025-10-04 23:48:56 [INFO]: 
[1/5] Downloading Instagram video...
2025-10-04 23:48:56 [INFO]: Downloading Instagram video with yt-dlp: https://www.instagram.com/techtiff.ai/reel/DHNPScAulvF/
2025-10-04 23:48:56 [INFO]: Output: downloads/videos/DHNPScAulvF.mp4
2025-10-04 23:48:58 [INFO]: ✓ Video downloaded successfully with yt-dlp
2025-10-04 23:48:58 [INFO]: ✓ Video downloaded: downloads/videos/DHNPScAulvF.mp4
2025-10-04 23:48:58 [INFO]: 
[2/5] Extracting audio from video...
2025-10-04 23:48:58 [INFO]: Extracting audio from: downloads/videos/DHNPScAulvF.mp4
2025-10-04 23:48:58 [INFO]: Output audio file: downloads/audio/DHNPScAulvF.wav
2025-10-04 23:48:58 [INFO]: Format: wav, Sample rate: 16000Hz, Channels: 1
2025-10-04 23:48:58 [INFO]: Audio extraction completed successfully
2025-10-04 23:48:58 [INFO]: ✓ Audio extracted: downloads/audio/DHNPScAulvF.wav
2025-10-04 23:48:58 [INFO]:   Duration: 41.17s
2025-10-04 23:48:58 [INFO]:   Sample Rate: 16000Hz
2025-10-04 23:48:58 [INFO]:   Channels: 1
2025-10-04 23:48:58 [INFO]: 
[3/5] Transcribing audio...
2025-10-04 23:48:58 [INFO]: Transcription method: auto
2025-10-04 23:48:58 [INFO]: Using Whisper CLI...
2025-10-04 23:48:58 [INFO]: Transcribing with Whisper CLI: downloads/audio/DHNPScAulvF.wav
2025-10-04 23:49:02 [INFO]: Transcription with timestamps completed
2025-10-04 23:49:02 [INFO]: ✓ Transcription completed
2025-10-04 23:49:02 [INFO]:   Text length: 576 characters
2025-10-04 23:49:02 [INFO]:   Segments: 7
2025-10-04 23:49:02 [INFO]: 
[4/5] AI Processing with Ollama...
2025-10-04 23:49:02 [INFO]: Found 3 Ollama models
2025-10-04 23:49:02 [INFO]:   Available models: deepseek-r1:14b, dimavz/whisper-tiny:latest, gemma3:4b
2025-10-04 23:49:02 [INFO]:   Generating summary...
2025-10-04 23:49:02 [INFO]: Generating with Ollama model: gemma3:4b
2025-10-04 23:49:06 [INFO]: Generation completed
2025-10-04 23:49:06 [INFO]: 
--- SUMMARY ---
Here’s a concise summary of the video transcription:

The speaker describes dramatically reducing their email time from two hours to just 15 minutes thanks to email automation using AI. The key takeaway is that an AI assistant can automatically generate email drafts based on the user’s content, requiring only a quick review and send. The speaker encourages viewers interested in setting up their own AI email assistant to leave a comment for assistance.

2025-10-04 23:49:06 [INFO]:   Extracting key topics...
2025-10-04 23:49:06 [INFO]: Generating with Ollama model: gemma3:4b
2025-10-04 23:49:12 [INFO]: Generation completed
2025-10-04 23:49:12 [INFO]: 
--- KEY TOPICS ---
Here’s a breakdown of the main topics and themes discussed in the video transcription, presented as bullet points:

*   **Email Automation:** The core topic is streamlining email management through automation.
*   **AI Email Assistants:** Specifically, the video focuses on utilizing AI to handle email tasks.
*   **Time Savings:** The speaker highlights the benefit of reducing email response time from 2 hours to 15 minutes.
*   **AI Content Generation:** The AI assistant’s ability to create emails that mimic the speaker's writing style is a key feature.
*   **Workflow Efficiency:** The overall theme is about creating a more efficient and automated workflow for email communication.

Would you like me to elaborate on any of these points or perhaps identify any sub-themes?

2025-10-04 23:49:12 [INFO]: 
[5/5] Writing results to CSV...
2025-10-04 23:49:12 [INFO]: Writing Notion-friendly CSV: ./output/transcriptions-notion.csv
2025-10-04 23:49:12 [INFO]: Successfully wrote video to Notion CSV
2025-10-04 23:49:12 [INFO]: ✓ Notion CSV written: ./output/transcriptions-notion.csv
2025-10-04 23:49:12 [INFO]: 
============================================================
2025-10-04 23:49:12 [INFO]: ✓ Pipeline completed successfully
2025-10-04 23:49:12 [INFO]:   Total time: 16.50s
2025-10-04 23:49:12 [INFO]: ============================================================
2025-10-04 23:49:12 [INFO]: ✓ Success
2025-10-04 23:49:12 [INFO]: Waiting 12.0s before next video...
2025-10-04 23:49:24 [INFO]: 
[104/104] Processing: https://www.instagram.com/techtiff.ai/reel/DHKvSdkuFXk/
2025-10-04 23:49:24 [INFO]: ============================================================
2025-10-04 23:49:24 [INFO]: Instagram Video Transcription Pipeline
2025-10-04 23:49:24 [INFO]: ============================================================
2025-10-04 23:49:24 [INFO]: URL: https://www.instagram.com/techtiff.ai/reel/DHKvSdkuFXk/
2025-10-04 23:49:24 [INFO]: 
[1/5] Downloading Instagram video...
2025-10-04 23:49:25 [INFO]: Downloading Instagram video with yt-dlp: https://www.instagram.com/techtiff.ai/reel/DHKvSdkuFXk/
2025-10-04 23:49:25 [INFO]: Output: downloads/videos/DHKvSdkuFXk.mp4
2025-10-04 23:49:27 [INFO]: ✓ Video downloaded successfully with yt-dlp
2025-10-04 23:49:27 [INFO]: ✓ Video downloaded: downloads/videos/DHKvSdkuFXk.mp4
2025-10-04 23:49:27 [INFO]: 
[2/5] Extracting audio from video...
2025-10-04 23:49:27 [INFO]: Extracting audio from: downloads/videos/DHKvSdkuFXk.mp4
2025-10-04 23:49:27 [INFO]: Output audio file: downloads/audio/DHKvSdkuFXk.wav
2025-10-04 23:49:27 [INFO]: Format: wav, Sample rate: 16000Hz, Channels: 1
2025-10-04 23:49:27 [INFO]: Audio extraction completed successfully
2025-10-04 23:49:27 [INFO]: ✓ Audio extracted: downloads/audio/DHKvSdkuFXk.wav
2025-10-04 23:49:27 [INFO]:   Duration: 45.72s
2025-10-04 23:49:27 [INFO]:   Sample Rate: 16000Hz
2025-10-04 23:49:27 [INFO]:   Channels: 1
2025-10-04 23:49:27 [INFO]: 
[3/5] Transcribing audio...
2025-10-04 23:49:27 [INFO]: Transcription method: auto
2025-10-04 23:49:27 [INFO]: Using Whisper CLI...
2025-10-04 23:49:27 [INFO]: Transcribing with Whisper CLI: downloads/audio/DHKvSdkuFXk.wav
2025-10-04 23:49:30 [INFO]: Transcription with timestamps completed
2025-10-04 23:49:30 [INFO]: ✓ Transcription completed
2025-10-04 23:49:30 [INFO]:   Text length: 692 characters
2025-10-04 23:49:30 [INFO]:   Segments: 12
2025-10-04 23:49:30 [INFO]: 
[4/5] AI Processing with Ollama...
2025-10-04 23:49:30 [INFO]: Found 3 Ollama models
2025-10-04 23:49:30 [INFO]:   Available models: deepseek-r1:14b, dimavz/whisper-tiny:latest, gemma3:4b
2025-10-04 23:49:30 [INFO]:   Generating summary...
2025-10-04 23:49:30 [INFO]: Generating with Ollama model: gemma3:4b
2025-10-04 23:49:35 [INFO]: Generation completed
2025-10-04 23:49:35 [INFO]: 
--- SUMMARY ---
Here’s a concise summary of the video transcription:

To maximize your productivity with ChatGPT, focus on crafting effective prompts. The key elements are: **1) Specificity:** Clearly state your intention and goal. **2) Format:** Define the desired output format (list, paragraph, etc.). **3) Examples:** Provide concrete examples of what you’re looking for. **4) Reiterate:** Don’t be afraid to revise your prompt if the initial results aren’t satisfactory.

2025-10-04 23:49:35 [INFO]:   Extracting key topics...
2025-10-04 23:49:35 [INFO]: Generating with Ollama model: gemma3:4b
2025-10-04 23:49:41 [INFO]: Generation completed
2025-10-04 23:49:41 [INFO]: 
--- KEY TOPICS ---
Here’s a breakdown of the main topics and themes discussed in the video transcription:

*   **Effective Prompting for AI (specifically ChatGPT):** The central theme is learning how to craft prompts to get the best results from AI.
*   **Specificity in Prompts:** The video emphasizes the importance of being clear and specific about your intention and goal when creating a prompt.
*   **Defining Output Format:**  A key element is specifying the desired format of the AI’s response (e.g., list, paragraph, spreadsheet).
*   **Providing Examples:** The video highlights the value of including examples to guide the AI.
*   **Iterative Prompting:** The importance of revising and adjusting prompts based on the results received is also discussed.

Would you like me to elaborate on any of these points?

2025-10-04 23:49:41 [INFO]: 
[5/5] Writing results to CSV...
2025-10-04 23:49:41 [INFO]: Writing Notion-friendly CSV: ./output/transcriptions-notion.csv
2025-10-04 23:49:41 [INFO]: Successfully wrote video to Notion CSV
2025-10-04 23:49:41 [INFO]: ✓ Notion CSV written: ./output/transcriptions-notion.csv
2025-10-04 23:49:41 [INFO]: 
============================================================
2025-10-04 23:49:41 [INFO]: ✓ Pipeline completed successfully
2025-10-04 23:49:41 [INFO]:   Total time: 16.96s
2025-10-04 23:49:41 [INFO]: ============================================================
2025-10-04 23:49:41 [INFO]: ✓ Success
2025-10-04 23:49:41 [INFO]: 
============================================================
2025-10-04 23:49:41 [INFO]: BATCH PROCESSING COMPLETE
2025-10-04 23:49:41 [INFO]: ============================================================
2025-10-04 23:49:41 [INFO]: Total: 104
2025-10-04 23:49:41 [INFO]: Successful: 103
2025-10-04 23:49:41 [INFO]: Failed: 1
2025-10-04 23:49:41 [INFO]: 
Failed URLs:
2025-10-04 23:49:41 [INFO]:   https://www.instagram.com/techtiff.ai/p/DHqw9SipyB2/
2025-10-04 23:49:41 [INFO]:     Error: Failed to download video with yt-dlp: Video file was not created by yt-dlp
2025-10-04 23:49:41 [INFO]: ============================================================
2025-11-08 08:10:51 [INFO]: ============================================================
2025-11-08 08:10:51 [INFO]: Instagram Video Transcription Pipeline
2025-11-08 08:10:51 [INFO]: ============================================================
2025-11-08 08:10:51 [INFO]: URL: https://www.instagram.com/p/DQtCkXNkTGH/
2025-11-08 08:10:51 [INFO]: 
[1/5] Downloading Instagram video...
2025-11-08 08:10:52 [INFO]: Downloading Instagram video with yt-dlp: https://www.instagram.com/p/DQtCkXNkTGH/
2025-11-08 08:10:52 [INFO]: Output: downloads/videos/DQtCkXNkTGH.mp4
2025-11-08 08:10:54 [INFO]: ✓ Video downloaded successfully with yt-dlp
2025-11-08 08:10:54 [INFO]: ✓ Video downloaded: downloads/videos/DQtCkXNkTGH.mp4
2025-11-08 08:10:54 [INFO]: 
[2/5] Extracting audio from video...
2025-11-08 08:10:56 [INFO]: Extracting audio from: downloads/videos/DQtCkXNkTGH.mp4
2025-11-08 08:10:56 [INFO]: Output audio file: downloads/audio/DQtCkXNkTGH.wav
2025-11-08 08:10:56 [INFO]: Format: wav, Sample rate: 16000Hz, Channels: 1
2025-11-08 08:10:56 [INFO]: Audio extraction completed successfully
2025-11-08 08:10:56 [INFO]: ✓ Audio extracted: downloads/audio/DQtCkXNkTGH.wav
2025-11-08 08:10:56 [INFO]:   Duration: 102.89s
2025-11-08 08:10:56 [INFO]:   Sample Rate: 16000Hz
2025-11-08 08:10:56 [INFO]:   Channels: 1
2025-11-08 08:10:56 [INFO]: 
[3/5] Transcribing audio...
2025-11-08 08:10:56 [INFO]: Transcription method: auto
2025-11-08 08:10:56 [INFO]: Using Whisper CLI...
2025-11-08 08:10:56 [INFO]: Transcribing with Whisper CLI: downloads/audio/DQtCkXNkTGH.wav
2025-11-08 08:11:05 [INFO]: Transcription with timestamps completed
2025-11-08 08:11:05 [INFO]: ✓ Transcription completed
2025-11-08 08:11:05 [INFO]:   Text length: 1700 characters
2025-11-08 08:11:05 [INFO]:   Segments: 30
2025-11-08 08:11:05 [INFO]: 
[5/5] Writing results to CSV...
2025-11-08 08:11:05 [INFO]: Writing transcription to CSV: ./output/transcriptions.csv
2025-11-08 08:11:05 [INFO]: Successfully wrote 30 segments to CSV
2025-11-08 08:21:05 [INFO]: ============================================================
2025-11-08 08:21:05 [INFO]: Instagram Video Transcription Pipeline
2025-11-08 08:21:05 [INFO]: ============================================================
2025-11-08 08:21:05 [INFO]: URL: https://www.instagram.com/p/DQtCkXNkTGH/
2025-11-08 08:21:05 [INFO]: 
[1/5] Downloading Instagram video...
2025-11-08 08:21:05 [INFO]: Downloading Instagram video with yt-dlp: https://www.instagram.com/p/DQtCkXNkTGH/
2025-11-08 08:21:05 [INFO]: Output: downloads/videos/DQtCkXNkTGH.mp4
2025-11-08 08:21:07 [INFO]: ✓ Video downloaded successfully with yt-dlp
2025-11-08 08:21:07 [INFO]: ✓ Video downloaded: downloads/videos/DQtCkXNkTGH.mp4
2025-11-08 08:21:07 [INFO]: 
[2/5] Extracting audio from video...
2025-11-08 08:21:07 [INFO]: Extracting audio from: downloads/videos/DQtCkXNkTGH.mp4
2025-11-08 08:21:07 [INFO]: Output audio file: downloads/audio/DQtCkXNkTGH.wav
2025-11-08 08:21:07 [INFO]: Format: wav, Sample rate: 16000Hz, Channels: 1
2025-11-08 08:21:07 [INFO]: Audio extraction completed successfully
2025-11-08 08:21:07 [INFO]: ✓ Audio extracted: downloads/audio/DQtCkXNkTGH.wav
2025-11-08 08:21:07 [INFO]:   Duration: 102.89s
2025-11-08 08:21:07 [INFO]:   Sample Rate: 16000Hz
2025-11-08 08:21:07 [INFO]:   Channels: 1
2025-11-08 08:21:07 [INFO]: 
[3/5] Transcribing audio...
2025-11-08 08:21:07 [INFO]: Transcription method: auto
2025-11-08 08:21:07 [INFO]: Using Whisper CLI...
2025-11-08 08:21:07 [INFO]: Transcribing with Whisper CLI: downloads/audio/DQtCkXNkTGH.wav
2025-11-08 08:21:14 [INFO]: Transcription with timestamps completed
2025-11-08 08:21:14 [INFO]: ✓ Transcription completed
2025-11-08 08:21:14 [INFO]:   Text length: 1700 characters
2025-11-08 08:21:14 [INFO]:   Segments: 30
2025-11-08 08:21:14 [INFO]: 
[5/5] Writing results to CSV...
2025-11-08 08:21:14 [INFO]: Writing transcription to CSV: ./output/transcriptions.csv
2025-11-08 08:21:14 [INFO]: Successfully wrote 30 segments to CSV
2025-11-08 08:36:10 [INFO]: ============================================================
2025-11-08 08:36:10 [INFO]: Instagram Video Transcription Pipeline
2025-11-08 08:36:10 [INFO]: ============================================================
2025-11-08 08:36:10 [INFO]: URL: https://www.instagram.com/p/DQtCkXNkTGH/
2025-11-08 08:36:10 [INFO]: 
[1/5] Downloading Instagram video...
2025-11-08 08:36:11 [INFO]: Downloading Instagram video with yt-dlp: https://www.instagram.com/p/DQtCkXNkTGH/
2025-11-08 08:36:11 [INFO]: Output: downloads/videos/DQtCkXNkTGH.mp4
2025-11-08 08:36:11 [INFO]: ✓ Video downloaded successfully with yt-dlp
2025-11-08 08:36:11 [INFO]: ✓ Video downloaded: downloads/videos/DQtCkXNkTGH.mp4
2025-11-08 08:36:11 [INFO]: 
[2/5] Extracting audio from video...
2025-11-08 08:36:12 [INFO]: Extracting audio from: downloads/videos/DQtCkXNkTGH.mp4
2025-11-08 08:36:12 [INFO]: Output audio file: downloads/audio/DQtCkXNkTGH.wav
2025-11-08 08:36:12 [INFO]: Format: wav, Sample rate: 16000Hz, Channels: 1
2025-11-08 08:36:12 [INFO]: Audio extraction completed successfully
2025-11-08 08:36:12 [INFO]: ✓ Audio extracted: downloads/audio/DQtCkXNkTGH.wav
2025-11-08 08:36:12 [INFO]:   Duration: 102.89s
2025-11-08 08:36:12 [INFO]:   Sample Rate: 16000Hz
2025-11-08 08:36:12 [INFO]:   Channels: 1
2025-11-08 08:36:12 [INFO]: 
[3/5] Transcribing audio...
2025-11-08 08:36:12 [INFO]: Transcription method: auto
2025-11-08 08:36:12 [INFO]: Using Whisper CLI...
2025-11-08 08:36:12 [INFO]: Transcribing with Whisper CLI: downloads/audio/DQtCkXNkTGH.wav
2025-11-08 08:36:18 [INFO]: Transcription with timestamps completed
2025-11-08 08:36:18 [INFO]: ✓ Transcription completed
2025-11-08 08:36:18 [INFO]:   Text length: 1700 characters
2025-11-08 08:36:18 [INFO]:   Segments: 30
2025-11-08 08:36:18 [INFO]: 
[5/5] Writing results to CSV...
2025-11-08 08:36:18 [INFO]: Writing transcription to CSV: ./output/transcriptions.csv
2025-11-08 08:36:18 [INFO]: Successfully wrote 30 segments to CSV
2025-11-08 08:38:23 [INFO]: ============================================================
2025-11-08 08:38:23 [INFO]: Instagram Video Transcription Pipeline
2025-11-08 08:38:23 [INFO]: ============================================================
2025-11-08 08:38:23 [INFO]: URL: https://www.instagram.com/p/DQtCkXNkTGH/
2025-11-08 08:38:23 [INFO]: 
[1/5] Downloading Instagram video...
2025-11-08 08:38:23 [INFO]: Downloading Instagram video with yt-dlp: https://www.instagram.com/p/DQtCkXNkTGH/
2025-11-08 08:38:23 [INFO]: Output: downloads/videos/DQtCkXNkTGH.mp4
2025-11-08 08:38:25 [INFO]: ✓ Video downloaded successfully with yt-dlp
2025-11-08 08:38:25 [INFO]: ✓ Video downloaded: downloads/videos/DQtCkXNkTGH.mp4
2025-11-08 08:38:25 [INFO]: 
[2/5] Extracting audio from video...
2025-11-08 08:38:25 [INFO]: Extracting audio from: downloads/videos/DQtCkXNkTGH.mp4
2025-11-08 08:38:25 [INFO]: Output audio file: downloads/audio/DQtCkXNkTGH.wav
2025-11-08 08:38:25 [INFO]: Format: wav, Sample rate: 16000Hz, Channels: 1
2025-11-08 08:38:25 [INFO]: Audio extraction completed successfully
2025-11-08 08:38:25 [INFO]: ✓ Audio extracted: downloads/audio/DQtCkXNkTGH.wav
2025-11-08 08:38:25 [INFO]:   Duration: 102.89s
2025-11-08 08:38:25 [INFO]:   Sample Rate: 16000Hz
2025-11-08 08:38:25 [INFO]:   Channels: 1
2025-11-08 08:38:25 [INFO]: 
[3/5] Transcribing audio...
2025-11-08 08:38:25 [INFO]: Transcription method: auto
2025-11-08 08:38:25 [INFO]: Using Whisper CLI...
2025-11-08 08:38:25 [INFO]: Transcribing with Whisper CLI: downloads/audio/DQtCkXNkTGH.wav
2025-11-08 08:38:32 [INFO]: Transcription with timestamps completed
2025-11-08 08:38:32 [INFO]: ✓ Transcription completed
2025-11-08 08:38:32 [INFO]:   Text length: 1700 characters
2025-11-08 08:38:32 [INFO]:   Segments: 30
2025-11-08 08:38:32 [INFO]: 
[5/5] Writing results to CSV...
2025-11-08 08:38:32 [INFO]: Writing transcription to CSV: ./output/transcriptions.csv
2025-11-08 08:38:32 [INFO]: Successfully wrote 30 segments to CSV
2025-11-08 08:46:24 [INFO]: Checking system requirements...

2025-11-08 08:46:24 [INFO]: yt-dlp: ✓ Installed
2025-11-08 08:46:24 [INFO]: FFmpeg: ✓ Installed
2025-11-08 08:46:24 [INFO]: Transcribing with Whisper CLI: /dev/null
2025-11-08 08:46:26 [ERROR]: Whisper CLI transcription failed: Whisper did not produce JSON output at /tmp/null.json
2025-11-08 08:46:26 [INFO]: Found Whisper model: dimavz/whisper-tiny:latest
2025-11-08 08:46:26 [INFO]: Apple Speech: ✗ Not available
2025-11-08 08:46:26 [INFO]: Ollama Whisper: ✓ Available
2025-11-08 08:46:26 [INFO]: Found 3 Ollama models
2025-11-08 08:46:55 [INFO]: ============================================================
2025-11-08 08:46:55 [INFO]: Instagram Video Transcription Pipeline
2025-11-08 08:46:55 [INFO]: ============================================================
2025-11-08 08:46:55 [INFO]: URL: https://www.instagram.com/reel/ABC123
2025-11-08 08:46:55 [INFO]: 
[1/5] Downloading Instagram video...
2025-11-08 08:46:56 [INFO]: Downloading Instagram video with yt-dlp: https://www.instagram.com/reel/ABC123
2025-11-08 08:46:56 [INFO]: Output: downloads/videos/ABC123.mp4
2025-11-08 08:46:56 [ERROR]: yt-dlp download failed: Command failed: yt-dlp "https://www.instagram.com/reel/ABC123" -o "downloads/videos/ABC123.mp4" --quiet --no-warnings --format best
ERROR: [Instagram] ABC123: Instagram sent an empty media response. Check if this post is accessible in your browser without being logged-in. If it is not, then use --cookies-from-browser or --cookies for the authentication. See  https://github.com/yt-dlp/yt-dlp/wiki/FAQ#how-do-i-pass-cookies-to-yt-dlp  for how to manually pass cookies. Otherwise, if the post is accessible in browser without being logged-in, please report this issue on  https://github.com/yt-dlp/yt-dlp/issues?q= , filling out the appropriate issue template. Confirm you are on the latest version using  yt-dlp -U

2025-11-08 08:47:38 [INFO]: ============================================================
2025-11-08 08:47:38 [INFO]: Instagram Video Transcription Pipeline
2025-11-08 08:47:38 [INFO]: ============================================================
2025-11-08 08:47:38 [INFO]: URL: https://www.instagram.com/p/DQtCkXNkTGH/
2025-11-08 08:47:38 [INFO]: 
[1/5] Downloading Instagram video...
2025-11-08 08:47:38 [INFO]: Downloading Instagram video with yt-dlp: https://www.instagram.com/p/DQtCkXNkTGH/
2025-11-08 08:47:38 [INFO]: Output: downloads/videos/DQtCkXNkTGH.mp4
2025-11-08 08:47:39 [INFO]: ✓ Video downloaded successfully with yt-dlp
2025-11-08 08:47:39 [INFO]: ✓ Video downloaded: downloads/videos/DQtCkXNkTGH.mp4
2025-11-08 08:47:39 [INFO]: 
[2/5] Extracting audio from video...
2025-11-08 08:47:39 [INFO]: Extracting audio from: downloads/videos/DQtCkXNkTGH.mp4
2025-11-08 08:47:39 [INFO]: Output audio file: downloads/audio/DQtCkXNkTGH.wav
2025-11-08 08:47:39 [INFO]: Format: wav, Sample rate: 16000Hz, Channels: 1
2025-11-08 08:47:39 [INFO]: Audio extraction completed successfully
2025-11-08 08:47:39 [INFO]: ✓ Audio extracted: downloads/audio/DQtCkXNkTGH.wav
2025-11-08 08:47:39 [INFO]:   Duration: 102.89s
2025-11-08 08:47:39 [INFO]:   Sample Rate: 16000Hz
2025-11-08 08:47:39 [INFO]:   Channels: 1
2025-11-08 08:47:39 [INFO]: 
[3/5] Transcribing audio...
2025-11-08 08:47:39 [INFO]: Transcription method: auto
2025-11-08 08:47:39 [INFO]: Using Whisper CLI...
2025-11-08 08:47:39 [INFO]: Transcribing with Whisper CLI: downloads/audio/DQtCkXNkTGH.wav
2025-11-08 08:47:46 [INFO]: Transcription with timestamps completed
2025-11-08 08:47:46 [INFO]: ✓ Transcription completed
2025-11-08 08:47:46 [INFO]:   Text length: 1700 characters
2025-11-08 08:47:46 [INFO]:   Segments: 30
2025-11-08 08:47:46 [INFO]: 
[4/5] AI Processing with Ollama...
2025-11-08 08:47:46 [INFO]: Found 3 Ollama models
2025-11-08 08:47:46 [INFO]:   Available models: deepseek-r1:14b, dimavz/whisper-tiny:latest, gemma3:4b
2025-11-08 08:47:46 [INFO]:   Generating summary...
2025-11-08 08:47:46 [INFO]: Generating with Ollama model: llama3
2025-11-08 08:47:46 [ERROR]: Ollama generation failed: Request failed with status code 404
2025-11-08 08:47:46 [WARN]: AI processing failed: Generation failed: Request failed with status code 404
2025-11-08 08:47:46 [INFO]: 
[5/5] Writing results to CSV...
2025-11-08 08:47:46 [INFO]: Writing transcription to CSV: ./output/transcriptions.csv
2025-11-08 08:47:46 [INFO]: Successfully wrote 30 segments to CSV
2025-11-08 08:50:34 [INFO]: ============================================================
2025-11-08 08:50:34 [INFO]: Instagram Video Transcription Pipeline
2025-11-08 08:50:34 [INFO]: ============================================================
2025-11-08 08:50:34 [INFO]: URL: https://www.instagram.com/p/DQtCkXNkTGH/
2025-11-08 08:50:34 [INFO]: 
[1/5] Downloading Instagram video...
2025-11-08 08:50:35 [INFO]: Downloading Instagram video with yt-dlp: https://www.instagram.com/p/DQtCkXNkTGH/
2025-11-08 08:50:35 [INFO]: Output: downloads/videos/DQtCkXNkTGH.mp4
2025-11-08 08:50:36 [INFO]: ✓ Video downloaded successfully with yt-dlp
2025-11-08 08:50:36 [INFO]: ✓ Video downloaded: downloads/videos/DQtCkXNkTGH.mp4
2025-11-08 08:50:36 [INFO]: 
[2/5] Extracting audio from video...
2025-11-08 08:50:36 [INFO]: Extracting audio from: downloads/videos/DQtCkXNkTGH.mp4
2025-11-08 08:50:36 [INFO]: Output audio file: downloads/audio/DQtCkXNkTGH.wav
2025-11-08 08:50:36 [INFO]: Format: wav, Sample rate: 16000Hz, Channels: 1
2025-11-08 08:50:36 [INFO]: Audio extraction completed successfully
2025-11-08 08:50:36 [INFO]: ✓ Audio extracted: downloads/audio/DQtCkXNkTGH.wav
2025-11-08 08:50:36 [INFO]:   Duration: 102.89s
2025-11-08 08:50:36 [INFO]:   Sample Rate: 16000Hz
2025-11-08 08:50:36 [INFO]:   Channels: 1
2025-11-08 08:50:36 [INFO]: 
[3/5] Transcribing audio...
2025-11-08 08:50:36 [INFO]: Transcription method: auto
2025-11-08 08:50:36 [INFO]: Using Whisper CLI...
2025-11-08 08:50:36 [INFO]: Transcribing with Whisper CLI: downloads/audio/DQtCkXNkTGH.wav
2025-11-08 08:50:43 [INFO]: Transcription with timestamps completed
2025-11-08 08:50:43 [INFO]: ✓ Transcription completed
2025-11-08 08:50:43 [INFO]:   Text length: 1700 characters
2025-11-08 08:50:43 [INFO]:   Segments: 30
2025-11-08 08:50:43 [INFO]: 
[4/5] AI Processing with Ollama...
2025-11-08 08:50:43 [INFO]: Found 3 Ollama models
2025-11-08 08:50:43 [INFO]:   Available models: deepseek-r1:14b, dimavz/whisper-tiny:latest, gemma3:4b
2025-11-08 08:50:43 [INFO]:   Generating summary...
2025-11-08 08:50:43 [INFO]: Generating with Ollama model: gemma3:4b
2025-11-08 08:50:56 [INFO]: Generation completed
2025-11-08 08:50:56 [INFO]: 
--- SUMMARY ---
Here’s a concise summary of the video transcription:

If you’re starting to learn coding with AI, focus on these five key steps:

1.  **Conversational Approach:** Don’t “prompt” – have structured conversations with the AI, treating it like a teammate.
2.  **Dedicated Folders:** Organize your projects in separate folders, avoiding clutter in your main computer directory.
3.  **Utilize Cloud Code:** Learn to effectively communicate with Cloud Code for task management and analysis.
4.  **Master Terminal Commands:**  Learn basic terminal commands alongside Cloud Code for efficient file management.
5.  **Use GitHub:** Store your projects on GitHub for easy collaboration and integration.

The video emphasizes that AI accelerates learning, but doesn’t replace the need for genuine understanding.

2025-11-08 08:50:56 [INFO]: 
[5/5] Writing results to CSV...
2025-11-08 08:50:56 [INFO]: Writing transcription to CSV: ./output/transcriptions.csv
2025-11-08 08:50:56 [INFO]: Successfully wrote 30 segments to CSV
2025-11-08 08:59:35 [INFO]: ============================================================
2025-11-08 08:59:35 [INFO]: Instagram Video Transcription Pipeline
2025-11-08 08:59:35 [INFO]: ============================================================
2025-11-08 08:59:35 [INFO]: URL: https://www.instagram.com/p/DQtCkXNkTGH/
2025-11-08 08:59:35 [INFO]: 
[1/5] Downloading Instagram video...
2025-11-08 08:59:35 [INFO]: Downloading Instagram video with yt-dlp: https://www.instagram.com/p/DQtCkXNkTGH/
2025-11-08 08:59:35 [INFO]: Output: downloads/videos/DQtCkXNkTGH.mp4
2025-11-08 08:59:36 [INFO]: ✓ Video downloaded successfully with yt-dlp
2025-11-08 08:59:36 [INFO]: ✓ Video downloaded: downloads/videos/DQtCkXNkTGH.mp4
2025-11-08 08:59:36 [INFO]: 
[2/5] Extracting audio from video...
2025-11-08 08:59:36 [INFO]: Extracting audio from: downloads/videos/DQtCkXNkTGH.mp4
2025-11-08 08:59:36 [INFO]: Output audio file: downloads/audio/DQtCkXNkTGH.wav
2025-11-08 08:59:36 [INFO]: Format: wav, Sample rate: 16000Hz, Channels: 1
2025-11-08 08:59:37 [INFO]: Audio extraction completed successfully
2025-11-08 08:59:37 [INFO]: ✓ Audio extracted: downloads/audio/DQtCkXNkTGH.wav
2025-11-08 08:59:37 [INFO]:   Duration: 102.89s
2025-11-08 08:59:37 [INFO]:   Sample Rate: 16000Hz
2025-11-08 08:59:37 [INFO]:   Channels: 1
2025-11-08 08:59:37 [INFO]: 
[3/5] Transcribing audio...
2025-11-08 08:59:37 [INFO]: Transcription method: auto
2025-11-08 08:59:37 [INFO]: Using Whisper CLI...
2025-11-08 08:59:37 [INFO]: Transcribing with Whisper CLI: downloads/audio/DQtCkXNkTGH.wav
2025-11-08 08:59:44 [INFO]: Transcription with timestamps completed
2025-11-08 08:59:44 [INFO]: ✓ Transcription completed
2025-11-08 08:59:44 [INFO]:   Text length: 1700 characters
2025-11-08 08:59:44 [INFO]:   Segments: 30
2025-11-08 08:59:44 [INFO]: 
[4/5] AI Processing with Ollama...
2025-11-08 08:59:44 [INFO]: Found 3 Ollama models
2025-11-08 08:59:44 [INFO]:   Available models: deepseek-r1:14b, dimavz/whisper-tiny:latest, gemma3:4b
2025-11-08 08:59:44 [INFO]:   Generating summary...
2025-11-08 08:59:44 [INFO]: Generating with Ollama model: gemma3:4b
2025-11-08 08:59:55 [INFO]: Generation completed
2025-11-08 08:59:55 [INFO]: 
--- SUMMARY ---
Here’s a concise summary of the video’s key takeaways:

If you’re starting to learn coding with AI, focus on these five steps:

1.  **Conversational Approach:** Treat AI like a teammate, focusing on having clear, structured conversations rather than just prompting.
2.  **Dedicated Folders:** Organize your projects in separate folders to avoid chaos.
3.  **Terminal Skills:** Learn basic terminal commands alongside AI interaction.
4.  **GitHub Account:** Use GitHub for file storage and connectivity.
5.  **AI as a Tool:** Remember that AI accelerates learning, but doesn’t replace the need to learn and understand the fundamentals.

---

Would you like me to elaborate on any of these points, or perhaps create a different type of summary (e.g., bullet points only)?

2025-11-08 08:59:55 [INFO]: Writing AI summary to markdown: output/transcriptions-summary_2025-11-08.md
2025-11-08 08:59:55 [INFO]: Successfully wrote AI summary to markdown
2025-11-08 08:59:55 [INFO]: ✓ AI summary written: output/transcriptions-summary_2025-11-08.md
2025-11-08 08:59:55 [INFO]: 
[5/5] Writing results to CSV...
2025-11-08 08:59:55 [INFO]: Writing transcription to CSV: output/transcriptions_2025-11-08.csv
2025-11-08 08:59:55 [INFO]: Successfully wrote 30 segments to CSV
